date,instrument,trendClose,trendEma20,trendEma50,trendRegime,dayRange,atr20,rangeAtrRatio,rangeRegime
2008-01-02,ES,1459.25,,,unknown,33.75,,,unknown
2008-01-03,ES,1458.25,,,unknown,13.75,,,unknown
2008-01-04,ES,1422.50,,,unknown,45.75,,,unknown
2008-01-07,ES,1421.75,,,unknown,22.25,,,unknown
2008-01-08,ES,1396.75,,,unknown,44.75,,,unknown
2008-01-09,ES,1414.50,,,unknown,31.50,,,unknown
2008-01-10,ES,1419.25,,,unknown,34.75,,,unknown
2008-01-11,ES,1408.50,,,unknown,23.50,,,unknown
2008-01-14,ES,1420.75,,,unknown,24.75,,,unknown
2008-01-15,ES,1373.75,,,unknown,49.00,,,unknown
2008-01-16,ES,1378.50,,,unknown,29.00,,,unknown
2008-01-17,ES,1342.50,,,unknown,55.25,,,unknown
2008-01-18,ES,1325.25,,,unknown,44.75,,,unknown
2008-01-21,ES,1265.50,,,unknown,75.25,,,unknown
2008-01-22,ES,1301.50,,,unknown,69.50,,,unknown
2008-01-23,ES,1343.25,,,unknown,90.00,,,unknown
2008-01-24,ES,1360.25,,,unknown,27.25,,,unknown
2008-01-25,ES,1333.75,,,unknown,42.50,,,unknown
2008-01-28,ES,1352.75,,,unknown,48.00,,,unknown
2008-01-29,ES,1361.25,1377.987500,,unknown,16.75,41.100000,0.407543,small_range
2008-01-30,ES,1346.25,1374.964881,,unknown,43.25,41.575000,1.040289,normal_range
2008-01-31,ES,1374.25,1374.896797,,unknown,55.75,43.675000,1.276474,large_range
2008-02-01,ES,1397.00,1377.001864,,unknown,26.50,42.712500,0.620427,small_range
2008-02-04,ES,1377.75,1377.073115,,unknown,23.00,42.750000,0.538012,small_range
2008-02-05,ES,1343.25,1373.851866,,unknown,43.75,42.700000,1.024590,normal_range
2008-02-06,ES,1325.75,1369.270736,,unknown,28.50,42.550000,0.669800,small_range
2008-02-07,ES,1339.50,1366.435428,,unknown,35.75,42.600000,0.839202,normal_range
2008-02-08,ES,1330.75,1363.036816,,unknown,22.75,42.562500,0.534508,small_range
2008-02-11,ES,1336.50,1360.509500,,unknown,22.25,42.437500,0.524300,small_range
2008-02-12,ES,1350.75,1359.580024,,unknown,30.75,41.525000,0.740518,small_range
2008-02-13,ES,1365.00,1360.096212,,unknown,27.00,41.425000,0.651780,small_range
2008-02-14,ES,1350.00,1359.134668,,unknown,24.25,39.875000,0.608150,small_range
2008-02-15,ES,1351.25,1358.383747,,unknown,20.25,38.650000,0.523933,small_range
2008-02-18,ES,1368.00,1359.299581,,unknown,22.00,35.987500,0.611323,small_range
2008-02-19,ES,1353.25,1358.723430,,unknown,24.50,33.737500,0.726195,small_range
2008-02-20,ES,1358.50,1358.702151,,unknown,32.00,30.837500,1.037698,normal_range
2008-02-21,ES,1345.00,1357.397184,,unknown,30.00,30.975000,0.968523,normal_range
2008-02-22,ES,1355.75,1357.240310,,unknown,30.50,30.375000,1.004115,normal_range
2008-02-25,ES,1371.50,1358.598375,,unknown,29.25,29.437500,0.993631,normal_range
2008-02-26,ES,1382.25,1360.850911,,unknown,24.75,29.837500,0.829493,normal_range
2008-02-27,ES,1381.00,1362.769872,,unknown,19.00,28.625000,0.663755,small_range
2008-02-28,ES,1364.00,1362.887027,,unknown,18.25,26.750000,0.682243,small_range
2008-02-29,ES,1335.25,1360.254929,,unknown,39.50,27.400000,1.441606,large_range
2008-03-03,ES,1333.75,1357.730650,,unknown,15.75,27.037500,0.582524,small_range
2008-03-04,ES,1330.50,1355.137255,,unknown,29.00,26.300000,1.102662,normal_range
2008-03-05,ES,1335.75,1353.290850,,unknown,24.75,26.112500,0.947822,normal_range
2008-03-06,ES,1309.50,1349.120293,,unknown,40.75,26.362500,1.545756,large_range
2008-03-07,ES,1292.75,1343.751693,,unknown,36.00,27.025000,1.332100,large_range
2008-03-10,ES,1274.00,1337.108675,,unknown,27.25,27.275000,0.999083,normal_range
2008-03-11,ES,1324.50,1335.907849,1359.260000,bear_trend,51.25,28.300000,1.810954,large_range
2008-03-12,ES,1310.00,1333.440435,1357.328235,bear_trend,26.25,28.262500,0.928793,normal_range
2008-03-13,ES,1312.25,1331.422298,1355.560461,bear_trend,40.50,29.075000,1.392949,large_range
2008-03-14,ES,1292.50,1327.715412,1353.087502,bear_trend,60.50,31.087500,1.946120,large_range
2008-03-17,ES,1279.25,1323.099659,1350.191914,bear_trend,61.00,33.037500,1.846387,large_range
2008-03-18,ES,1333.25,1324.066358,1349.527525,range,55.25,34.575000,1.597975,large_range
2008-03-19,ES,1298.75,1321.655276,1347.536250,bear_trend,47.00,35.325000,1.330502,large_range
2008-03-20,ES,1325.00,1321.973821,1346.652475,range,46.00,36.125000,1.273356,large_range
2008-03-24,ES,1351.00,1324.738219,1346.822966,range,36.25,36.425000,0.995196,normal_range
2008-03-25,ES,1350.75,1327.215532,1346.976968,range,17.50,35.837500,0.488315,small_range
2008-03-26,ES,1336.00,1328.052148,1346.546498,range,16.75,35.437500,0.472663,small_range
2008-03-27,ES,1331.75,1328.404324,1345.966243,range,21.50,35.562500,0.604569,small_range
2008-03-28,ES,1318.50,1327.461055,1344.889136,bear_trend,26.75,35.987500,0.743314,small_range
2008-03-31,ES,1322.75,1327.012383,1344.020934,bear_trend,21.00,35.062500,0.598930,small_range
2008-04-01,ES,1370.50,1331.154061,1345.059329,range,56.75,37.112500,1.529134,large_range
2008-04-02,ES,1367.75,1334.639389,1345.949159,range,17.00,36.512500,0.465594,small_range
2008-04-03,ES,1373.00,1338.292780,1347.009977,range,18.25,36.187500,0.504318,small_range
2008-04-04,ES,1372.00,1341.502992,1347.989978,range,23.75,35.337500,0.672091,small_range
2008-04-07,ES,1368.75,1344.097945,1348.804096,range,22.00,34.637500,0.635150,small_range
2008-04-08,ES,1370.50,1346.612426,1349.654916,range,10.00,33.775000,0.296077,small_range
2008-04-09,ES,1359.50,1347.839814,1350.040998,range,26.25,32.525000,0.807071,normal_range
2008-04-10,ES,1364.00,1349.378880,1350.588409,range,18.00,32.112500,0.560529,small_range
2008-04-11,ES,1335.50,1348.057081,1349.996707,bear_trend,37.25,31.950000,1.165884,normal_range
2008-04-14,ES,1331.50,1346.480217,1349.271346,bear_trend,11.50,29.500000,0.389831,small_range
2008-04-15,ES,1342.00,1346.053529,1348.986195,bear_trend,19.50,27.425000,0.711030,small_range
2008-04-16,ES,1370.50,1348.381765,1349.829874,range,35.00,26.412500,1.325130,large_range
2008-04-17,ES,1374.25,1350.845406,1350.787526,bull_trend,17.75,24.950000,0.711423,small_range
2008-04-18,ES,1387.25,1354.312510,1352.217427,bull_trend,28.25,24.062500,1.174026,normal_range
2008-04-21,ES,1386.50,1357.377985,1353.561841,bull_trend,13.25,22.900000,0.578603,small_range
2008-04-22,ES,1381.75,1359.699130,1354.667259,bull_trend,19.50,23.000000,0.847826,normal_range
2008-04-23,ES,1374.25,1361.084927,1355.435210,bull_trend,17.00,23.012500,0.738729,small_range
2008-04-24,ES,1383.50,1363.219696,1356.535790,bull_trend,31.25,23.500000,1.329787,large_range
2008-04-25,ES,1397.50,1366.484487,1358.142230,bull_trend,20.25,23.175000,0.873786,normal_range
2008-04-28,ES,1398.00,1369.485964,1359.705279,bull_trend,11.25,22.687500,0.495868,small_range
2008-04-29,ES,1389.75,1371.415872,1360.883504,bull_trend,12.00,20.450000,0.586797,small_range
2008-04-30,ES,1384.25,1372.638170,1361.799837,bull_trend,24.75,20.837500,1.187762,normal_range
2008-05-01,ES,1411.25,1376.315487,1363.739059,bull_trend,29.25,21.387500,1.367621,large_range
2008-05-02,ES,1416.25,1380.118774,1365.798312,bull_trend,21.00,21.250000,0.988235,normal_range
2008-05-05,ES,1408.75,1382.845558,1367.482692,bull_trend,16.50,20.975000,0.786651,small_range
2008-05-06,ES,1421.50,1386.526933,1369.601017,bull_trend,25.75,21.762500,1.183228,normal_range
2008-05-07,ES,1395.25,1387.357701,1370.606860,bull_trend,33.50,22.125000,1.514124,large_range
2008-05-08,ES,1389.75,1387.585539,1371.357571,bull_trend,13.75,21.912500,0.627496,small_range
2008-05-09,ES,1389.00,1387.720250,1372.049431,bull_trend,11.50,20.625000,0.557576,small_range
2008-05-12,ES,1404.50,1389.318321,1373.322002,bull_trend,18.75,20.987500,0.893389,normal_range
2008-05-13,ES,1403.00,1390.621338,1374.485846,bull_trend,14.25,20.725000,0.687575,small_range
2008-05-14,ES,1406.75,1392.157401,1375.751106,bull_trend,22.75,20.112500,1.131137,normal_range
2008-05-15,ES,1423.25,1395.118601,1377.613808,bull_trend,19.25,20.187500,0.953560,normal_range
2008-05-16,ES,1425.75,1398.035877,1379.501502,bull_trend,14.75,19.512500,0.755926,small_range
2008-05-19,ES,1428.50,1400.937222,1381.423012,bull_trend,19.25,19.812500,0.971609,normal_range
2008-05-20,ES,1416.25,1402.395582,1382.788776,bull_trend,20.25,19.850000,1.020151,normal_range
2008-05-21,ES,1392.50,1401.453146,1383.169608,range,33.00,20.650000,1.598063,large_range
2008-05-22,ES,1392.75,1400.624275,1383.545310,range,9.50,19.562500,0.485623,small_range
2008-05-23,ES,1374.00,1398.088629,1383.170984,range,22.25,19.662500,1.131596,normal_range
2008-05-26,ES,1374.75,1395.865903,1382.840749,range,5.00,19.350000,0.258398,small_range
2008-05-27,ES,1385.00,1394.831055,1382.925426,range,17.25,19.612500,0.879541,normal_range
2008-05-28,ES,1390.00,1394.370954,1383.202860,range,15.50,19.150000,0.809399,normal_range
2008-05-29,ES,1398.75,1394.788006,1383.812552,bull_trend,20.25,18.700000,1.082888,normal_range
2008-05-30,ES,1400.75,1395.355815,1384.476766,bull_trend,10.00,18.150000,0.550964,small_range
2008-06-02,ES,1385.50,1394.417166,1384.516892,range,23.50,18.500000,1.270270,large_range
2008-06-03,ES,1377.50,1392.806008,1384.241720,range,24.25,18.425000,1.316147,large_range
2008-06-04,ES,1377.00,1391.300674,1383.957731,range,17.50,17.625000,0.992908,normal_range
2008-06-05,ES,1405.00,1392.605371,1384.782918,bull_trend,30.00,18.437500,1.627119,large_range
2008-06-06,ES,1359.25,1389.428669,1383.781627,range,52.50,20.487500,2.562538,large_range
2008-06-09,ES,1362.75,1386.887844,1382.956858,range,21.00,20.600000,1.019417,normal_range
2008-06-10,ES,1355.25,1383.874716,1381.870314,range,20.00,20.887500,0.957510,normal_range
2008-06-11,ES,1336.50,1379.362838,1380.091086,bear_trend,28.50,21.175000,1.345927,large_range
2008-06-12,ES,1341.75,1375.780663,1378.587514,bear_trend,22.50,21.337500,1.054482,normal_range
2008-06-13,ES,1356.50,1373.944409,1377.721337,bear_trend,24.50,21.825000,1.122566,normal_range
2008-06-16,ES,1359.25,1372.544942,1376.996971,bear_trend,16.00,21.662500,0.738604,small_range
2008-06-17,ES,1353.50,1370.731138,1376.075521,bear_trend,20.75,21.687500,0.956772,normal_range
2008-06-18,ES,1338.00,1367.613887,1374.582363,bear_trend,21.00,21.087500,0.995851,normal_range
2008-06-19,ES,1342.50,1365.222088,1373.324231,bear_trend,17.50,21.487500,0.814427,normal_range
2008-06-20,ES,1318.50,1360.772365,1371.174262,bear_trend,28.00,21.775000,1.285878,large_range
2008-06-23,ES,1317.00,1356.603569,1369.049781,bear_trend,13.25,22.187500,0.597183,small_range
2008-06-24,ES,1316.00,1352.736562,1366.969397,bear_trend,22.75,22.462500,1.012799,normal_range
2008-06-25,ES,1319.50,1349.571175,1365.107852,bear_trend,23.00,22.837500,1.007115,normal_range
2008-06-26,ES,1284.75,1343.397730,1361.956564,bear_trend,37.50,23.700000,1.582278,large_range
2008-06-27,ES,1280.25,1337.383660,1358.752385,bear_trend,19.00,24.150000,0.786749,small_range
2008-06-30,ES,1284.50,1332.347121,1355.840527,bear_trend,16.75,23.812500,0.703412,small_range
2008-07-01,ES,1286.75,1328.004538,1353.131094,bear_trend,26.00,23.900000,1.087866,normal_range
2008-07-02,ES,1263.50,1321.861249,1349.616149,bear_trend,33.75,24.712500,1.365706,large_range
2008-07-03,ES,1264.00,1316.350654,1346.258653,bear_trend,22.00,24.312500,0.904884,normal_range
2008-07-04,ES,1256.75,1310.674401,1342.748510,bear_trend,12.75,22.325000,0.571109,small_range
2008-07-07,ES,1252.50,1305.133982,1339.209353,bear_trend,34.25,22.987500,1.489940,large_range
2008-07-08,ES,1274.50,1302.216460,1336.671731,bear_trend,39.75,23.975000,1.657977,large_range
2008-07-09,ES,1245.75,1296.838702,1333.106173,bear_trend,34.00,24.250000,1.402062,large_range
2008-07-10,ES,1257.25,1293.068349,1330.131421,bear_trend,22.25,24.237500,0.917999,normal_range
2008-07-11,ES,1239.75,1287.990411,1326.587052,bear_trend,36.25,24.825000,1.460222,large_range
2008-07-14,ES,1228.75,1282.348467,1322.750305,bear_trend,35.75,25.812500,1.384988,large_range
2008-07-15,ES,1213.75,1275.815280,1318.475783,bear_trend,35.00,26.525000,1.319510,large_range
2008-07-16,ES,1241.00,1272.499539,1315.437517,bear_trend,43.75,27.662500,1.581563,large_range
2008-07-17,ES,1247.75,1270.142440,1312.783104,bear_trend,25.00,28.037500,0.891663,normal_range
2008-07-18,ES,1260.50,1269.224112,1310.732787,bear_trend,22.00,27.737500,0.793150,small_range
2008-07-21,ES,1250.00,1267.393245,1308.351109,bear_trend,19.25,28.037500,0.686580,small_range
2008-07-22,ES,1274.00,1268.022459,1307.004006,range,30.75,28.437500,1.081319,normal_range
2008-07-23,ES,1280.75,1269.234606,1305.974438,range,18.00,28.187500,0.638581,small_range
2008-07-24,ES,1253.50,1267.736072,1303.916616,bear_trend,34.00,28.012500,1.213744,large_range
2008-07-25,ES,1253.75,1266.404065,1301.949298,bear_trend,13.50,27.737500,0.486706,small_range
2008-07-28,ES,1234.50,1263.365583,1299.304228,bear_trend,27.00,28.250000,0.955752,normal_range
2008-07-29,ES,1261.75,1263.211718,1297.831513,bear_trend,31.75,28.537500,1.112571,normal_range
2008-07-30,ES,1285.25,1265.310602,1297.338120,range,26.00,28.150000,0.923623,normal_range
2008-07-31,ES,1267.25,1265.495306,1296.158194,range,25.00,28.300000,0.883392,normal_range
2008-08-01,ES,1259.50,1264.924325,1294.720618,bear_trend,22.00,28.762500,0.764885,small_range
2008-08-04,ES,1249.50,1263.455342,1292.947260,bear_trend,17.00,27.900000,0.609319,small_range
2008-08-05,ES,1283.25,1265.340547,1292.566975,range,37.25,27.775000,1.341134,large_range
2008-08-06,ES,1287.50,1267.450971,1292.368270,range,16.50,26.900000,0.613383,small_range
2008-08-07,ES,1268.75,1267.574688,1291.442064,range,25.50,27.062500,0.942263,normal_range
2008-08-08,ES,1292.50,1269.948527,1291.483551,range,36.00,27.050000,1.330869,large_range
2008-08-11,ES,1304.25,1273.215334,1291.984197,range,25.50,26.537500,0.960904,normal_range
2008-08-12,ES,1292.50,1275.051969,1292.004424,range,22.50,25.912500,0.868307,normal_range
2008-08-13,ES,1284.75,1275.975591,1291.719937,range,20.00,24.725000,0.808898,normal_range
2008-08-14,ES,1295.25,1277.811249,1291.858371,range,25.50,24.750000,1.030303,normal_range
2008-08-15,ES,1299.75,1279.900654,1292.167846,range,12.00,24.250000,0.494845,small_range
2008-08-18,ES,1282.25,1280.124401,1291.778911,range,32.00,24.887500,1.285786,large_range
2008-08-19,ES,1267.50,1278.922077,1290.826797,bear_trend,20.25,24.362500,0.831195,normal_range
2008-08-20,ES,1274.00,1278.453308,1290.166923,bear_trend,16.25,24.275000,0.669413,small_range
2008-08-21,ES,1275.50,1278.172041,1289.591749,bear_trend,18.50,23.500000,0.787234,small_range
2008-08-22,ES,1292.25,1279.512799,1289.695994,range,22.50,23.950000,0.939457,normal_range
2008-08-25,ES,1267.00,1278.321104,1288.805955,bear_trend,28.00,24.000000,1.166667,normal_range
2008-08-26,ES,1271.50,1277.671475,1288.127290,bear_trend,13.25,23.075000,0.574215,small_range
2008-08-27,ES,1281.00,1277.988477,1287.847789,range,19.75,22.762500,0.867655,normal_range
2008-08-28,ES,1297.75,1279.870527,1288.236111,range,24.50,22.737500,1.077515,normal_range
2008-08-29,ES,1283.50,1280.216191,1288.050381,range,16.50,22.462500,0.734558,small_range
2008-09-01,ES,1282.75,1280.457506,1287.842523,range,8.25,22.025000,0.374574,small_range
2008-09-02,ES,1276.50,1280.080601,1287.397718,bear_trend,32.00,21.762500,1.470419,large_range
2008-09-03,ES,1275.50,1279.644353,1286.931141,bear_trend,15.75,21.725000,0.724971,small_range
2008-09-04,ES,1237.25,1275.606796,1284.982861,bear_trend,42.00,22.550000,1.862528,large_range
2008-09-05,ES,1240.25,1272.239482,1283.228631,bear_trend,28.75,22.187500,1.295775,large_range
2008-09-08,ES,1265.75,1271.621436,1282.543195,bear_trend,35.25,23.000000,1.532609,large_range
2008-09-09,ES,1225.25,1267.205109,1280.296403,bear_trend,51.50,24.450000,2.106339,large_range
2008-09-10,ES,1234.00,1264.042717,1278.480857,bear_trend,24.50,24.675000,0.992908,normal_range
2008-09-11,ES,1253.25,1263.014840,1277.491412,bear_trend,42.50,25.525000,1.665034,large_range
2008-09-12,ES,1257.50,1262.489617,1276.707435,bear_trend,24.25,26.137500,0.927786,normal_range
2008-09-15,ES,1196.25,1256.181082,1273.552242,bear_trend,44.75,27.687500,1.616253,large_range
2008-09-16,ES,1199.50,1250.782884,1270.648232,bear_trend,58.00,29.575000,1.961116,large_range
2008-09-17,ES,1165.25,1242.636895,1266.514968,bear_trend,72.50,32.387500,2.238518,large_range
2008-09-18,ES,1203.50,1238.909571,1264.043793,bear_trend,82.50,35.587500,2.318230,large_range
2008-09-19,ES,1246.75,1239.656279,1263.365605,range,87.00,38.850000,2.239382,large_range
2008-09-22,ES,1215.25,1237.331871,1261.478718,bear_trend,45.00,39.700000,1.133501,normal_range
2008-09-23,ES,1190.00,1232.824074,1258.675631,bear_trend,37.25,40.900000,0.910758,normal_range
2008-09-24,ES,1193.25,1229.055115,1256.109920,bear_trend,30.00,41.412500,0.724419,small_range
2008-09-25,ES,1211.75,1227.407008,1254.370316,bear_trend,38.75,42.125000,0.919881,normal_range
2008-09-26,ES,1214.75,1226.201579,1252.816578,bear_trend,36.25,43.112500,0.840823,normal_range
2008-09-29,ES,1115.75,1215.682381,1247.441418,bear_trend,109.25,48.162500,2.268362,large_range
2008-09-30,ES,1165.00,1210.855488,1244.208421,bear_trend,61.00,49.612500,1.229529,large_range
2008-10-01,ES,1167.75,1206.750203,1241.210052,bear_trend,29.25,50.287500,0.581655,small_range
2008-10-02,ES,1124.50,1198.916850,1236.633187,bear_trend,58.75,51.125000,1.149144,normal_range
2008-10-03,ES,1109.00,1190.353341,1231.627964,bear_trend,58.50,52.612500,1.111903,normal_range
2008-10-06,ES,1050.75,1177.057785,1224.534710,bear_trend,95.00,55.525000,1.710941,large_range
2008-10-07,ES,1005.25,1160.695138,1215.935310,bear_trend,78.50,56.875000,1.380220,large_range
2008-10-08,ES,973.50,1142.867030,1206.428043,bear_trend,82.00,59.750000,1.372385,large_range
2008-10-09,ES,910.50,1120.736837,1194.823022,bear_trend,104.75,62.862500,1.666335,large_range
2008-10-10,ES,888.75,1098.642852,1182.820158,bear_trend,106.00,66.950000,1.583271,large_range
2008-10-13,ES,1014.25,1090.605438,1176.209564,bear_trend,108.25,70.237500,1.541200,large_range
2008-10-14,ES,1007.25,1082.666825,1169.583698,bear_trend,92.75,71.975000,1.288642,large_range
2008-10-15,ES,900.50,1065.317603,1159.031396,bear_trend,111.25,73.912500,1.505158,large_range
2008-10-16,ES,940.50,1053.430212,1150.461538,bear_trend,84.75,74.025000,1.144883,normal_range
2008-10-17,ES,933.25,1041.984478,1141.943438,bear_trend,79.75,73.625000,1.083192,normal_range
2008-10-20,ES,987.50,1036.795480,1135.886833,bear_trend,67.25,74.737500,0.899816,normal_range
2008-10-21,ES,952.25,1028.743530,1128.685388,bear_trend,41.25,74.937500,0.550459,small_range
2008-10-22,ES,905.75,1017.029860,1119.942824,bear_trend,96.75,78.275000,1.236027,large_range
2008-10-23,ES,916.00,1007.407969,1111.945066,bear_trend,67.25,79.700000,0.843789,normal_range
2008-10-24,ES,868.00,994.131019,1102.378593,bear_trend,77.00,81.737500,0.942040,normal_range
2008-10-27,ES,837.50,979.213779,1091.991197,bear_trend,69.00,79.725000,0.865475,normal_range
2008-10-28,ES,933.25,974.836277,1085.766052,bear_trend,115.50,82.450000,1.400849,large_range
2008-10-29,ES,932.25,970.780441,1079.745815,bear_trend,57.00,83.837500,0.679887,small_range
2008-10-30,ES,958.25,969.587065,1074.981273,bear_trend,41.75,82.987500,0.503088,small_range
2008-10-31,ES,966.50,969.293059,1070.727106,bear_trend,44.00,82.262500,0.534873,small_range
2008-11-03,ES,970.00,969.360387,1066.777023,range,22.75,78.400000,0.290179,small_range
2008-11-04,ES,1000.75,972.349874,1064.187728,range,42.75,76.612500,0.558003,small_range
2008-11-05,ES,946.75,969.911791,1059.582327,bear_trend,62.50,75.637500,0.826310,normal_range
2008-11-06,ES,907.50,963.967811,1053.618314,bear_trend,61.00,73.450000,0.830497,normal_range
2008-11-07,ES,937.25,961.423257,1049.054851,bear_trend,36.50,69.975000,0.521615,small_range
2008-11-10,ES,920.50,957.525804,1044.013484,bear_trend,57.00,66.387500,0.858595,normal_range
2008-11-11,ES,893.75,951.451918,1038.120798,bear_trend,44.50,63.975000,0.695584,small_range
2008-11-12,ES,853.50,942.123164,1030.880767,bear_trend,62.50,61.537500,1.015641,normal_range
2008-11-13,ES,905.75,938.659053,1025.973678,bear_trend,97.00,62.150000,1.560740,large_range
2008-11-14,ES,860.50,931.215334,1019.484514,bear_trend,57.75,61.050000,0.945946,normal_range
2008-11-17,ES,848.25,923.313873,1012.769435,bear_trend,34.75,59.425000,0.584771,small_range
2008-11-18,ES,864.50,917.712552,1006.954948,bear_trend,44.25,59.575000,0.742761,small_range
2008-11-19,ES,808.50,907.311357,999.172401,bear_trend,61.75,57.825000,1.067877,normal_range
2008-11-20,ES,753.00,892.615037,989.518581,bear_trend,75.75,58.250000,1.300429,large_range
2008-11-21,ES,791.00,882.937414,981.733539,bear_trend,63.25,57.562500,1.098806,normal_range
2008-11-24,ES,845.50,879.371946,976.391047,bear_trend,83.00,58.262500,1.424587,large_range
2008-11-25,ES,852.25,876.788904,971.522771,bear_trend,40.50,54.512500,0.742949,small_range
2008-11-26,ES,885.75,877.642342,968.159133,range,58.25,54.575000,1.067339,normal_range
2008-11-27,ES,889.25,878.747833,965.064657,range,14.75,53.225000,0.277125,small_range
2008-11-28,ES,894.75,880.271849,962.307219,range,20.75,52.062500,0.398559,small_range
2008-12-01,ES,815.50,874.103101,956.550073,bear_trend,84.50,55.150000,1.532185,large_range
2008-12-02,ES,848.75,871.688520,952.322620,bear_trend,38.75,54.950000,0.705187,small_range
2008-12-03,ES,868.50,871.384852,949.035458,bear_trend,47.75,54.212500,0.880793,normal_range
2008-12-04,ES,846.75,869.038675,945.024264,bear_trend,43.50,53.337500,0.815561,normal_range
2008-12-05,ES,871.75,869.296897,942.150763,range,62.50,54.637500,1.143903,normal_range
2008-12-08,ES,899.50,872.173383,940.478184,range,51.75,54.375000,0.951724,normal_range
2008-12-09,ES,890.50,873.918775,938.518255,range,31.75,53.737500,0.590835,small_range
2008-12-10,ES,895.25,875.950320,936.821461,range,24.25,51.825000,0.467921,small_range
2008-12-11,ES,865.00,874.907432,934.004933,bear_trend,42.75,49.112500,0.870450,normal_range
2008-12-12,ES,885.50,875.916248,932.102779,range,58.25,49.137500,1.185449,normal_range
2008-12-15,ES,872.75,875.614701,929.775219,bear_trend,36.75,49.237500,0.746382,small_range
2008-12-16,ES,912.00,879.079968,929.078152,range,46.50,49.350000,0.942249,normal_range
2008-12-17,ES,905.00,881.548542,928.133910,range,31.50,47.837500,0.658479,small_range
2008-12-18,ES,888.50,882.210586,926.579639,range,38.00,45.950000,0.826986,normal_range
2008-12-19,ES,881.25,882.119101,924.802006,bear_trend,27.00,44.137500,0.611725,small_range
2008-12-22,ES,871.50,881.107758,922.711732,bear_trend,38.75,41.925000,0.924270,normal_range
2008-12-23,ES,859.00,879.002258,920.213232,bear_trend,22.75,41.037500,0.554371,small_range
2008-12-24,ES,864.75,877.644900,918.038204,bear_trend,10.50,38.650000,0.271669,small_range
2008-12-26,ES,869.75,876.893004,916.144549,bear_trend,9.00,38.362500,0.234604,small_range
2008-12-29,ES,870.50,876.284147,914.354566,bear_trend,20.25,38.337500,0.528203,small_range
2008-12-30,ES,889.00,877.495181,913.360270,range,21.00,35.162500,0.597227,small_range
2008-12-31,ES,892.00,878.876592,912.522612,range,21.50,34.300000,0.626822,small_range
2009-01-02,ES,926.00,883.364536,913.051137,range,36.25,33.950000,1.067747,normal_range
2009-01-05,ES,925.50,887.377437,913.539328,range,17.75,32.662500,0.543437,small_range
2009-01-06,ES,928.00,891.246252,914.106413,range,19.25,30.500000,0.631148,small_range
2009-01-07,ES,907.00,892.746609,913.827730,range,33.00,29.562500,1.116279,normal_range
2009-01-08,ES,906.50,894.056456,913.540368,range,16.25,28.787500,0.564481,small_range
2009-01-09,ES,885.25,893.217746,912.430942,bear_trend,32.00,29.175000,1.096829,normal_range
2009-01-12,ES,870.00,891.006532,910.766983,bear_trend,25.25,28.300000,0.892226,normal_range
2009-01-13,ES,867.25,888.744005,909.060435,bear_trend,17.00,26.237500,0.647928,small_range
2009-01-14,ES,836.50,883.768386,906.214928,bear_trend,42.50,26.525000,1.602262,large_range
2009-01-15,ES,841.00,879.695206,903.657480,bear_trend,35.75,25.987500,1.375661,large_range
2009-01-16,ES,849.25,876.795663,901.523853,bear_trend,31.50,25.987500,1.212121,large_range
2009-01-19,ES,840.00,873.291314,899.111153,bear_trend,31.25,25.650000,1.218324,large_range
2009-01-20,ES,804.50,866.739760,895.400912,bear_trend,49.75,26.787500,1.857210,large_range
2009-01-21,ES,838.75,864.074069,893.179307,bear_trend,42.25,26.962500,1.566991,large_range
2009-01-22,ES,824.25,860.281300,890.476197,bear_trend,36.50,27.650000,1.320072,large_range
2009-01-23,ES,823.50,856.778319,887.849680,bear_trend,36.50,28.950000,1.260794,large_range
2009-01-26,ES,834.25,854.632765,885.747731,bear_trend,38.75,30.437500,1.273101,large_range
2009-01-27,ES,842.25,853.453454,884.041938,bear_trend,16.25,30.237500,0.537412,small_range
2009-01-28,ES,870.75,855.100744,883.520685,range,27.75,30.875000,0.898785,normal_range
2009-01-29,ES,843.25,853.972102,881.941443,bear_trend,31.25,31.362500,0.996413,normal_range
2009-01-30,ES,825.75,851.284283,879.737857,bear_trend,31.50,30.900000,1.019417,normal_range
2009-02-02,ES,821.00,848.400065,877.434412,bear_trend,21.25,31.075000,0.683829,small_range
2009-02-03,ES,831.50,846.790535,875.633062,bear_trend,23.75,31.300000,0.758786,small_range
2009-02-04,ES,826.50,844.858103,873.706275,bear_trend,23.50,30.825000,0.762368,small_range
2009-02-05,ES,841.25,844.514474,872.433480,bear_trend,32.25,31.625000,1.019763,normal_range
2009-02-06,ES,868.00,846.751191,872.259618,range,32.50,31.650000,1.026856,normal_range
2009-02-09,ES,862.75,848.274887,871.886692,range,20.25,31.400000,0.644904,small_range
2009-02-10,ES,827.00,846.248707,870.126430,bear_trend,46.50,32.875000,1.414449,large_range
2009-02-11,ES,832.75,844.963116,868.660687,bear_trend,16.75,31.587500,0.530273,small_range
2009-02-12,ES,835.00,844.014248,867.340660,bear_trend,31.25,31.362500,0.996413,normal_range
2009-02-13,ES,820.00,841.727177,865.484164,bear_trend,21.75,30.875000,0.704453,small_range
2009-02-16,ES,808.75,838.586493,863.259295,bear_trend,10.50,29.900000,0.351171,small_range
2009-02-17,ES,786.25,833.602065,860.239322,bear_trend,26.75,28.750000,0.930435,normal_range
2009-02-18,ES,778.25,828.330440,857.024055,bear_trend,19.75,27.625000,0.714932,small_range
2009-02-19,ES,777.50,823.489446,853.905464,bear_trend,21.75,26.887500,0.808926,normal_range
2009-02-20,ES,770.00,818.395213,850.615054,bear_trend,27.00,26.412500,1.022243,normal_range
2009-02-23,ES,744.25,811.333764,846.443875,bear_trend,46.75,26.812500,1.743590,large_range
2009-02-24,ES,769.00,807.301977,843.406861,bear_trend,31.25,27.562500,1.133787,normal_range
2009-02-25,ES,761.00,802.892265,840.175219,bear_trend,28.25,27.287500,1.035273,normal_range
2009-02-26,ES,752.00,798.045383,836.717367,bear_trend,28.75,27.162500,1.058445,normal_range
2009-02-27,ES,733.00,791.850584,832.650020,bear_trend,26.50,26.912500,0.984673,normal_range
2009-03-02,ES,705.50,783.626719,827.663744,bear_trend,35.00,27.600000,1.268116,large_range
2009-03-03,ES,685.75,774.305127,822.098499,bear_trend,33.75,28.100000,1.201068,large_range
2009-03-04,ES,709.75,768.157019,817.692676,bear_trend,38.25,28.837500,1.326398,large_range
2009-03-05,ES,686.75,760.403970,812.557669,bear_trend,35.50,29.000000,1.224138,large_range
2009-03-06,ES,688.50,753.555973,807.692662,bear_trend,33.50,29.050000,1.153184,normal_range
2009-03-09,ES,674.50,746.026833,802.469421,bear_trend,24.00,29.237500,0.820864,normal_range
2009-03-10,ES,717.25,743.286182,799.127483,bear_trend,48.25,29.325000,1.645354,large_range
2009-03-11,ES,720.75,741.139879,796.053856,bear_trend,20.50,29.512500,0.694621,small_range
2009-03-12,ES,749.75,741.959890,794.238018,range,41.75,30.037500,1.389929,large_range
2009-03-13,ES,758.50,743.535139,792.836528,range,19.00,29.900000,0.635452,small_range
2009-03-16,ES,753.75,744.507983,791.303723,range,25.25,30.575000,0.825838,normal_range
2009-03-17,ES,776.00,747.507223,790.703577,range,31.00,30.787500,1.006902,normal_range
2009-03-18,ES,791.75,751.720820,790.744613,range,38.75,31.737500,1.220953,large_range
2009-03-19,ES,778.75,754.295028,790.274236,range,24.25,31.862500,0.761083,small_range
2009-03-20,ES,763.75,755.195501,789.234070,range,24.00,31.712500,0.756799,small_range
2009-03-23,ES,818.00,761.176882,790.362145,range,55.50,32.237500,1.721598,large_range
2009-03-24,ES,802.25,765.088608,790.828336,range,18.75,31.612500,0.593120,small_range
2009-03-25,ES,810.50,769.413502,791.599774,range,36.50,32.025000,1.139735,normal_range
2009-03-26,ES,827.00,774.897931,792.988018,range,20.25,31.600000,0.640823,small_range
2009-03-27,ES,815.50,778.764794,793.870841,range,20.50,31.300000,0.654952,small_range
2009-03-30,ES,786.25,779.477671,793.571984,range,39.75,31.550000,1.259905,large_range
2009-03-31,ES,789.00,780.384560,793.392691,range,23.00,31.012500,0.741636,small_range
2009-04-01,ES,808.75,783.086030,793.994938,range,31.25,30.662500,1.019160,normal_range
2009-04-02,ES,835.75,788.101646,795.632391,range,35.00,30.637500,1.142391,normal_range
2009-04-03,ES,840.75,793.115775,797.401709,range,21.75,30.050000,0.723794,small_range
2009-04-06,ES,832.00,796.819035,798.758505,range,29.25,30.312500,0.964948,normal_range
2009-04-07,ES,813.00,798.360079,799.316995,range,22.75,29.037500,0.783470,small_range
2009-04-08,ES,824.50,800.849595,800.304564,bull_trend,23.00,29.162500,0.788684,small_range
2009-04-09,ES,852.75,805.792491,802.361248,bull_trend,31.75,28.662500,1.107719,normal_range
2009-04-13,ES,855.00,810.478920,804.425512,bull_trend,19.75,28.700000,0.688153,small_range
2009-04-14,ES,834.50,812.766642,805.604904,bull_trend,23.50,28.612500,0.821319,normal_range
2009-04-15,ES,849.25,816.241248,807.316477,bull_trend,19.00,28.012500,0.678269,small_range
2009-04-16,ES,858.25,820.242081,809.313870,bull_trend,26.75,27.412500,0.975832,normal_range
2009-04-17,ES,867.00,824.695216,811.576071,bull_trend,18.25,27.112500,0.673121,small_range
2009-04-20,ES,833.75,825.557577,812.445637,bull_trend,36.75,27.825000,1.320755,large_range
2009-04-21,ES,846.25,827.528284,813.771298,bull_trend,25.75,26.250000,0.980952,normal_range
2009-04-22,ES,837.75,828.501781,814.711639,bull_trend,23.50,26.487500,0.887211,normal_range
2009-04-23,ES,850.25,830.573040,816.105300,bull_trend,22.75,25.800000,0.881783,normal_range
2009-04-24,ES,866.50,833.994655,818.081563,bull_trend,27.25,26.150000,1.042065,normal_range
2009-04-27,ES,852.50,835.757069,819.431306,bull_trend,19.00,26.112500,0.727621,small_range
2009-04-28,ES,849.75,837.089729,820.620274,bull_trend,23.00,25.262500,0.910440,normal_range
2009-04-29,ES,869.00,840.128802,822.517518,bull_trend,30.00,25.612500,1.171303,normal_range
2009-04-30,ES,866.50,842.640345,824.242322,bull_trend,22.50,25.175000,0.893744,normal_range
2009-05-01,ES,876.50,845.865074,826.291642,bull_trend,15.75,24.212500,0.650490,small_range
2009-05-04,ES,903.00,851.306495,829.299813,bull_trend,28.75,24.562500,1.170483,normal_range
2009-05-05,ES,903.50,856.277305,832.209624,bull_trend,11.50,23.675000,0.485744,small_range
2009-05-06,ES,914.50,861.822324,835.436698,bull_trend,27.00,23.887500,1.130298,normal_range
2009-05-07,ES,904.75,865.910674,838.154867,bull_trend,31.50,24.312500,1.295630,large_range
2009-05-08,ES,924.25,871.466800,841.531146,bull_trend,18.00,23.875000,0.753927,small_range
2009-05-11,ES,907.50,874.898534,844.118160,bull_trend,17.25,23.812500,0.724409,small_range
2009-05-12,ES,908.00,878.051054,846.623330,bull_trend,21.25,23.700000,0.896624,normal_range
2009-05-13,ES,885.00,878.712859,848.128298,bull_trend,31.25,24.312500,1.285347,large_range
2009-05-14,ES,889.75,879.764015,849.760522,bull_trend,18.00,23.875000,0.753927,small_range
2009-05-15,ES,882.50,880.024585,851.044423,bull_trend,18.75,23.900000,0.784519,small_range
2009-05-18,ES,907.75,882.665101,853.268171,bull_trend,33.50,23.662500,1.415742,large_range
2009-05-19,ES,904.00,884.696996,855.257654,bull_trend,12.25,22.987500,0.532898,small_range
2009-05-20,ES,900.75,886.225853,857.041668,bull_trend,24.75,23.050000,1.073753,normal_range
2009-05-21,ES,890.25,886.609105,858.343955,bull_trend,23.00,23.062500,0.997290,normal_range
2009-05-22,ES,885.00,886.455857,859.389290,range,14.00,22.400000,0.625000,small_range
2009-05-25,ES,890.25,886.817204,860.599514,bull_trend,12.75,22.050000,0.578231,small_range
2009-05-26,ES,909.00,888.929851,862.497573,bull_trend,34.25,22.612500,1.514649,large_range
2009-05-27,ES,891.00,889.127008,863.615315,bull_trend,23.50,22.287500,1.054403,normal_range
2009-05-28,ES,905.25,890.662531,865.248048,bull_trend,22.50,22.287500,1.009534,normal_range
2009-05-29,ES,921.75,893.623243,867.463810,bull_trend,25.50,22.775000,1.119649,normal_range
2009-06-01,ES,938.50,897.897220,870.249543,bull_trend,30.75,22.875000,1.344262,large_range
2009-06-02,ES,942.00,902.097484,873.063287,bull_trend,14.50,23.025000,0.629750,small_range
2009-06-03,ES,930.75,904.826295,875.325511,bull_trend,23.25,22.837500,1.018062,normal_range
2009-06-04,ES,941.75,908.342839,877.930393,bull_trend,14.00,21.962500,0.637450,small_range
2009-06-05,ES,940.50,911.405426,880.384103,bull_trend,24.25,22.025000,1.101022,normal_range
2009-06-08,ES,939.75,914.104909,882.712177,bull_trend,21.00,22.150000,0.948081,normal_range
2009-06-09,ES,939.75,916.547298,884.948955,bull_trend,12.75,21.725000,0.586881,small_range
2009-06-10,ES,940.50,918.828508,887.127427,bull_trend,28.00,21.562500,1.298551,large_range
2009-06-11,ES,941.75,921.011507,889.269489,bull_trend,19.75,21.650000,0.912240,normal_range
2009-06-12,ES,944.50,923.248507,891.435391,bull_trend,11.50,21.287500,0.540223,small_range
2009-06-15,ES,919.25,922.867696,892.526160,range,23.50,21.075000,1.115065,normal_range
2009-06-16,ES,907.50,921.404106,893.113369,range,18.25,21.375000,0.853801,normal_range
2009-06-17,ES,906.25,919.960858,893.628531,range,15.00,20.887500,0.718133,small_range
2009-06-18,ES,913.25,919.321729,894.398001,range,14.75,20.475000,0.720391,small_range
2009-06-19,ES,916.00,919.005374,895.245138,range,12.25,20.387500,0.600858,small_range
2009-06-22,ES,889.50,916.195338,895.019838,range,31.50,21.325000,1.477140,large_range
2009-06-23,ES,890.00,913.700544,894.822982,range,10.25,20.125000,0.509317,small_range
2009-06-24,ES,897.75,912.181445,894.937767,range,18.25,19.862500,0.918817,normal_range
2009-06-25,ES,916.25,912.568926,895.773541,bull_trend,26.75,20.075000,1.332503,large_range
2009-06-26,ES,914.00,912.705219,896.488304,bull_trend,10.50,19.325000,0.543338,small_range
2009-06-29,ES,921.50,913.542817,897.469155,bull_trend,16.75,18.625000,0.899329,normal_range
2009-06-30,ES,915.75,913.753025,898.186051,bull_trend,18.00,18.800000,0.957447,normal_range
2009-07-01,ES,919.50,914.300356,899.021892,bull_trend,14.75,18.375000,0.802721,normal_range
2009-07-02,ES,890.25,912.009846,898.677896,range,30.75,19.212500,1.600520,large_range
2009-07-03,ES,893.50,910.247003,898.474841,range,8.00,18.400000,0.434783,small_range
2009-07-06,ES,895.50,908.842527,898.358181,range,14.25,18.062500,0.788927,small_range
2009-07-07,ES,878.25,905.928953,897.569625,range,23.00,18.575000,1.238223,large_range
2009-07-08,ES,875.00,902.983338,896.684541,range,18.25,18.087500,1.008984,normal_range
2009-07-09,ES,878.75,900.675401,895.981226,range,10.25,17.612500,0.581973,small_range
2009-07-10,ES,874.25,898.158696,895.129021,range,11.50,17.612500,0.652945,small_range
2009-07-13,ES,895.25,897.881678,895.133765,range,32.25,17.762500,1.815623,large_range
2009-07-14,ES,910.75,899.107232,895.746167,bull_trend,20.25,17.862500,1.133660,normal_range
2009-07-15,ES,926.75,901.739877,896.962003,bull_trend,22.25,18.225000,1.220850,large_range
2009-07-16,ES,934.25,904.836079,898.424278,bull_trend,19.75,18.475000,1.069012,normal_range
2009-07-17,ES,937.50,907.946929,899.956659,bull_trend,10.75,18.400000,0.584239,small_range
2009-07-20,ES,946.75,911.642459,901.791692,bull_trend,15.50,17.600000,0.880682,normal_range
2009-07-21,ES,955.25,915.795558,903.888096,bull_trend,16.75,17.925000,0.934449,normal_range
2009-07-22,ES,950.50,919.100743,905.716014,bull_trend,13.25,17.675000,0.749646,small_range
2009-07-23,ES,964.00,923.376863,908.001661,bull_trend,27.75,17.725000,1.565585,large_range
2009-07-24,ES,978.75,928.650495,910.776105,bull_trend,16.50,18.025000,0.915395,normal_range
2009-07-27,ES,979.00,933.445686,913.451552,bull_trend,15.00,17.937500,0.836237,normal_range
2009-07-28,ES,974.25,937.331811,915.835805,bull_trend,15.50,17.812500,0.870175,normal_range
2009-07-29,ES,974.50,940.871639,918.136362,bull_trend,12.00,17.675000,0.678925,small_range
2009-07-30,ES,981.75,944.764816,920.631014,bull_trend,20.25,17.150000,1.180758,normal_range
2009-07-31,ES,982.00,948.311024,923.037641,bull_trend,12.25,17.362500,0.705544,small_range
2009-08-03,ES,1001.00,953.329022,926.094988,bull_trend,19.75,17.637500,1.119773,normal_range
2009-08-04,ES,1004.75,958.226258,929.179499,bull_trend,13.25,17.150000,0.772595,small_range
2009-08-05,ES,997.75,961.990424,931.868538,bull_trend,15.25,17.000000,0.897059,normal_range
2009-08-06,ES,994.50,965.086574,934.324674,bull_trend,18.00,17.387500,1.035226,normal_range
2009-08-07,ES,1006.00,968.983091,937.135471,bull_trend,26.00,18.112500,1.435473,large_range
2009-08-10,ES,1006.75,972.579939,939.865452,bull_trend,9.50,16.975000,0.559647,small_range
2009-08-11,ES,993.00,974.524707,941.949160,bull_trend,20.75,17.000000,1.220588,large_range
2009-08-12,ES,1004.00,977.331878,944.382526,bull_trend,25.50,17.162500,1.485798,large_range
2009-08-13,ES,1013.00,980.728842,947.073408,bull_trend,17.25,17.037500,1.012472,normal_range
2009-08-14,ES,1006.50,983.183238,949.403862,bull_trend,23.50,17.675000,1.329562,large_range
2009-08-17,ES,978.25,982.713405,950.535083,range,28.75,18.450000,1.558266,large_range
2009-08-18,ES,988.75,983.288319,952.033708,bull_trend,13.25,18.275000,0.725034,small_range
2009-08-19,ES,996.25,984.522765,953.767680,bull_trend,22.00,18.712500,1.175685,normal_range
2009-08-20,ES,1004.50,986.425359,955.757183,bull_trend,13.50,18.000000,0.750000,small_range
2009-08-21,ES,1025.50,990.146753,958.492195,bull_trend,30.50,18.700000,1.631016,large_range
2009-08-24,ES,1024.00,993.370872,961.061129,bull_trend,13.75,18.637500,0.737760,small_range
2009-08-25,ES,1025.50,996.430789,963.588143,bull_trend,19.75,18.850000,1.047745,normal_range
2009-08-26,ES,1026.50,999.294523,966.055275,bull_trend,11.75,18.837500,0.623756,small_range
2009-08-27,ES,1029.75,1002.195045,968.553107,bull_trend,18.00,18.725000,0.961282,normal_range
2009-08-28,ES,1027.50,1004.605041,970.864750,bull_trend,16.75,18.950000,0.883905,normal_range
2009-08-31,ES,1020.25,1006.095037,972.801426,bull_trend,17.75,18.850000,0.941645,normal_range
2009-09-01,ES,996.75,1005.205033,973.740586,range,32.50,19.812500,1.640379,large_range
2009-09-02,ES,993.75,1004.114078,974.525269,range,10.00,19.550000,0.511509,small_range
2009-09-03,ES,1002.00,1003.912737,975.602710,range,13.00,19.300000,0.673575,small_range
2009-09-04,ES,1014.00,1004.873429,977.108486,bull_trend,16.25,18.812500,0.863787,normal_range
2009-09-07,ES,1021.75,1006.480721,978.859133,bull_trend,10.75,18.875000,0.569536,small_range
2009-09-08,ES,1022.75,1008.030176,980.580344,bull_trend,8.50,18.262500,0.465435,small_range
2009-09-09,ES,1032.25,1010.336826,982.606605,bull_trend,17.50,17.862500,0.979706,normal_range
2009-09-10,ES,1041.25,1013.280938,984.906346,bull_trend,16.50,17.825000,0.925666,normal_range
2009-09-11,ES,1041.75,1015.992277,987.135509,bull_trend,10.25,17.162500,0.597232,small_range
2009-09-14,ES,1043.00,1018.564441,989.326273,bull_trend,19.00,16.562500,1.147170,normal_range
2009-09-15,ES,1044.75,1021.058304,991.499752,bull_trend,13.75,16.587500,0.828937,normal_range
2009-09-16,ES,1063.25,1025.076561,994.313488,bull_trend,18.75,16.450000,1.139818,normal_range
2009-09-17,ES,1062.75,1028.664507,996.997272,bull_trend,15.25,16.537500,0.922147,normal_range
2009-09-18,ES,1060.75,1031.720269,999.497379,bull_trend,11.75,15.600000,0.753205,small_range
2009-09-21,ES,1059.75,1034.389767,1001.860227,bull_trend,11.25,15.475000,0.726979,small_range
2009-09-22,ES,1066.75,1037.471694,1004.404924,bull_trend,9.75,14.975000,0.651085,small_range
2009-09-23,ES,1058.50,1039.474390,1006.526300,bull_trend,20.50,15.412500,1.330089,large_range
2009-09-24,ES,1044.50,1039.953019,1008.015465,bull_trend,23.00,15.662500,1.468476,large_range
2009-09-25,ES,1041.25,1040.076541,1009.318780,bull_trend,13.25,15.487500,0.855529,normal_range
2009-09-28,ES,1059.75,1041.950204,1011.296475,bull_trend,25.25,15.862500,1.591805,large_range
2009-09-29,ES,1054.75,1043.169232,1013.000534,bull_trend,12.50,14.862500,0.841043,normal_range
2009-09-30,ES,1052.25,1044.034067,1014.539729,bull_trend,21.75,15.450000,1.407767,large_range
2009-10-01,ES,1027.50,1042.459394,1015.047975,range,31.50,16.375000,1.923664,large_range
2009-10-02,ES,1022.00,1040.510880,1015.320603,range,15.00,16.337500,0.918133,normal_range
2009-10-05,ES,1037.00,1040.176511,1016.170776,range,19.00,16.750000,1.134328,normal_range
2009-10-06,ES,1049.25,1041.040653,1017.468000,bull_trend,21.25,17.387500,1.222142,large_range
2009-10-07,ES,1056.75,1042.536781,1019.008471,bull_trend,13.50,17.187500,0.785455,small_range
2009-10-08,ES,1064.25,1044.604707,1020.782649,bull_trend,11.00,16.912500,0.650407,small_range
2009-10-09,ES,1068.25,1046.856639,1022.644113,bull_trend,10.00,16.900000,0.591716,small_range
2009-10-12,ES,1071.00,1049.156007,1024.540423,bull_trend,9.75,16.437500,0.593156,small_range
2009-10-13,ES,1074.75,1051.593530,1026.509426,bull_trend,12.75,16.387500,0.778032,small_range
2009-10-14,ES,1088.50,1055.108432,1028.940429,bull_trend,14.00,16.175000,0.865533,normal_range
2009-10-15,ES,1089.75,1058.407629,1031.325118,bull_trend,12.75,16.050000,0.794393,small_range
2009-10-16,ES,1082.25,1060.678331,1033.322172,bull_trend,18.00,16.362500,1.100076,normal_range
2009-10-19,ES,1095.50,1063.994680,1035.760518,bull_trend,20.50,16.825000,1.218425,large_range
2009-10-20,ES,1088.00,1066.280901,1037.809125,bull_trend,17.00,17.187500,0.989091,normal_range
2009-10-21,ES,1077.00,1067.301768,1039.346022,bull_trend,26.00,17.462500,1.488905,large_range
2009-10-22,ES,1091.00,1069.558742,1041.371668,bull_trend,22.00,17.412500,1.263460,large_range
2009-10-23,ES,1076.75,1070.243624,1042.759054,bull_trend,23.75,17.937500,1.324042,large_range
2009-10-26,ES,1065.50,1069.791850,1043.650856,range,27.25,18.037500,1.510742,large_range
2009-10-27,ES,1062.00,1069.049769,1044.370430,range,12.75,18.050000,0.706371,small_range
2009-10-28,ES,1038.25,1066.116458,1044.130413,range,25.50,18.237500,1.398218,large_range
2009-10-29,ES,1060.25,1065.557748,1044.762554,range,26.75,18.000000,1.486111,large_range
2009-10-30,ES,1032.25,1062.385581,1044.271865,range,33.25,18.887500,1.760424,large_range
2009-11-02,ES,1041.00,1060.348859,1044.143557,range,23.50,19.112500,1.229562,large_range
2009-11-03,ES,1041.75,1058.577539,1044.049692,range,17.50,18.925000,0.924703,normal_range
2009-11-04,ES,1046.75,1057.451107,1044.155586,range,17.75,19.137500,0.927498,normal_range
2009-11-05,ES,1063.75,1058.051002,1044.923995,bull_trend,25.25,19.850000,1.272040,large_range
2009-11-06,ES,1066.25,1058.831859,1045.760309,bull_trend,16.00,20.150000,0.794045,small_range
2009-11-09,ES,1091.50,1061.943110,1047.554022,bull_trend,27.00,21.012500,1.284949,large_range
2009-11-10,ES,1093.25,1064.924719,1049.346021,bull_trend,9.50,20.850000,0.455635,small_range
2009-11-11,ES,1096.00,1067.884269,1051.175589,bull_trend,12.00,20.700000,0.579710,small_range
2009-11-12,ES,1086.50,1069.657196,1052.560860,bull_trend,18.50,20.987500,0.881477,normal_range
2009-11-13,ES,1091.50,1071.737463,1054.087885,bull_trend,13.25,20.750000,0.638554,small_range
2009-11-16,ES,1106.25,1075.024371,1056.133458,bull_trend,21.25,20.787500,1.022249,normal_range
2009-11-17,ES,1107.50,1078.117288,1058.147832,bull_trend,9.00,20.387500,0.441447,small_range
2009-11-18,ES,1109.00,1081.058499,1060.142035,bull_trend,10.00,19.587500,0.510530,small_range
2009-11-19,ES,1092.50,1082.148166,1061.410975,bull_trend,23.00,19.637500,1.171229,normal_range
2009-11-20,ES,1090.25,1082.919769,1062.541917,bull_trend,11.50,19.025000,0.604468,small_range
2009-11-23,ES,1103.00,1084.832172,1064.128509,bull_trend,22.50,18.787500,1.197605,normal_range
2009-11-24,ES,1103.50,1086.610060,1065.672489,bull_trend,12.00,18.750000,0.640000,small_range
2009-11-25,ES,1109.00,1088.742436,1067.371607,bull_trend,9.00,17.925000,0.502092,small_range
2009-11-26,ES,1084.75,1088.362204,1068.053112,range,28.25,18.000000,1.569444,large_range
2009-11-27,ES,1089.25,1088.446756,1068.884363,bull_trend,31.25,17.900000,1.745810,large_range
2009-11-30,ES,1093.75,1088.951827,1069.859486,bull_trend,13.50,17.400000,0.775862,small_range
2009-12-01,ES,1107.75,1090.742129,1071.345388,bull_trend,19.25,17.487500,1.100786,normal_range
2009-12-02,ES,1107.75,1092.361926,1072.773020,bull_trend,11.25,17.162500,0.655499,small_range
2009-12-03,ES,1096.75,1092.779838,1073.713294,bull_trend,20.50,16.925000,1.211226,large_range
2009-12-04,ES,1108.25,1094.253187,1075.067675,bull_trend,23.75,17.312500,1.371841,large_range
2009-12-07,ES,1105.50,1095.324312,1076.261099,bull_trend,12.00,16.562500,0.724528,small_range
2009-12-08,ES,1089.75,1094.793425,1076.790076,range,19.75,17.075000,1.156662,normal_range
2009-12-09,ES,1096.25,1094.932146,1077.553210,bull_trend,12.50,17.100000,0.730994,small_range
2009-12-10,ES,1103.50,1095.748132,1078.570731,bull_trend,13.75,16.862500,0.815419,normal_range
2009-12-11,ES,1108.50,1096.962596,1079.744428,bull_trend,9.25,16.662500,0.555139,small_range
2009-12-14,ES,1107.50,1097.966158,1080.832882,bull_trend,13.50,16.275000,0.829493,normal_range
2009-12-15,ES,1104.50,1098.588429,1081.761004,bull_trend,10.75,16.362500,0.656990,small_range
2009-12-16,ES,1104.00,1099.103817,1082.633121,bull_trend,9.00,16.312500,0.551724,small_range
2009-12-17,ES,1094.00,1098.617739,1083.078881,range,15.75,15.950000,0.987461,normal_range
2009-12-18,ES,1098.00,1098.558907,1083.664023,range,14.25,16.087500,0.885781,normal_range
2009-12-21,ES,1107.75,1099.434249,1084.608571,bull_trend,16.75,15.800000,1.060127,normal_range
2009-12-22,ES,1113.75,1100.797654,1085.751373,bull_trend,7.75,15.600000,0.496795,small_range
2009-12-23,ES,1116.25,1102.269306,1086.947397,bull_trend,8.75,15.587500,0.561347,small_range
2009-12-24,ES,1122.00,1104.148419,1088.322009,bull_trend,7.25,14.537500,0.498710,small_range
2009-12-28,ES,1123.00,1105.943808,1089.681930,bull_trend,8.75,13.412500,0.652377,small_range
2009-12-29,ES,1122.00,1107.472969,1090.949306,bull_trend,8.00,13.137500,0.608944,small_range
2009-12-30,ES,1122.75,1108.927925,1092.196392,bull_trend,10.00,12.675000,0.788955,small_range
2009-12-31,ES,1113.25,1109.339551,1093.022023,bull_trend,15.50,12.887500,1.202716,large_range
2010-01-04,ES,1128.50,1111.164355,1094.413316,bull_trend,16.50,12.687500,1.300493,large_range
2010-01-05,ES,1131.75,1113.124893,1095.877500,bull_trend,8.00,11.900000,0.672269,small_range
2010-01-06,ES,1132.50,1114.970141,1097.313677,bull_trend,8.25,11.712500,0.704376,small_range
2010-01-07,ES,1137.50,1117.115842,1098.889611,bull_trend,11.75,11.312500,1.038674,normal_range
2010-01-08,ES,1141.50,1119.438143,1100.560607,bull_trend,10.75,11.225000,0.957684,normal_range
2010-01-11,ES,1140.00,1121.396415,1102.107249,bull_trend,10.25,11.050000,0.927602,normal_range
2010-01-12,ES,1134.00,1122.596756,1103.357946,bull_trend,15.25,11.350000,1.343612,large_range
2010-01-13,ES,1141.75,1124.420875,1104.863516,bull_trend,16.00,11.475000,1.394336,large_range
2010-01-14,ES,1146.75,1126.547458,1106.506123,bull_trend,9.00,11.387500,0.790340,small_range
2010-01-15,ES,1132.00,1127.066748,1107.505883,bull_trend,19.00,11.900000,1.596639,large_range
2010-01-18,ES,1136.75,1127.988962,1108.652711,bull_trend,7.50,11.487500,0.652884,small_range
2010-01-19,ES,1144.50,1129.561442,1110.058487,bull_trend,20.75,11.812500,1.756614,large_range
2010-01-20,ES,1134.75,1130.055591,1111.026782,bull_trend,21.25,12.037500,1.765317,large_range
2010-01-21,ES,1109.75,1128.121725,1110.976712,range,30.75,13.175000,2.333966,large_range
2010-01-22,ES,1091.50,1124.633941,1110.212920,range,29.50,14.212500,2.075638,large_range
2010-01-25,ES,1093.50,1121.668804,1109.557511,range,13.25,14.512500,0.913006,normal_range
2010-01-26,ES,1089.00,1118.557489,1108.751334,range,19.00,15.025000,1.264559,large_range
2010-01-27,ES,1095.25,1116.337729,1108.221870,range,17.75,15.512500,1.144239,normal_range
2010-01-28,ES,1082.25,1113.091278,1107.203365,range,29.25,16.475000,1.775417,large_range
2010-01-29,ES,1068.75,1108.868299,1105.695390,range,26.75,17.037500,1.570066,large_range
2010-02-01,ES,1085.75,1106.666557,1104.913218,range,18.50,17.137500,1.079504,normal_range
2010-02-02,ES,1098.50,1105.888789,1104.661719,range,19.50,17.712500,1.100917,normal_range
2010-02-03,ES,1097.50,1105.089857,1104.380868,range,9.75,17.787500,0.548138,small_range
2010-02-04,ES,1061.50,1100.938442,1102.699265,bear_trend,39.00,19.150000,2.036554,large_range
2010-02-05,ES,1059.50,1096.991924,1101.005176,bear_trend,24.25,19.825000,1.223203,large_range
2010-02-08,ES,1055.00,1092.992693,1099.201051,bear_trend,15.50,20.087500,0.771624,small_range
2010-02-09,ES,1067.25,1090.541008,1097.948069,bear_trend,22.75,20.462500,1.111790,normal_range
2010-02-10,ES,1063.75,1087.989483,1096.606968,bear_trend,16.25,20.475000,0.793651,small_range
2010-02-11,ES,1078.75,1087.109533,1095.906695,bear_trend,21.25,21.087500,1.007706,normal_range
2010-02-12,ES,1079.50,1086.384815,1095.263295,bear_trend,19.50,21.100000,0.924171,normal_range
2010-02-15,ES,1075.50,1085.348166,1094.488264,bear_trend,5.50,21.025000,0.261593,small_range
2010-02-16,ES,1093.50,1086.124531,1094.449509,range,18.75,20.925000,0.896057,normal_range
2010-02-17,ES,1098.75,1087.326957,1094.618155,range,7.50,20.237500,0.370599,small_range
2010-02-18,ES,1096.50,1088.200580,1094.691953,range,13.75,19.387500,0.709220,small_range
2010-02-19,ES,1106.00,1089.895763,1095.135406,range,18.50,18.837500,0.982084,normal_range
2010-02-22,ES,1106.50,1091.477119,1095.581076,range,9.25,18.637500,0.496311,small_range
2010-02-23,ES,1096.75,1091.979298,1095.626916,range,22.50,18.812500,1.196013,normal_range
2010-02-24,ES,1102.50,1092.981270,1095.896449,range,13.00,18.575000,0.699865,small_range
2010-02-25,ES,1101.75,1093.816387,1096.126000,range,19.00,18.062500,1.051903,normal_range
2010-02-26,ES,1105.25,1094.905302,1096.483804,range,11.50,17.300000,0.664740,small_range
2010-03-01,ES,1114.75,1096.795273,1097.200126,range,11.25,16.937500,0.664207,small_range
2010-03-02,ES,1118.25,1098.838581,1098.025611,bull_trend,10.00,16.462500,0.607441,small_range
2010-03-03,ES,1118.00,1100.663478,1098.808920,bull_trend,10.00,16.475000,0.606980,small_range
2010-03-04,ES,1122.25,1102.719337,1099.728178,bull_trend,9.50,15.000000,0.633333,small_range
2010-03-05,ES,1136.25,1105.912734,1101.160407,bull_trend,17.00,14.637500,1.161401,normal_range
2010-03-08,ES,1137.25,1108.897235,1102.575685,bull_trend,5.50,14.137500,0.389036,small_range
2010-03-09,ES,1140.50,1111.907022,1104.062913,bull_trend,13.75,13.687500,1.004566,normal_range
2010-03-10,ES,1145.50,1115.106353,1105.687897,bull_trend,10.25,13.387500,0.765640,small_range
2010-03-11,ES,1150.50,1118.477177,1107.445234,bull_trend,12.50,12.950000,0.965251,normal_range
2010-03-12,ES,1151.50,1121.622208,1109.172872,bull_trend,12.75,12.612500,1.010902,normal_range
2010-03-15,ES,1146.25,1123.967712,1110.626877,bull_trend,10.50,13.062500,0.803828,normal_range
2010-03-16,ES,1154.50,1126.875549,1112.347391,bull_trend,11.25,12.687500,0.886700,normal_range
2010-03-17,ES,1162.25,1130.244544,1114.304357,bull_trend,11.25,12.875000,0.873786,normal_range
2010-03-18,ES,1161.25,1133.197445,1116.145362,bull_trend,7.75,12.575000,0.616302,small_range
2010-03-19,ES,1156.25,1135.392926,1117.718093,bull_trend,14.75,12.387500,1.190716,normal_range
2010-03-22,ES,1162.75,1137.998362,1119.484050,bull_trend,16.50,12.750000,1.294118,large_range
2010-03-23,ES,1169.75,1141.022327,1121.455264,bull_trend,11.50,12.200000,0.942623,normal_range
2010-03-24,ES,1164.00,1143.210677,1123.123685,bull_trend,9.00,12.000000,0.750000,small_range
2010-03-25,ES,1160.50,1144.857279,1124.589423,bull_trend,16.50,11.875000,1.389474,large_range
2010-03-26,ES,1163.25,1146.608967,1126.105524,bull_trend,13.25,11.962500,1.107628,normal_range
2010-03-29,ES,1168.75,1148.717637,1127.777856,bull_trend,7.00,11.787500,0.593849,small_range
2010-03-30,ES,1168.50,1150.601671,1129.374803,bull_trend,9.50,11.762500,0.807651,normal_range
2010-03-31,ES,1167.00,1152.163417,1130.850301,bull_trend,9.25,11.725000,0.788913,small_range
2010-04-01,ES,1173.75,1154.219282,1132.532642,bull_trend,11.75,11.837500,0.992608,normal_range
2010-04-02,ES,1178.00,1156.484112,1134.315676,bull_trend,8.50,11.412500,0.744797,small_range
2010-04-05,ES,1183.75,1159.080863,1136.254277,bull_trend,9.25,11.600000,0.797414,small_range
2010-04-06,ES,1185.00,1161.549353,1138.165874,bull_trend,10.75,11.450000,0.938865,normal_range
2010-04-07,ES,1178.75,1163.187510,1139.757408,bull_trend,13.00,11.587500,1.121899,normal_range
2010-04-08,ES,1184.00,1165.169652,1141.492412,bull_trend,14.00,11.662500,1.200429,large_range
2010-04-09,ES,1193.00,1167.820161,1143.512317,bull_trend,10.00,11.525000,0.867679,normal_range
2010-04-12,ES,1192.50,1170.170622,1145.433403,bull_trend,7.75,11.162500,0.694289,small_range
2010-04-13,ES,1195.75,1172.606753,1147.406603,bull_trend,11.25,11.162500,1.007839,normal_range
2010-04-14,ES,1207.00,1175.882300,1149.743599,bull_trend,13.00,11.250000,1.155556,normal_range
2010-04-15,ES,1206.25,1178.774462,1151.959536,bull_trend,9.50,11.337500,0.837927,normal_range
2010-04-16,ES,1189.75,1179.819752,1153.441515,bull_trend,24.75,11.837500,2.090813,large_range
2010-04-19,ES,1194.75,1181.241680,1155.061455,bull_trend,16.75,11.850000,1.413502,large_range
2010-04-20,ES,1207.50,1183.742472,1157.117869,bull_trend,14.50,12.000000,1.208333,large_range
2010-04-21,ES,1197.50,1185.052713,1158.701482,bull_trend,14.50,12.275000,1.181263,normal_range
2010-04-22,ES,1202.75,1186.738169,1160.428875,bull_trend,20.75,12.487500,1.661662,large_range
2010-04-23,ES,1212.75,1189.215486,1162.480684,bull_trend,16.25,12.637500,1.285856,large_range
2010-04-26,ES,1208.00,1191.004488,1164.265755,bull_trend,9.50,12.725000,0.746562,small_range
2010-04-27,ES,1181.25,1190.075489,1164.931804,range,32.50,13.875000,2.342342,large_range
2010-04-28,ES,1190.50,1190.115918,1165.934478,bull_trend,15.25,14.175000,1.075838,normal_range
2010-04-29,ES,1204.75,1191.509640,1167.456655,bull_trend,18.25,14.500000,1.258621,large_range
2010-04-30,ES,1185.75,1190.961103,1168.174041,range,25.25,15.337500,1.646292,large_range
2010-05-03,ES,1197.75,1191.607665,1169.333883,bull_trend,18.25,15.787500,1.155978,normal_range
2010-05-04,ES,1171.00,1189.645030,1169.399221,range,35.50,17.025000,2.085169,large_range
2010-05-05,ES,1163.75,1187.178837,1169.177683,range,20.25,17.387500,1.164630,normal_range
2010-05-06,ES,1116.25,1180.423709,1167.102087,range,112.75,22.325000,5.050392,large_range
2010-05-07,ES,1107.50,1173.478594,1164.764751,range,44.75,24.062500,1.859740,large_range
2010-05-10,ES,1158.00,1172.004442,1164.499466,range,40.50,26.400000,1.534091,large_range
2010-05-11,ES,1150.25,1169.932591,1163.940664,range,28.50,27.262500,1.045392,normal_range
2010-05-12,ES,1168.00,1169.748534,1164.099853,range,30.25,28.125000,1.075556,normal_range
2010-05-13,ES,1155.25,1168.367722,1163.752800,range,21.00,28.700000,0.731707,small_range
2010-05-14,ES,1135.25,1165.213653,1162.635043,range,35.75,29.250000,1.222222,large_range
2010-05-17,ES,1136.75,1162.502829,1161.619944,range,27.50,29.787500,0.923206,normal_range
2010-05-18,ES,1115.50,1158.026369,1159.811318,bear_trend,32.25,30.675000,1.051345,normal_range
2010-05-19,ES,1115.00,1153.928620,1158.054012,bear_trend,24.00,31.150000,0.770465,small_range
2010-05-20,ES,1065.25,1145.483037,1154.414639,bear_trend,53.50,32.787500,1.631719,large_range
2010-05-21,ES,1084.50,1139.675128,1151.672888,bear_trend,37.50,33.850000,1.107829,normal_range
2010-05-24,ES,1068.25,1132.872735,1148.401402,bear_trend,22.25,34.487500,0.645161,small_range
2010-05-25,ES,1076.25,1127.480094,1145.571936,bear_trend,40.00,34.862500,1.147365,normal_range
2010-05-26,ES,1062.25,1121.267704,1142.304409,bear_trend,30.50,35.625000,0.856140,normal_range
2010-05-27,ES,1101.00,1119.337446,1140.684628,bear_trend,47.00,37.062500,1.268128,large_range
2010-05-28,ES,1087.50,1116.305309,1138.598956,bear_trend,23.50,36.975000,0.635565,small_range
2010-05-31,ES,1090.75,1113.871470,1136.722527,bear_trend,10.25,36.575000,0.280246,small_range
2010-06-01,ES,1070.25,1109.717044,1134.115761,bear_trend,27.00,36.150000,0.746888,small_range
2010-06-02,ES,1097.75,1108.577326,1132.689653,bear_trend,31.00,36.687500,0.844974,normal_range
2010-06-03,ES,1102.00,1107.950914,1131.486137,bear_trend,14.50,31.775000,0.456334,small_range
2010-06-04,ES,1066.00,1103.955589,1128.918053,bear_trend,48.50,31.962500,1.517403,large_range
2010-06-07,ES,1049.25,1098.745532,1125.793816,bear_trend,23.75,30.425000,0.780608,small_range
2010-06-08,ES,1060.25,1095.079291,1123.223470,bear_trend,22.00,30.100000,0.730897,small_range
2010-06-09,ES,1054.50,1091.214597,1120.528432,bear_trend,26.50,29.912500,0.885917,normal_range
2010-06-10,ES,1085.00,1090.622730,1119.135160,bear_trend,35.50,30.637500,1.158711,normal_range
2010-06-11,ES,1089.50,1090.515804,1117.972997,bear_trend,17.75,29.737500,0.596889,small_range
2010-06-14,ES,1085.75,1090.061918,1116.709350,bear_trend,17.50,29.237500,0.598546,small_range
2010-06-15,ES,1108.75,1091.841735,1116.397219,range,27.25,28.987500,0.940060,normal_range
2010-06-16,ES,1108.50,1093.428236,1116.087524,range,14.75,28.525000,0.517090,small_range
2010-06-17,ES,1111.25,1095.125547,1115.897817,range,16.75,26.687500,0.627635,small_range
2010-06-18,ES,1110.25,1096.565971,1115.676334,range,8.50,25.237500,0.336800,small_range
2010-06-21,ES,1110.75,1097.916831,1115.483144,range,26.25,25.437500,1.031941,normal_range
2010-06-22,ES,1092.00,1097.353324,1114.562237,bear_trend,27.50,24.812500,1.108312,normal_range
2010-06-23,ES,1086.00,1096.272055,1113.442149,bear_trend,17.50,24.162500,0.724263,small_range
2010-06-24,ES,1073.25,1094.079478,1111.865986,bear_trend,24.50,23.037500,1.063483,normal_range
2010-06-25,ES,1074.75,1092.238575,1110.410457,bear_trend,16.75,22.700000,0.737885,small_range
2010-06-28,ES,1070.25,1090.144425,1108.835538,bear_trend,13.25,22.850000,0.579869,small_range
2010-06-29,ES,1034.25,1084.821147,1105.910615,bear_trend,44.50,23.725000,1.875659,large_range
2010-06-30,ES,1025.00,1079.123895,1102.737649,bear_trend,21.50,23.250000,0.924731,normal_range
2010-07-01,ES,1021.75,1073.659714,1099.561663,bear_trend,23.75,23.712500,1.001581,normal_range
2010-07-02,ES,1014.25,1068.001646,1096.216108,bear_trend,21.75,22.375000,0.972067,normal_range
2010-07-05,ES,1012.00,1062.668156,1092.913515,bear_trend,7.25,21.550000,0.336427,small_range
2010-07-06,ES,1024.50,1059.033094,1090.230632,bear_trend,35.75,22.237500,1.607645,large_range
2010-07-07,ES,1059.00,1059.029942,1089.005902,bear_trend,43.50,23.087500,1.884136,large_range
2010-07-08,ES,1066.50,1059.741376,1088.123317,range,14.50,22.037500,0.657969,small_range
2010-07-09,ES,1071.75,1060.885054,1087.481226,range,11.75,21.737500,0.540541,small_range
2010-07-12,ES,1078.50,1062.562668,1087.129021,range,13.25,21.525000,0.615563,small_range
2010-07-13,ES,1097.00,1065.842414,1087.516119,range,25.25,21.425000,1.178530,normal_range
2010-07-14,ES,1091.75,1068.309803,1087.682153,range,15.25,21.450000,0.710956,small_range
2010-07-15,ES,1092.75,1070.637441,1087.880892,range,23.00,21.762500,1.056864,normal_range
2010-07-16,ES,1063.25,1069.933875,1086.914975,bear_trend,35.75,23.125000,1.545946,large_range
2010-07-19,ES,1060.00,1068.987792,1085.859486,bear_trend,14.00,22.512500,0.621877,small_range
2010-07-20,ES,1081.50,1070.179431,1085.688525,range,34.25,22.850000,1.498906,large_range
2010-07-21,ES,1062.75,1069.471866,1084.788975,bear_trend,26.75,23.312500,1.147453,normal_range
2010-07-22,ES,1086.75,1071.117402,1084.865878,range,33.25,23.750000,1.400000,large_range
2010-07-23,ES,1101.00,1073.963364,1085.498589,range,17.50,23.787500,0.735681,small_range
2010-07-26,ES,1109.50,1077.347806,1086.439821,range,14.75,23.862500,0.618125,small_range
2010-07-27,ES,1110.50,1080.505158,1087.383357,range,12.75,22.275000,0.572391,small_range
2010-07-28,ES,1102.50,1082.599904,1087.976167,range,16.50,22.025000,0.749149,small_range
2010-07-29,ES,1097.00,1083.971342,1088.330043,range,24.25,22.050000,1.099773,normal_range
2010-07-30,ES,1100.25,1085.521690,1088.797492,range,20.00,21.962500,0.910643,normal_range
2010-08-02,ES,1121.50,1088.948196,1090.079943,range,22.50,22.800000,0.986842,normal_range
2010-08-03,ES,1118.75,1091.786463,1091.204259,bull_trend,9.50,21.487500,0.442118,small_range
2010-08-04,ES,1125.00,1094.949657,1092.529582,bull_trend,13.75,20.000000,0.687500,small_range
2010-08-05,ES,1124.25,1097.740166,1093.773520,bull_trend,12.25,19.887500,0.615965,small_range
2010-08-06,ES,1119.75,1099.836341,1094.792206,bull_trend,23.25,20.462500,1.136225,normal_range
2010-08-09,ES,1125.25,1102.256689,1095.986629,bull_trend,10.25,20.312500,0.504615,small_range
2010-08-10,ES,1119.50,1103.898909,1096.908722,bull_trend,17.50,19.925000,0.878294,normal_range
2010-08-11,ES,1081.50,1101.765680,1096.304458,range,38.25,21.075000,1.814947,large_range
2010-08-12,ES,1079.50,1099.645139,1095.645460,range,17.00,20.775000,0.818291,normal_range
2010-08-13,ES,1075.75,1097.369411,1094.865246,range,16.50,19.812500,0.832808,normal_range
2010-08-16,ES,1077.25,1095.453277,1094.174452,range,15.25,19.875000,0.767296,small_range
2010-08-17,ES,1089.75,1094.910108,1094.000944,range,24.00,19.362500,1.239509,large_range
2010-08-18,ES,1088.50,1094.299621,1093.785221,range,14.75,18.762500,0.786143,small_range
2010-08-19,ES,1072.25,1092.199657,1092.940702,bear_trend,26.50,18.425000,1.438263,large_range
2010-08-20,ES,1071.00,1090.180642,1092.080283,bear_trend,14.25,18.262500,0.780287,small_range
2010-08-23,ES,1065.25,1087.806295,1091.028115,bear_trend,16.00,18.325000,0.873124,normal_range
2010-08-24,ES,1048.00,1084.015220,1089.340738,bear_trend,21.50,18.762500,1.145903,normal_range
2010-08-25,ES,1055.25,1081.275675,1088.003846,bear_trend,20.75,18.975000,1.093544,normal_range
2010-08-26,ES,1043.75,1077.701801,1086.268401,bear_trend,19.25,18.725000,1.028037,normal_range
2010-08-27,ES,1064.00,1076.396868,1085.395130,bear_trend,27.25,19.087500,1.427636,large_range
2010-08-30,ES,1046.00,1073.501928,1083.850223,bear_trend,28.25,19.300000,1.463731,large_range
2010-08-31,ES,1052.75,1071.525554,1082.630607,bear_trend,16.75,19.662500,0.851875,normal_range
2010-09-01,ES,1081.00,1072.427882,1082.566661,range,31.75,20.562500,1.544073,large_range
2010-09-02,ES,1089.25,1074.029989,1082.828753,range,14.00,20.650000,0.677966,small_range
2010-09-03,ES,1103.25,1076.812847,1083.629586,range,18.25,20.400000,0.894608,normal_range
2010-09-06,ES,1104.50,1079.449718,1084.448034,range,5.25,20.150000,0.260546,small_range
2010-09-07,ES,1091.25,1080.573555,1084.714778,range,17.50,20.150000,0.868486,normal_range
2010-09-08,ES,1099.75,1082.399883,1085.304394,range,16.75,19.075000,0.878113,normal_range
2010-09-09,ES,1101.75,1084.242751,1085.949320,range,15.25,18.987500,0.803160,normal_range
2010-09-10,ES,1109.50,1086.648203,1086.872876,range,9.75,18.650000,0.522788,small_range
2010-09-13,ES,1122.50,1090.062660,1088.270018,bull_trend,12.00,18.612500,0.644728,small_range
2010-09-14,ES,1113.50,1092.294788,1089.259429,bull_trend,14.00,18.112500,0.772947,small_range
2010-09-15,ES,1120.25,1094.957189,1090.474746,bull_trend,12.75,18.012500,0.707842,small_range
2010-09-16,ES,1123.50,1097.675552,1091.769854,bull_trend,11.75,17.275000,0.680174,small_range
2010-09-17,ES,1119.50,1099.754071,1092.857310,bull_trend,15.75,17.350000,0.907781,normal_range
2010-09-20,ES,1136.00,1103.206064,1094.549181,bull_trend,23.25,17.712500,1.312632,large_range
2010-09-21,ES,1134.00,1106.138820,1096.096272,bull_trend,13.75,17.325000,0.793651,small_range
2010-09-22,ES,1131.50,1108.554170,1097.484653,bull_trend,13.75,16.975000,0.810015,normal_range
2010-09-23,ES,1120.00,1109.644249,1098.367608,bull_trend,17.25,16.875000,1.022222,normal_range
2010-09-24,ES,1143.00,1112.820988,1100.117898,bull_trend,26.00,16.812500,1.546468,large_range
2010-09-27,ES,1138.25,1115.242798,1101.613274,bull_trend,12.75,16.037500,0.795012,small_range
2010-09-28,ES,1142.50,1117.838722,1103.216675,bull_trend,18.75,16.137500,1.161890,normal_range
2010-09-29,ES,1140.50,1119.996939,1104.678766,bull_trend,11.25,15.112500,0.744417,small_range
2010-09-30,ES,1136.00,1121.521040,1105.907050,bull_trend,22.25,15.525000,1.433172,large_range
2010-10-01,ES,1142.25,1123.495227,1107.332264,bull_trend,12.00,15.212500,0.788825,small_range
2010-10-04,ES,1135.25,1124.614729,1108.427077,bull_trend,17.00,15.800000,1.075949,normal_range
2010-10-05,ES,1154.75,1127.484755,1110.243662,bull_trend,26.00,16.225000,1.602465,large_range
2010-10-06,ES,1156.25,1130.224302,1112.047832,bull_trend,9.00,15.837500,0.568272,small_range
2010-10-07,ES,1156.00,1132.679130,1113.771447,bull_trend,16.50,15.900000,1.037736,normal_range
2010-10-08,ES,1160.50,1135.328737,1115.603939,bull_trend,18.50,16.337500,1.132364,normal_range
2010-10-11,ES,1162.00,1137.868857,1117.423392,bull_trend,7.25,15.975000,0.453834,small_range
2010-10-12,ES,1166.00,1140.548014,1119.328357,bull_trend,17.25,16.137500,1.068939,normal_range
2010-10-13,ES,1174.00,1143.733917,1121.472343,bull_trend,16.75,16.337500,1.025249,normal_range
2010-10-14,ES,1175.50,1146.759258,1123.591075,bull_trend,18.25,16.662500,1.095274,normal_range
2010-10-15,ES,1175.00,1149.448853,1125.607111,bull_trend,17.00,16.725000,1.016442,normal_range
2010-10-18,ES,1172.00,1151.596581,1127.426440,bull_trend,17.50,16.437500,1.064639,normal_range
2010-10-19,ES,1162.75,1152.658812,1128.811678,bull_trend,22.50,16.875000,1.333333,large_range
2010-10-20,ES,1176.50,1154.929401,1130.681808,bull_trend,19.50,17.162500,1.136198,normal_range
2010-10-21,ES,1175.00,1156.840887,1132.419776,bull_trend,19.00,17.250000,1.101449,normal_range
2010-10-22,ES,1181.25,1159.165564,1134.334687,bull_trend,8.25,16.362500,0.504202,small_range
2010-10-25,ES,1182.25,1161.364082,1136.213719,bull_trend,12.50,16.350000,0.764526,small_range
2010-10-26,ES,1183.25,1163.448455,1138.058279,bull_trend,10.25,15.925000,0.643642,small_range
2010-10-27,ES,1178.00,1164.834316,1139.624621,bull_trend,18.50,16.287500,1.135840,normal_range
2010-10-28,ES,1179.75,1166.254858,1141.198165,bull_trend,14.00,15.875000,0.881890,normal_range
2010-10-29,ES,1180.50,1167.611538,1142.739414,bull_trend,10.50,15.800000,0.664557,small_range
2010-11-01,ES,1182.25,1169.005677,1144.288849,bull_trend,19.00,15.900000,1.194969,normal_range
2010-11-02,ES,1192.75,1171.267041,1146.189286,bull_trend,12.75,15.237500,0.836751,normal_range
2010-11-03,ES,1197.00,1173.717799,1148.181863,bull_trend,18.50,15.712500,1.177407,normal_range
2010-11-04,ES,1217.50,1177.887533,1150.900221,bull_trend,23.50,16.062500,1.463035,large_range
2010-11-05,ES,1222.25,1182.112529,1153.698252,bull_trend,12.00,15.737500,0.762510,small_range
2010-11-08,ES,1218.25,1185.554193,1156.229693,bull_trend,7.50,15.750000,0.476190,small_range
2010-11-09,ES,1210.50,1187.929984,1158.357940,bull_trend,18.50,15.812500,1.169960,normal_range
2010-11-10,ES,1210.25,1190.055700,1160.392923,bull_trend,15.25,15.737500,0.969023,normal_range
2010-11-11,ES,1210.25,1191.978967,1162.348102,bull_trend,11.25,15.387500,0.731113,small_range
2010-11-12,ES,1194.75,1192.242875,1163.618765,bull_trend,20.25,15.550000,1.302251,large_range
2010-11-15,ES,1194.50,1192.457839,1164.829794,bull_trend,13.25,15.337500,0.863896,normal_range
2010-11-16,ES,1176.00,1190.890426,1165.267841,range,23.75,15.400000,1.542208,large_range
2010-11-17,ES,1177.25,1189.591338,1165.737730,range,8.75,14.862500,0.588730,small_range
2010-11-18,ES,1196.75,1190.273115,1166.953897,bull_trend,21.50,15.000000,1.433333,large_range
2010-11-19,ES,1198.00,1191.009009,1168.171391,bull_trend,12.50,15.212500,0.821693,normal_range
2010-11-22,ES,1196.75,1191.555770,1169.292121,bull_trend,23.50,15.762500,1.490880,large_range
2010-11-23,ES,1176.75,1190.145697,1169.584587,range,23.00,16.400000,1.402439,large_range
2010-11-24,ES,1195.25,1190.631821,1170.591074,bull_trend,22.00,16.575000,1.327300,large_range
2010-11-25,ES,1200.00,1191.524028,1171.744365,bull_trend,7.75,16.262500,0.476556,small_range
2010-11-26,ES,1183.25,1190.736026,1172.195566,range,17.00,16.612500,1.023326,normal_range
2010-11-29,ES,1187.00,1190.380214,1172.776132,range,21.50,16.737500,1.284541,large_range
2010-11-30,ES,1178.25,1189.224955,1172.990794,range,15.25,16.862500,0.904374,normal_range
2010-12-01,ES,1204.50,1190.679721,1174.226449,bull_trend,31.50,17.512500,1.798715,large_range
2010-12-02,ES,1222.25,1193.686415,1176.109726,bull_trend,21.25,17.400000,1.221264,large_range
2010-12-03,ES,1223.75,1196.549613,1177.977972,bull_trend,14.25,17.512500,0.813704,normal_range
2010-12-06,ES,1221.25,1198.902031,1179.674914,bull_trend,10.50,17.662500,0.594480,small_range
2010-12-07,ES,1221.50,1201.054218,1181.315113,bull_trend,16.00,17.537500,0.912331,normal_range
2010-12-08,ES,1230.00,1203.810960,1183.224325,bull_trend,13.00,17.425000,0.746055,small_range
2010-12-09,ES,1232.00,1206.495630,1185.137096,bull_trend,11.50,17.437500,0.659498,small_range
2010-12-10,ES,1241.00,1209.781761,1187.327798,bull_trend,9.25,16.900000,0.547337,small_range
2010-12-13,ES,1241.25,1212.778736,1189.442394,bull_trend,10.25,16.750000,0.611940,small_range
2010-12-14,ES,1236.50,1215.037904,1191.287791,bull_trend,9.50,16.037500,0.592362,small_range
2010-12-15,ES,1233.50,1216.796199,1192.943171,bull_trend,10.75,16.137500,0.666150,small_range
2010-12-16,ES,1239.25,1218.934656,1194.759126,bull_trend,12.25,15.662500,0.782123,small_range
2010-12-17,ES,1238.50,1220.798022,1196.474454,bull_trend,6.50,15.362500,0.423108,small_range
2010-12-20,ES,1241.50,1222.769639,1198.240162,bull_trend,11.75,14.775000,0.795262,small_range
2010-12-21,ES,1250.00,1225.363007,1200.269959,bull_trend,10.25,14.137500,0.725022,small_range
2010-12-22,ES,1254.50,1228.137958,1202.396628,bull_trend,6.00,13.337500,0.449859,small_range
2010-12-23,ES,1252.75,1230.481962,1204.371270,bull_trend,6.50,13.275000,0.489642,small_range
2010-12-27,ES,1253.25,1232.650347,1206.288083,bull_trend,8.75,12.837500,0.681597,small_range
2010-12-28,ES,1253.50,1234.636028,1208.139530,bull_trend,5.00,12.012500,0.416233,small_range
2010-12-29,ES,1256.00,1236.670692,1210.016411,bull_trend,5.25,11.512500,0.456026,small_range
2010-12-30,ES,1254.50,1238.368721,1211.760866,bull_trend,6.00,10.237500,0.586081,small_range
2010-12-31,ES,1257.50,1240.190748,1213.554557,bull_trend,8.25,9.587500,0.860495,normal_range
2011-01-03,ES,1265.50,1242.601153,1215.591634,bull_trend,17.25,9.737500,1.771502,large_range
2011-01-04,ES,1265.50,1244.781996,1217.548824,bull_trend,11.75,9.800000,1.198980,normal_range
2011-01-05,ES,1271.25,1247.302758,1219.654753,bull_trend,18.00,9.900000,1.818182,large_range
2011-01-06,ES,1269.75,1249.440590,1221.619272,bull_trend,10.75,9.787500,1.098340,normal_range
2011-01-07,ES,1267.25,1251.136725,1223.408713,bull_trend,16.25,10.025000,1.620948,large_range
2011-01-10,ES,1265.25,1252.480846,1225.049547,bull_trend,10.00,10.050000,0.995025,normal_range
2011-01-11,ES,1269.50,1254.101718,1226.792702,bull_trend,9.75,10.025000,0.972569,normal_range
2011-01-12,ES,1282.75,1256.830126,1228.987106,bull_trend,15.00,10.300000,1.456311,large_range
2011-01-13,ES,1282.25,1259.251066,1231.075847,bull_trend,8.25,10.175000,0.810811,normal_range
2011-01-14,ES,1290.00,1262.179536,1233.386598,bull_trend,15.75,10.350000,1.521739,large_range
2011-01-17,ES,1285.25,1264.376723,1235.420457,bull_trend,8.75,10.462500,0.836320,normal_range
2011-01-18,ES,1293.50,1267.150369,1237.698086,bull_trend,12.25,10.487500,1.168057,normal_range
2011-01-19,ES,1278.25,1268.207476,1239.288357,bull_trend,21.25,11.037500,1.925255,large_range
2011-01-20,ES,1277.75,1269.116288,1240.796657,bull_trend,14.00,11.437500,1.224044,large_range
2011-01-21,ES,1280.25,1270.176642,1242.343847,bull_trend,14.75,11.850000,1.244726,large_range
2011-01-24,ES,1287.75,1271.850295,1244.124481,bull_trend,12.00,12.012500,0.998959,normal_range
2011-01-25,ES,1287.00,1273.293124,1245.805873,bull_trend,14.75,12.500000,1.180000,normal_range
2011-01-26,ES,1293.25,1275.193779,1247.666427,bull_trend,10.75,12.775000,0.841487,normal_range
2011-01-27,ES,1295.00,1277.080085,1249.522646,bull_trend,9.00,12.925000,0.696325,small_range
2011-01-28,ES,1270.50,1276.453411,1250.345287,range,29.00,13.962500,2.076992,large_range
2011-01-31,ES,1282.50,1277.029276,1251.606256,bull_trend,21.50,14.175000,1.516755,large_range
2011-02-01,ES,1302.25,1279.431250,1253.592286,bull_trend,24.75,14.825000,1.669477,large_range
2011-02-02,ES,1300.25,1281.413988,1255.422000,bull_trend,7.50,14.300000,0.524476,small_range
2011-02-03,ES,1303.50,1283.517418,1257.307412,bull_trend,14.25,14.475000,0.984456,normal_range
2011-02-04,ES,1307.50,1285.801473,1259.275748,bull_trend,10.50,14.187500,0.740088,small_range
2011-02-07,ES,1314.50,1288.534666,1261.441405,bull_trend,14.00,14.387500,0.973067,normal_range
2011-02-08,ES,1321.50,1291.674222,1263.796644,bull_trend,9.25,14.362500,0.644038,small_range
2011-02-09,ES,1318.75,1294.252867,1265.951678,bull_trend,10.25,14.125000,0.725664,small_range
2011-02-10,ES,1314.50,1296.181166,1267.855534,bull_trend,12.00,14.312500,0.838428,normal_range
2011-02-11,ES,1327.50,1299.163912,1270.194532,bull_trend,18.75,14.462500,1.296456,large_range
2011-02-14,ES,1326.00,1301.719730,1272.382982,bull_trend,6.75,14.362500,0.469974,small_range
2011-02-15,ES,1326.25,1304.055946,1274.495414,bull_trend,7.00,14.100000,0.496454,small_range
2011-02-16,ES,1333.00,1306.812523,1276.789712,bull_trend,10.00,13.537500,0.738689,small_range
2011-02-17,ES,1338.00,1309.782759,1279.190115,bull_trend,11.50,13.412500,0.857409,normal_range
2011-02-18,ES,1343.00,1312.946305,1281.692464,bull_trend,8.00,13.075000,0.611855,small_range
2011-02-21,ES,1330.00,1314.570467,1283.586877,bull_trend,13.50,13.175000,1.024668,normal_range
2011-02-22,ES,1314.00,1314.516137,1284.779548,range,24.25,13.650000,1.776557,large_range
2011-02-23,ES,1306.50,1313.752695,1285.631331,range,23.00,14.262500,1.612621,large_range
2011-02-24,ES,1302.25,1312.657200,1286.283043,range,18.25,14.725000,1.239389,large_range
2011-02-25,ES,1318.75,1313.237467,1287.556257,bull_trend,16.75,14.162500,1.182701,normal_range
2011-02-28,ES,1326.50,1314.500565,1289.083463,bull_trend,16.00,13.887500,1.152115,normal_range
2011-03-01,ES,1298.25,1312.952892,1289.442935,range,38.50,14.575000,2.641509,large_range
2011-03-02,ES,1305.75,1312.266903,1290.082428,range,17.50,15.075000,1.160862,normal_range
2011-03-03,ES,1329.50,1313.908150,1291.628215,bull_trend,27.00,15.712500,1.718377,large_range
2011-03-04,ES,1320.00,1314.488326,1292.740834,bull_trend,23.25,16.350000,1.422018,large_range
2011-03-07,ES,1309.75,1314.037057,1293.407860,range,24.50,16.875000,1.451852,large_range
2011-03-08,ES,1320.25,1314.628766,1294.460493,bull_trend,19.75,17.400000,1.135057,normal_range
2011-03-09,ES,1315.75,1314.735550,1295.295375,bull_trend,13.50,17.562500,0.768683,small_range
2011-03-10,ES,1294.00,1312.760736,1295.244576,range,25.00,18.212500,1.372684,large_range
2011-03-11,ES,1306.50,1312.164475,1295.685966,range,25.75,18.562500,1.387205,large_range
2011-03-14,ES,1291.25,1310.172620,1295.512006,range,24.75,19.500000,1.269231,large_range
2011-03-15,ES,1274.50,1306.775228,1294.688006,range,42.25,21.262500,1.987066,large_range
2011-03-16,ES,1252.75,1301.629968,1293.043378,range,40.25,22.775000,1.767289,large_range
2011-03-17,ES,1267.75,1298.403305,1292.051481,range,33.25,23.862500,1.393400,large_range
2011-03-18,ES,1274.50,1296.126799,1291.363188,range,26.00,24.762500,1.049975,normal_range
2011-03-21,ES,1292.50,1295.781390,1291.407769,range,21.50,25.150000,0.854871,normal_range
2011-03-22,ES,1288.50,1295.087924,1291.293738,range,9.00,24.387500,0.369042,small_range
2011-03-23,ES,1291.50,1294.746217,1291.301827,range,17.00,24.087500,0.705760,small_range
2011-03-24,ES,1305.50,1295.770387,1291.858618,bull_trend,17.50,24.050000,0.727651,small_range
2011-03-25,ES,1310.75,1297.197017,1292.599457,bull_trend,9.25,23.625000,0.391534,small_range
2011-03-28,ES,1302.50,1297.702063,1292.987713,bull_trend,13.25,23.487500,0.564130,small_range
2011-03-29,ES,1317.25,1299.563771,1293.939176,bull_trend,18.25,22.475000,0.812013,normal_range
2011-03-30,ES,1324.00,1301.891031,1295.118031,bull_trend,13.00,22.250000,0.584270,small_range
2011-03-31,ES,1321.75,1303.782361,1296.162422,bull_trend,5.25,21.162500,0.248080,small_range
2011-04-01,ES,1327.50,1306.041184,1297.391347,bull_trend,12.75,20.637500,0.617807,small_range
2011-04-04,ES,1330.00,1308.322976,1298.670118,bull_trend,8.25,19.825000,0.416141,small_range
2011-04-05,ES,1326.50,1310.054121,1299.761486,bull_trend,11.25,19.400000,0.579897,small_range
2011-04-06,ES,1328.25,1311.787062,1300.878682,bull_trend,9.75,19.225000,0.507152,small_range
2011-04-07,ES,1328.75,1313.402580,1301.971675,bull_trend,13.00,18.625000,0.697987,small_range
2011-04-08,ES,1324.25,1314.435668,1302.845335,bull_trend,17.00,18.187500,0.934708,normal_range
2011-04-11,ES,1318.50,1314.822747,1303.459243,bull_trend,13.25,17.575000,0.753912,small_range
2011-04-12,ES,1309.00,1314.268200,1303.676528,range,13.25,16.125000,0.821705,normal_range
2011-04-13,ES,1308.50,1313.718847,1303.865684,range,13.75,14.800000,0.929054,normal_range
2011-04-14,ES,1310.50,1313.412290,1304.125853,range,15.00,13.887500,1.080108,normal_range
2011-04-15,ES,1319.00,1313.944453,1304.709153,bull_trend,13.50,13.262500,1.017908,normal_range
2011-04-18,ES,1299.25,1312.544981,1304.495068,range,28.50,13.612500,2.093664,large_range
2011-04-19,ES,1311.00,1312.397840,1304.750164,range,18.50,14.087500,1.313221,large_range
2011-04-20,ES,1333.25,1314.383760,1305.867804,bull_trend,22.25,14.375000,1.547826,large_range
2011-04-21,ES,1330.75,1315.942450,1306.843577,bull_trend,9.00,13.950000,0.645161,small_range
2011-04-25,ES,1332.00,1317.471740,1307.830103,bull_trend,8.00,13.887500,0.576058,small_range
2011-04-26,ES,1342.00,1319.807765,1309.170099,bull_trend,18.25,14.137500,1.290893,large_range
2011-04-27,ES,1351.75,1322.849883,1310.839899,bull_trend,14.00,13.925000,1.005386,normal_range
2011-04-28,ES,1355.25,1325.935608,1312.581472,bull_trend,11.75,13.862500,0.847610,normal_range
2011-04-29,ES,1363.50,1329.513169,1314.578277,bull_trend,11.00,14.150000,0.777385,small_range
2011-05-02,ES,1357.25,1332.154772,1316.251678,bull_trend,18.75,14.450000,1.297578,large_range
2011-05-03,ES,1350.50,1333.901937,1317.594749,bull_trend,11.75,14.625000,0.803419,normal_range
2011-05-04,ES,1344.00,1334.863657,1318.630249,bull_trend,17.50,14.937500,1.171548,normal_range
2011-05-05,ES,1335.00,1334.876642,1319.272200,bull_trend,23.50,15.612500,1.505204,large_range
2011-05-06,ES,1335.00,1334.888390,1319.888977,bull_trend,20.00,15.962500,1.252937,large_range
2011-05-09,ES,1343.75,1335.732353,1320.824703,bull_trend,11.75,15.700000,0.748408,small_range
2011-05-10,ES,1354.50,1337.519748,1322.145303,bull_trend,17.50,15.912500,1.099764,normal_range
2011-05-11,ES,1335.75,1337.351201,1322.678820,range,25.25,16.512500,1.529145,large_range
2011-05-12,ES,1346.75,1338.246324,1323.622788,bull_trend,20.00,16.825000,1.188707,normal_range
2011-05-13,ES,1334.00,1337.841913,1324.029738,range,22.00,17.175000,1.280932,large_range
2011-05-16,ES,1322.50,1336.380778,1323.969748,range,20.75,17.537500,1.183179,normal_range
2011-05-17,ES,1326.75,1335.463561,1324.078778,range,16.00,16.900000,0.946746,normal_range
2011-05-18,ES,1339.50,1335.847984,1324.683531,bull_trend,16.00,16.775000,0.953800,normal_range
2011-05-19,ES,1341.75,1336.410081,1325.352805,bull_trend,11.00,16.187500,0.679537,small_range
2011-05-20,ES,1328.50,1335.656740,1325.476224,range,17.00,16.587500,1.024868,normal_range
2011-05-23,ES,1314.50,1333.641812,1325.045784,range,16.25,17.075000,0.951684,normal_range
2011-05-24,ES,1312.50,1331.628306,1324.553792,range,11.25,16.725000,0.672646,small_range
2011-05-25,ES,1316.25,1330.163706,1324.228153,range,22.25,17.137500,1.298322,large_range
2011-05-26,ES,1327.00,1329.862400,1324.336853,range,15.00,17.300000,0.867052,normal_range
2011-05-27,ES,1330.00,1329.875505,1324.558938,bull_trend,9.25,17.212500,0.537400,small_range
2011-05-30,ES,1330.50,1329.934981,1324.791920,bull_trend,4.75,16.512500,0.287661,small_range
2011-05-31,ES,1344.00,1331.274506,1325.545178,bull_trend,15.00,16.687500,0.898876,normal_range
2011-06-01,ES,1313.00,1329.534077,1325.053211,range,36.50,17.637500,2.069454,large_range
2011-06-02,ES,1313.00,1327.959403,1324.580536,range,13.50,17.137500,0.787746,small_range
2011-06-03,ES,1295.75,1324.891841,1323.449926,range,18.25,17.062500,1.069597,normal_range
2011-06-06,ES,1285.00,1321.092618,1321.942086,bear_trend,15.75,17.262500,0.912382,normal_range
2011-06-07,ES,1285.75,1317.726654,1320.522789,bear_trend,13.00,17.037500,0.763023,small_range
2011-06-08,ES,1275.50,1313.705068,1318.757189,bear_trend,12.50,16.400000,0.762195,small_range
2011-06-09,ES,1287.50,1311.209347,1317.531417,bear_trend,16.25,16.325000,0.995406,normal_range
2011-06-10,ES,1269.75,1307.260838,1315.657636,bear_trend,21.75,16.312500,1.333333,large_range
2011-06-13,ES,1273.00,1303.997901,1313.984787,bear_trend,12.25,15.887500,0.771046,small_range
2011-06-14,ES,1283.00,1301.998101,1312.769698,bear_trend,16.50,15.912500,1.036921,normal_range
2011-06-15,ES,1259.75,1297.974472,1310.690494,bear_trend,28.00,16.512500,1.695685,large_range
2011-06-16,ES,1264.75,1294.810237,1308.888906,bear_trend,16.75,16.800000,0.997024,normal_range
2011-06-17,ES,1265.75,1292.042595,1307.197184,bear_trend,18.75,16.887500,1.110289,normal_range
2011-06-20,ES,1273.25,1290.252824,1305.865922,bear_trend,19.00,16.950000,1.120944,normal_range
2011-06-21,ES,1288.75,1290.109698,1305.194709,bear_trend,21.00,17.437500,1.204301,large_range
2011-06-22,ES,1279.50,1289.099251,1304.187074,bear_trend,15.00,17.075000,0.878477,normal_range
2011-06-23,ES,1279.50,1288.185036,1303.218953,bear_trend,22.50,17.450000,1.289398,large_range
2011-06-24,ES,1263.75,1285.857890,1301.671151,bear_trend,24.75,18.225000,1.358025,large_range
2011-06-27,ES,1277.75,1285.085710,1300.733067,bear_trend,23.00,19.137500,1.201829,large_range
2011-06-28,ES,1294.25,1285.958500,1300.478829,range,23.50,19.550000,1.202046,large_range
2011-06-29,ES,1304.00,1287.676738,1300.616914,range,14.00,18.425000,0.759837,small_range
2011-06-30,ES,1313.75,1290.159906,1301.131937,range,15.25,18.512500,0.823768,normal_range
2011-07-01,ES,1335.25,1294.454200,1302.469900,range,24.00,18.787500,1.277445,large_range
2011-07-04,ES,1333.75,1298.196657,1303.696571,range,6.50,18.350000,0.354223,small_range
2011-07-05,ES,1335.50,1301.749357,1304.943764,range,8.50,18.125000,0.468966,small_range
2011-07-06,ES,1338.00,1305.201799,1306.240087,range,14.25,18.212500,0.782430,small_range
2011-07-07,ES,1351.25,1309.587342,1308.005182,bull_trend,15.75,18.075000,0.871369,normal_range
2011-07-08,ES,1341.75,1312.650452,1309.328508,bull_trend,25.25,18.250000,1.383562,large_range
2011-07-11,ES,1318.00,1313.159933,1309.668566,bull_trend,27.75,19.137500,1.450033,large_range
2011-07-12,ES,1310.25,1312.882796,1309.691368,range,28.00,19.712500,1.420419,large_range
2011-07-13,ES,1312.50,1312.846340,1309.801510,range,20.50,19.337500,1.060116,normal_range
2011-07-14,ES,1306.75,1312.265736,1309.681843,range,21.25,19.562500,1.086262,normal_range
2011-07-15,ES,1314.50,1312.478523,1309.870790,bull_trend,15.00,19.375000,0.774194,small_range
2011-07-18,ES,1301.50,1311.432949,1309.542524,range,23.50,19.600000,1.198980,normal_range
2011-07-19,ES,1322.75,1312.510764,1310.060464,bull_trend,24.50,19.775000,1.238938,large_range
2011-07-20,ES,1317.25,1312.962120,1310.342407,bull_trend,12.75,19.662500,0.648442,small_range
2011-07-21,ES,1343.25,1315.846680,1311.632901,bull_trend,29.50,20.012500,1.474079,large_range
2011-07-22,ES,1340.75,1318.218424,1312.774748,bull_trend,15.00,19.525000,0.768246,small_range
2011-07-25,ES,1333.50,1319.673813,1313.587503,bull_trend,18.25,19.312500,0.944984,normal_range
2011-07-26,ES,1326.00,1320.276307,1314.074267,bull_trend,14.25,18.850000,0.755968,small_range
2011-07-27,ES,1300.50,1318.392849,1313.541943,range,30.50,19.675000,1.550191,large_range
2011-07-28,ES,1298.50,1316.498292,1312.952063,range,17.75,19.800000,0.896465,normal_range
2011-07-29,ES,1292.50,1314.212740,1312.150021,range,22.25,19.712500,1.128725,normal_range
2011-08-01,ES,1279.50,1310.906765,1310.869628,range,39.50,21.337500,1.851201,large_range
2011-08-02,ES,1246.25,1304.748978,1308.335525,bear_trend,39.50,22.887500,1.725833,large_range
2011-08-03,ES,1254.75,1299.987170,1306.234132,bear_trend,27.75,23.562500,1.177719,normal_range
2011-08-04,ES,1195.50,1290.036011,1301.891617,bear_trend,71.00,26.325000,2.697056,large_range
2011-08-05,ES,1197.50,1281.223058,1297.797828,bear_trend,55.75,27.850000,2.001795,large_range
2011-08-08,ES,1113.50,1265.249433,1290.570462,bear_trend,79.50,30.750000,2.585366,large_range
2011-08-09,ES,1173.25,1256.487582,1285.969660,bear_trend,98.50,34.275000,2.873815,large_range
2011-08-10,ES,1127.50,1244.203051,1279.755164,bear_trend,64.75,36.487500,1.774580,large_range
2011-08-11,ES,1169.50,1237.088475,1275.431432,bear_trend,81.00,39.475000,2.051932,large_range
2011-08-12,ES,1177.00,1231.365763,1271.571375,bear_trend,40.00,40.725000,0.982198,normal_range
2011-08-15,ES,1197.75,1228.164261,1268.676420,bear_trend,25.50,40.825000,0.624617,small_range
2011-08-16,ES,1191.75,1224.696237,1265.659697,bear_trend,24.00,40.800000,0.588235,small_range
2011-08-17,ES,1187.25,1221.129928,1262.584807,bear_trend,25.25,41.425000,0.609535,small_range
2011-08-18,ES,1142.75,1213.665173,1257.885403,bear_trend,60.75,42.987500,1.413202,large_range
2011-08-19,ES,1123.75,1205.101823,1252.625191,bear_trend,35.75,44.025000,0.812039,normal_range
2011-08-22,ES,1123.00,1197.282602,1247.541850,bear_trend,35.25,44.850000,0.785953,small_range
2011-08-23,ES,1160.50,1193.779497,1244.128444,bear_trend,42.25,46.250000,0.913514,normal_range
2011-08-24,ES,1171.25,1191.633831,1241.270466,bear_trend,34.25,46.437500,0.737550,small_range
2011-08-25,ES,1155.75,1188.216323,1237.916722,bear_trend,35.50,47.325000,0.750132,small_range
2011-08-26,ES,1175.25,1186.981435,1235.459204,bear_trend,47.00,48.562500,0.967825,normal_range
2011-08-29,ES,1207.50,1188.935584,1234.362764,range,36.50,48.412500,0.753938,small_range
2011-08-30,ES,1204.25,1190.394100,1233.181872,range,25.25,47.700000,0.529350,small_range
2011-08-31,ES,1218.50,1193.070852,1232.606112,range,28.50,47.737500,0.597015,small_range
2011-09-01,ES,1200.75,1193.802200,1231.356853,range,29.50,45.662500,0.646044,small_range
2011-09-02,ES,1169.75,1191.511514,1228.940898,bear_trend,34.75,44.612500,0.778930,small_range
2011-09-05,ES,1145.50,1187.129465,1225.668706,bear_trend,28.50,41.787500,0.682022,small_range
2011-09-06,ES,1165.25,1185.045707,1223.299345,bear_trend,30.50,38.387500,0.794529,small_range
2011-09-07,ES,1199.25,1186.398496,1222.356233,range,35.75,36.937500,0.967851,normal_range
2011-09-08,ES,1185.50,1186.312925,1220.910891,bear_trend,21.75,33.975000,0.640177,small_range
2011-09-09,ES,1158.25,1183.640266,1218.453601,bear_trend,47.25,34.337500,1.376047,large_range
2011-09-12,ES,1164.00,1181.769764,1216.318166,bear_trend,37.75,34.950000,1.080114,normal_range
2011-09-13,ES,1169.50,1180.601215,1214.482159,bear_trend,31.75,35.337500,0.898479,normal_range
2011-09-14,ES,1181.25,1180.663004,1213.178937,range,48.25,36.487500,1.322371,large_range
2011-09-15,ES,1202.75,1182.766528,1212.769959,range,29.75,34.937500,0.851521,normal_range
2011-09-16,ES,1211.75,1185.526858,1212.729961,range,19.75,34.137500,0.578543,small_range
2011-09-19,ES,1197.50,1186.667158,1212.132707,range,22.25,33.887500,0.656584,small_range
2011-09-20,ES,1199.00,1187.841714,1211.617699,range,29.25,33.237500,0.880030,normal_range
2011-09-21,ES,1157.50,1184.952027,1209.495437,bear_trend,48.75,33.962500,1.435407,large_range
2011-09-22,ES,1128.00,1179.528024,1206.299537,bear_trend,52.25,34.800000,1.501437,large_range
2011-09-23,ES,1130.75,1174.882498,1203.336810,bear_trend,36.50,34.275000,1.064916,normal_range
2011-09-26,ES,1158.75,1173.346070,1201.588308,bear_trend,44.00,34.650000,1.269841,large_range
2011-09-27,ES,1169.75,1173.003587,1200.339747,bear_trend,35.00,35.137500,0.996087,normal_range
2011-09-28,ES,1147.25,1170.550864,1198.257796,bear_trend,38.25,35.625000,1.073684,normal_range
2011-09-29,ES,1157.50,1169.307925,1196.659451,bear_trend,37.25,36.012500,1.034363,normal_range
2011-09-30,ES,1122.25,1164.826218,1193.741433,bear_trend,38.25,36.187500,1.056995,normal_range
2011-10-03,ES,1086.50,1157.366578,1189.535887,bear_trend,48.25,37.025000,1.303174,large_range
2011-10-04,ES,1113.00,1153.141190,1186.534479,bear_trend,51.75,38.087500,1.358713,large_range
2011-10-05,ES,1135.50,1151.461076,1184.533127,bear_trend,34.75,38.037500,0.913572,normal_range
2011-10-06,ES,1157.50,1152.036212,1183.473005,range,31.50,38.525000,0.817651,normal_range
2011-10-07,ES,1155.75,1152.389906,1182.385828,range,29.00,37.612500,0.771020,small_range
2011-10-10,ES,1189.75,1155.948010,1182.674619,range,35.75,37.550000,0.952064,normal_range
2011-10-11,ES,1185.75,1158.786295,1182.795222,range,14.00,36.662500,0.381862,small_range
2011-10-12,ES,1198.75,1162.592362,1183.420900,range,35.25,36.012500,0.978827,normal_range
2011-10-13,ES,1198.25,1165.988328,1184.002433,range,19.00,35.475000,0.535588,small_range
2011-10-14,ES,1220.00,1171.132296,1185.414102,range,28.50,35.912500,0.793596,small_range
2011-10-17,ES,1192.00,1173.119697,1185.672373,range,40.00,36.400000,1.098901,normal_range
2011-10-18,ES,1217.00,1177.298773,1186.900907,range,44.25,37.150000,1.191117,normal_range
2011-10-19,ES,1207.50,1180.175081,1187.708715,range,25.75,36.000000,0.715278,small_range
2011-10-20,ES,1210.00,1183.015549,1188.582883,range,23.75,34.575000,0.686913,small_range
2011-10-21,ES,1234.75,1187.942640,1190.393358,range,26.50,34.075000,0.777696,small_range
2011-10-24,ES,1247.00,1193.567150,1192.613226,bull_trend,25.75,33.162500,0.776479,small_range
2011-10-25,ES,1225.00,1196.560755,1193.883296,bull_trend,32.25,33.025000,0.976533,normal_range
2011-10-26,ES,1242.25,1200.912112,1195.780029,bull_trend,27.00,32.462500,0.831729,normal_range
2011-10-27,ES,1282.25,1208.658577,1199.171009,bull_trend,51.50,33.175000,1.552374,large_range
2011-10-28,ES,1282.25,1215.667284,1202.429008,bull_trend,11.50,31.837500,0.361209,small_range
2011-10-31,ES,1243.00,1218.270400,1204.020028,bull_trend,38.75,31.437500,1.232604,large_range
2011-11-01,ES,1224.00,1218.816076,1204.803556,bull_trend,39.50,30.825000,1.281427,large_range
2011-11-02,ES,1235.00,1220.357402,1205.987730,bull_trend,22.25,30.200000,0.736755,small_range
2011-11-03,ES,1255.25,1223.680507,1207.919584,bull_trend,46.25,30.937500,1.494949,large_range
2011-11-04,ES,1250.75,1226.258554,1209.599208,bull_trend,24.25,30.700000,0.789902,small_range
2011-11-07,ES,1259.25,1229.400596,1211.546298,bull_trend,27.50,30.250000,0.909091,normal_range
2011-11-08,ES,1273.50,1233.600539,1213.975855,bull_trend,26.75,30.887500,0.866046,normal_range
2011-11-09,ES,1226.75,1232.948107,1214.476802,range,51.25,31.687500,1.617357,large_range
2011-11-10,ES,1239.00,1233.524478,1215.438496,bull_trend,26.75,32.075000,0.833983,normal_range
2011-11-11,ES,1261.75,1236.212623,1217.254633,bull_trend,31.00,32.200000,0.962733,normal_range
2011-11-14,ES,1252.50,1237.763802,1218.636805,bull_trend,27.25,31.562500,0.863366,normal_range
2011-11-15,ES,1254.75,1239.381535,1220.053008,bull_trend,28.25,30.762500,0.918326,normal_range
2011-11-16,ES,1230.25,1238.511865,1220.452890,range,30.50,31.000000,0.983871,normal_range
2011-11-17,ES,1215.75,1236.344068,1220.268463,range,35.25,31.575000,1.116390,normal_range
2011-11-18,ES,1213.50,1234.168443,1220.003033,range,21.00,31.300000,0.670927,small_range
2011-11-21,ES,1188.00,1229.771448,1218.748012,range,28.50,31.662500,0.900118,normal_range
2011-11-22,ES,1182.75,1225.293215,1217.336326,range,19.75,31.037500,0.636327,small_range
2011-11-23,ES,1159.75,1219.051004,1215.078038,range,26.50,31.012500,0.854494,normal_range
2011-11-24,ES,1159.25,1213.355670,1212.888704,range,17.75,29.325000,0.605286,small_range
2011-11-25,ES,1153.50,1207.655130,1210.559735,bear_trend,23.75,29.937500,0.793319,small_range
2011-11-28,ES,1191.00,1206.068927,1209.792686,bear_trend,27.00,30.062500,0.898129,normal_range
2011-11-29,ES,1190.50,1204.586172,1209.036110,bear_trend,19.75,29.075000,0.679278,small_range
2011-11-30,ES,1244.25,1208.363680,1210.417047,range,63.75,31.150000,2.046549,large_range
2011-12-01,ES,1243.25,1211.686186,1211.704614,range,15.25,29.600000,0.515203,small_range
2011-12-02,ES,1244.00,1214.763693,1212.971100,bull_trend,20.75,29.425000,0.705183,small_range
2011-12-05,ES,1252.50,1218.357627,1214.521253,bull_trend,18.25,29.162500,0.625804,small_range
2011-12-06,ES,1256.75,1222.014043,1216.177282,bull_trend,20.50,28.850000,0.710572,small_range
2011-12-07,ES,1263.25,1225.941277,1218.023271,bull_trend,24.00,27.487500,0.873124,normal_range
2011-12-08,ES,1232.50,1226.565917,1218.590986,bull_trend,41.25,28.212500,1.462118,large_range
2011-12-09,ES,1259.75,1229.726306,1220.205065,bull_trend,32.00,28.262500,1.132242,normal_range
2011-12-12,ES,1234.75,1230.204753,1220.775454,bull_trend,34.50,28.625000,1.205240,large_range
2011-12-13,ES,1226.75,1229.875729,1221.009750,range,31.25,28.775000,1.086012,normal_range
2011-12-14,ES,1206.25,1227.625660,1220.430937,range,27.25,28.612500,0.952381,normal_range
2011-12-15,ES,1211.25,1226.066073,1220.070900,range,22.50,27.975000,0.804290,normal_range
2011-12-16,ES,1210.00,1224.535971,1219.675963,range,16.75,27.762500,0.603332,small_range
2011-12-19,ES,1199.50,1222.151593,1218.884748,range,24.25,27.325000,0.887466,normal_range
2011-12-20,ES,1236.75,1223.541917,1219.585346,bull_trend,37.75,28.250000,1.336283,large_range
2011-12-21,ES,1235.25,1224.656973,1220.199647,bull_trend,26.00,28.225000,0.921169,normal_range
2011-12-22,ES,1251.00,1227.165832,1221.407504,bull_trend,19.50,28.312500,0.688742,small_range
2011-12-23,ES,1259.50,1230.245277,1222.901327,bull_trend,11.00,27.675000,0.397471,small_range
2011-12-27,ES,1259.75,1233.055251,1224.346373,bull_trend,8.00,25.937500,0.308434,small_range
2011-12-28,ES,1245.00,1234.192846,1225.156319,bull_trend,21.50,26.025000,0.826129,normal_range
2011-12-29,ES,1256.50,1236.317337,1226.385483,bull_trend,14.25,23.550000,0.605096,small_range
2011-12-30,ES,1253.00,1237.906162,1227.429190,bull_trend,9.75,23.275000,0.418904,small_range
2012-01-03,ES,1273.25,1241.272242,1229.226084,bull_trend,9.75,23.587500,0.413355,small_range
2012-01-04,ES,1273.00,1244.293933,1230.942708,bull_trend,12.00,23.075000,0.520043,small_range
2012-01-05,ES,1273.00,1247.027844,1232.592014,bull_trend,18.25,22.962500,0.794774,small_range
2012-01-06,ES,1274.00,1249.596621,1234.215856,bull_trend,15.50,22.537500,0.687743,small_range
2012-01-09,ES,1274.75,1251.992181,1235.805431,bull_trend,10.50,21.000000,0.500000,small_range
2012-01-10,ES,1285.00,1255.135783,1237.734630,bull_trend,17.00,20.262500,0.838988,normal_range
2012-01-11,ES,1288.25,1258.289518,1239.715624,bull_trend,10.25,19.050000,0.538058,small_range
2012-01-12,ES,1291.50,1261.452421,1241.746384,bull_trend,16.75,18.325000,0.914052,normal_range
2012-01-13,ES,1289.50,1264.123619,1243.619075,bull_trend,22.25,18.075000,1.230982,large_range
2012-01-16,ES,1291.50,1266.730893,1245.496758,bull_trend,11.00,17.500000,0.628571,small_range
2012-01-17,ES,1290.50,1268.994618,1247.261591,bull_trend,16.50,17.487500,0.943531,normal_range
2012-01-18,ES,1302.75,1272.209416,1249.437607,bull_trend,17.75,17.162500,1.034232,normal_range
2012-01-19,ES,1310.25,1275.832329,1251.822407,bull_trend,12.25,15.862500,0.772262,small_range
2012-01-20,ES,1311.25,1279.205440,1254.152901,bull_trend,7.00,14.912500,0.469405,small_range
2012-01-23,ES,1310.00,1282.138255,1256.342983,bull_trend,13.25,14.600000,0.907534,normal_range
2012-01-24,ES,1314.75,1285.244136,1258.633455,bull_trend,15.00,14.800000,1.013514,normal_range
2012-01-25,ES,1320.75,1288.625647,1261.069398,bull_trend,21.75,15.487500,1.404358,large_range
2012-01-26,ES,1316.25,1291.256538,1263.233343,bull_trend,20.50,15.437500,1.327935,large_range
2012-01-27,ES,1312.75,1293.303534,1265.175172,bull_trend,12.25,15.337500,0.798696,small_range
2012-01-30,ES,1309.25,1294.822245,1266.903597,bull_trend,18.50,15.775000,1.172742,normal_range
2012-01-31,ES,1306.25,1295.910603,1268.446593,bull_trend,15.25,15.187500,1.004115,normal_range
2012-02-01,ES,1320.50,1298.252450,1270.487903,bull_trend,23.25,15.750000,1.476190,large_range
2012-02-02,ES,1323.00,1300.609360,1272.547201,bull_trend,9.00,15.287500,0.588716,small_range
2012-02-03,ES,1339.50,1304.313230,1275.172801,bull_trend,22.00,15.612500,1.409127,large_range
2012-02-06,ES,1340.25,1307.735780,1277.724848,bull_trend,10.25,15.600000,0.657051,small_range
2012-02-07,ES,1344.25,1311.213324,1280.333678,bull_trend,14.00,15.437500,0.906883,normal_range
2012-02-08,ES,1346.00,1314.526341,1282.908828,bull_trend,10.00,15.425000,0.648298,small_range
2012-02-09,ES,1347.50,1317.666690,1285.441815,bull_trend,12.00,15.187500,0.790123,small_range
2012-02-10,ES,1340.25,1319.817481,1287.591155,bull_trend,13.50,14.762500,0.914479,normal_range
2012-02-13,ES,1349.00,1322.596769,1289.999345,bull_trend,9.50,14.812500,0.641350,small_range
2012-02-14,ES,1347.50,1324.968505,1292.254273,bull_trend,14.25,14.700000,0.969388,normal_range
2012-02-15,ES,1339.25,1326.328647,1294.097243,bull_trend,20.00,14.812500,1.350211,large_range
2012-02-16,ES,1354.75,1329.035443,1296.475782,bull_trend,23.00,15.350000,1.498371,large_range
2012-02-17,ES,1360.25,1332.008258,1298.976732,bull_trend,8.25,15.412500,0.535280,small_range
2012-02-20,ES,1366.50,1335.293186,1301.624703,bull_trend,7.25,15.212500,0.476582,small_range
2012-02-21,ES,1360.75,1337.717644,1303.943342,bull_trend,12.00,15.062500,0.796680,small_range
2012-02-22,ES,1356.75,1339.530249,1306.014192,bull_trend,11.00,14.525000,0.757315,small_range
2012-02-23,ES,1363.00,1341.765464,1308.248929,bull_trend,13.50,14.175000,0.952381,normal_range
2012-02-24,ES,1362.75,1343.763991,1310.386226,bull_trend,7.00,13.912500,0.503145,small_range
2012-02-27,ES,1366.75,1345.953135,1312.596570,bull_trend,17.75,13.875000,1.279279,large_range
2012-02-28,ES,1370.75,1348.314741,1314.877097,bull_trend,9.25,13.575000,0.681400,small_range
2012-02-29,ES,1360.25,1349.451432,1316.656426,bull_trend,20.50,13.437500,1.525581,large_range
2012-03-01,ES,1375.00,1351.884629,1318.944410,bull_trend,18.25,13.900000,1.312950,large_range
2012-03-02,ES,1368.50,1353.467045,1320.887766,bull_trend,12.00,13.400000,0.895522,normal_range
2012-03-05,ES,1363.25,1354.398755,1322.549030,bull_trend,11.50,13.462500,0.854225,normal_range
2012-03-06,ES,1342.00,1353.217922,1323.311813,range,27.25,14.125000,1.929204,large_range
2012-03-07,ES,1351.75,1353.078120,1324.427036,range,12.00,14.237500,0.842845,normal_range
2012-03-08,ES,1365.50,1354.261156,1326.037741,bull_trend,18.00,14.537500,1.238177,large_range
2012-03-09,ES,1372.00,1355.950569,1327.840182,bull_trend,11.25,14.412500,0.780572,small_range
2012-03-12,ES,1372.75,1357.550515,1329.601352,bull_trend,6.75,14.150000,0.477032,small_range
2012-03-13,ES,1397.75,1361.379038,1332.273848,bull_trend,26.75,14.775000,1.810491,large_range
2012-03-14,ES,1386.50,1363.771510,1334.400363,bull_trend,13.25,14.450000,0.916955,normal_range
2012-03-15,ES,1395.25,1366.769462,1336.786624,bull_trend,12.75,13.937500,0.914798,normal_range
2012-03-16,ES,1398.75,1369.815227,1339.216560,bull_trend,6.50,13.850000,0.469314,small_range
2012-03-19,ES,1404.25,1373.094729,1341.766891,bull_trend,14.50,14.112500,1.027458,normal_range
2012-03-20,ES,1401.00,1375.752374,1344.089758,bull_trend,13.00,14.162500,0.917917,normal_range
2012-03-21,ES,1397.00,1377.775958,1346.164669,bull_trend,11.50,14.187500,0.810573,normal_range
2012-03-22,ES,1389.75,1378.916343,1347.873898,bull_trend,18.25,14.425000,1.265165,large_range
2012-03-23,ES,1394.25,1380.376691,1349.692569,bull_trend,14.75,14.812500,0.995781,normal_range
2012-03-26,ES,1414.75,1383.650339,1352.243841,bull_trend,23.00,15.075000,1.525705,large_range
2012-03-27,ES,1406.00,1385.778879,1354.351925,bull_trend,14.00,15.312500,0.914286,normal_range
2012-03-28,ES,1399.50,1387.085652,1356.122438,bull_trend,20.25,15.300000,1.323529,large_range
2012-03-29,ES,1398.75,1388.196542,1357.794107,bull_trend,17.75,15.275000,1.162029,normal_range
2012-03-30,ES,1404.00,1389.701633,1359.606103,bull_trend,10.50,15.200000,0.690789,small_range
2012-04-02,ES,1411.25,1391.753859,1361.631354,bull_trend,18.75,15.562500,1.204819,large_range
2012-04-03,ES,1408.00,1393.301110,1363.449732,bull_trend,14.75,14.937500,0.987448,normal_range
2012-04-04,ES,1392.75,1393.248624,1364.598762,range,19.50,15.300000,1.274510,large_range
2012-04-05,ES,1391.25,1393.058279,1365.643909,range,13.75,15.087500,0.911350,normal_range
2012-04-06,ES,1375.00,1391.338443,1366.010814,range,22.75,15.662500,1.452514,large_range
2012-04-09,ES,1375.25,1389.806210,1366.373135,range,11.00,15.875000,0.692913,small_range
2012-04-10,ES,1359.25,1386.896095,1366.093797,range,28.25,15.950000,1.771160,large_range
2012-04-11,ES,1365.50,1384.858371,1366.070511,range,12.00,15.875000,0.755906,small_range
2012-04-12,ES,1385.00,1384.871860,1366.812843,bull_trend,23.00,16.387500,1.403509,large_range
2012-04-13,ES,1365.00,1382.979302,1366.741752,range,24.75,17.300000,1.430636,large_range
2012-04-16,ES,1364.75,1381.243178,1366.663644,range,14.75,17.312500,0.851986,normal_range
2012-04-17,ES,1383.50,1381.458113,1367.323893,bull_trend,29.50,18.137500,1.626465,large_range
2012-04-18,ES,1380.00,1381.319245,1367.820995,range,9.00,18.012500,0.499653,small_range
2012-04-19,ES,1374.25,1380.645984,1368.073113,range,24.50,18.325000,1.336971,large_range
2012-04-20,ES,1375.00,1380.108271,1368.344756,range,12.00,18.187500,0.659794,small_range
2012-04-23,ES,1364.25,1378.597960,1368.184177,range,20.75,18.087500,1.147201,normal_range
2012-04-24,ES,1376.00,1378.350535,1368.490680,range,16.25,18.200000,0.892857,normal_range
2012-04-25,ES,1387.75,1379.245722,1369.245947,bull_trend,15.00,17.937500,0.836237,normal_range
2012-04-26,ES,1395.25,1380.769939,1370.265714,bull_trend,18.00,17.950000,1.002786,normal_range
2012-04-27,ES,1399.00,1382.506135,1371.392549,bull_trend,16.50,18.250000,0.904110,normal_range
2012-04-30,ES,1395.25,1383.719837,1372.328135,bull_trend,12.75,17.950000,0.710306,small_range
2012-05-01,ES,1401.25,1385.389376,1373.462326,bull_trend,20.50,18.237500,1.124058,normal_range
2012-05-02,ES,1397.75,1386.566578,1374.414784,bull_trend,15.50,18.037500,0.859321,normal_range
2012-05-03,ES,1387.25,1386.631666,1374.918126,bull_trend,18.25,18.262500,0.999316,normal_range
2012-05-04,ES,1362.50,1384.333412,1374.431140,range,27.50,18.500000,1.486486,large_range
2012-05-07,ES,1366.50,1382.634992,1374.120115,range,27.75,19.337500,1.435036,large_range
2012-05-08,ES,1360.00,1380.479278,1373.566385,range,24.25,19.137500,1.267146,large_range
2012-05-09,ES,1348.00,1377.386014,1372.563782,range,21.50,19.612500,1.096240,normal_range
2012-05-10,ES,1351.25,1374.896870,1371.727947,range,16.75,19.300000,0.867876,normal_range
2012-05-11,ES,1350.00,1372.525739,1370.875871,range,18.00,18.962500,0.949242,normal_range
2012-05-14,ES,1333.75,1368.832812,1369.419954,bear_trend,18.75,19.162500,0.978474,normal_range
2012-05-15,ES,1329.25,1365.063020,1367.844662,bear_trend,21.50,18.762500,1.145903,normal_range
2012-05-16,ES,1323.25,1361.080828,1366.095852,bear_trend,19.00,19.262500,0.986372,normal_range
2012-05-17,ES,1303.00,1355.549320,1363.621505,bear_trend,31.00,19.587500,1.582642,large_range
2012-05-18,ES,1290.50,1349.354147,1360.753995,bear_trend,20.75,20.025000,1.036205,normal_range
2012-05-21,ES,1314.25,1346.010895,1358.930309,bear_trend,28.75,20.412500,1.408451,large_range
2012-05-22,ES,1314.50,1343.009857,1357.187943,bear_trend,19.00,20.550000,0.924574,normal_range
2012-05-23,ES,1314.25,1340.270823,1355.504103,bear_trend,25.00,21.050000,1.187648,normal_range
2012-05-24,ES,1323.75,1338.697411,1354.258844,bear_trend,18.50,21.075000,0.877817,normal_range
2012-05-25,ES,1314.75,1336.416706,1352.709477,bear_trend,17.75,21.137500,0.839740,normal_range
2012-05-28,ES,1321.50,1334.996067,1351.485576,bear_trend,8.75,21.187500,0.412979,small_range
2012-05-29,ES,1332.75,1334.782156,1350.750848,bear_trend,16.75,21.000000,0.797619,small_range
2012-05-30,ES,1308.00,1332.231474,1349.074344,bear_trend,24.25,21.475000,1.129220,normal_range
2012-05-31,ES,1306.75,1329.804667,1347.414566,bear_trend,21.75,21.650000,1.004619,normal_range
2012-06-01,ES,1273.75,1324.466128,1344.525759,bear_trend,34.00,21.975000,1.547213,large_range
2012-06-04,ES,1274.00,1319.659830,1341.760043,bear_trend,19.50,21.562500,0.904348,normal_range
2012-06-05,ES,1284.75,1316.335084,1339.524355,bear_trend,19.25,21.312500,0.903226,normal_range
2012-06-06,ES,1315.00,1316.207933,1338.562616,bear_trend,33.25,21.900000,1.518265,large_range
2012-06-07,ES,1316.75,1316.259559,1337.707219,range,17.50,21.937500,0.797721,small_range
2012-06-08,ES,1329.25,1317.496743,1337.375563,range,24.00,22.237500,1.079258,normal_range
2012-06-11,ES,1306.75,1316.473244,1336.174561,bear_trend,43.00,23.450000,1.833689,large_range
2012-06-12,ES,1325.00,1317.285316,1335.736343,range,23.50,23.550000,0.997877,normal_range
2012-06-13,ES,1313.25,1316.901000,1334.854525,bear_trend,17.50,23.475000,0.745474,small_range
2012-06-14,ES,1327.25,1317.886619,1334.556309,range,22.25,23.037500,0.965817,normal_range
2012-06-15,ES,1338.25,1319.825989,1334.701159,range,14.00,22.700000,0.616740,small_range
2012-06-18,ES,1341.75,1321.913990,1334.977585,range,20.25,22.275000,0.909091,normal_range
2012-06-19,ES,1350.00,1324.588848,1335.566699,range,20.50,22.350000,0.917226,normal_range
2012-06-20,ES,1351.50,1327.151815,1336.191534,range,16.75,21.937500,0.763533,small_range
2012-06-21,ES,1318.50,1326.327833,1335.497749,bear_trend,35.75,22.800000,1.567982,large_range
2012-06-22,ES,1325.50,1326.248991,1335.105680,bear_trend,13.50,22.587500,0.597676,small_range
2012-06-25,ES,1307.00,1324.415754,1334.003496,bear_trend,24.00,23.100000,1.038961,normal_range
2012-06-26,ES,1315.50,1323.566635,1333.277869,bear_trend,14.75,23.000000,0.641304,small_range
2012-06-27,ES,1325.50,1323.750765,1332.972855,range,16.50,22.575000,0.730897,small_range
2012-06-28,ES,1320.00,1323.393549,1332.464115,bear_trend,21.00,22.537500,0.931780,normal_range
2012-06-29,ES,1358.25,1326.713211,1333.475326,range,43.50,23.012500,1.890277,large_range
2012-07-02,ES,1357.00,1329.597667,1334.397863,range,12.75,22.675000,0.562293,small_range
2012-07-03,ES,1368.00,1333.255032,1335.715594,range,14.25,22.425000,0.635452,small_range
2012-07-04,ES,1368.00,1336.564077,1336.981649,range,6.25,21.075000,0.296560,small_range
2012-07-05,ES,1363.00,1339.081784,1338.001976,bull_trend,18.00,21.100000,0.853081,normal_range
2012-07-06,ES,1352.50,1340.359709,1338.570526,bull_trend,21.75,20.987500,1.036331,normal_range
2012-07-09,ES,1347.00,1340.992118,1338.901094,bull_trend,9.25,19.412500,0.476497,small_range
2012-07-10,ES,1336.00,1340.516678,1338.787325,range,26.00,19.537500,1.330774,large_range
2012-07-11,ES,1337.75,1340.253185,1338.746646,range,14.75,19.400000,0.760309,small_range
2012-07-12,ES,1330.50,1339.324310,1338.423248,range,19.50,19.262500,1.012330,normal_range
2012-07-13,ES,1352.00,1340.531519,1338.955670,bull_trend,24.50,19.787500,1.238155,large_range
2012-07-16,ES,1347.25,1341.171374,1339.280938,bull_trend,9.50,19.250000,0.493506,small_range
2012-07-17,ES,1358.00,1342.774100,1340.015018,bull_trend,21.25,19.287500,1.101750,normal_range
2012-07-18,ES,1370.00,1345.367043,1341.190900,bull_trend,18.00,19.350000,0.930233,normal_range
2012-07-19,ES,1371.50,1347.855896,1342.379492,bull_trend,10.00,18.062500,0.553633,small_range
2012-07-20,ES,1358.75,1348.893430,1343.021473,bull_trend,15.00,18.137500,0.827016,normal_range
2012-07-23,ES,1340.50,1348.094056,1342.922592,range,24.75,18.275000,1.354309,large_range
2012-07-24,ES,1322.25,1345.632717,1342.111902,range,25.25,18.800000,1.343085,large_range
2012-07-25,ES,1334.75,1344.596268,1341.823200,range,18.75,18.912500,0.991408,normal_range
2012-07-26,ES,1355.00,1345.587099,1342.339937,bull_trend,31.00,19.412500,1.596909,large_range
2012-07-27,ES,1382.50,1349.102614,1343.914841,bull_trend,32.25,18.850000,1.710875,large_range
2012-07-30,ES,1380.25,1352.069031,1345.339750,bull_trend,11.75,18.800000,0.625000,small_range
2012-07-31,ES,1373.00,1354.062457,1346.424465,bull_trend,15.50,18.862500,0.821736,normal_range
2012-08-01,ES,1369.75,1355.556509,1347.339192,bull_trend,13.75,19.237500,0.714750,small_range
2012-08-02,ES,1361.50,1356.122556,1347.894518,bull_trend,33.75,20.025000,1.685393,large_range
2012-08-03,ES,1389.50,1359.301360,1349.526105,bull_trend,30.50,20.462500,1.490531,large_range
2012-08-06,ES,1389.25,1362.153611,1351.083905,bull_trend,8.50,20.312500,0.418462,small_range
2012-08-07,ES,1397.00,1365.472315,1352.884536,bull_trend,15.75,19.800000,0.795455,small_range
2012-08-08,ES,1397.75,1368.546380,1354.643966,bull_trend,9.75,19.550000,0.498721,small_range
2012-08-09,ES,1400.25,1371.565773,1356.432438,bull_trend,10.00,19.075000,0.524246,small_range
2012-08-10,ES,1402.25,1374.488080,1358.229205,bull_trend,10.75,18.387500,0.584636,small_range
2012-08-13,ES,1402.00,1377.108263,1359.945707,bull_trend,9.75,18.400000,0.529891,small_range
2012-08-14,ES,1400.75,1379.359857,1361.545876,bull_trend,12.25,17.950000,0.682451,small_range
2012-08-15,ES,1404.50,1381.754156,1363.230351,bull_trend,8.75,17.487500,0.500357,small_range
2012-08-16,ES,1414.00,1384.825189,1365.221318,bull_trend,13.75,17.675000,0.777935,small_range
2012-08-17,ES,1415.50,1387.746599,1367.193031,bull_trend,6.00,17.225000,0.348331,small_range
2012-08-20,ES,1415.00,1390.342161,1369.067814,bull_trend,8.50,16.312500,0.521073,small_range
2012-08-21,ES,1412.00,1392.404813,1370.751429,bull_trend,16.75,15.887500,1.054288,normal_range
2012-08-22,ES,1412.25,1394.294831,1372.378824,bull_trend,10.00,15.450000,0.647249,small_range
2012-08-23,ES,1400.25,1394.861990,1373.471811,bull_trend,20.00,14.900000,1.342282,large_range
2012-08-24,ES,1410.50,1396.351324,1374.923897,bull_trend,16.75,14.125000,1.185841,normal_range
2012-08-27,ES,1408.00,1397.460722,1376.220999,bull_trend,9.00,13.987500,0.643432,small_range
2012-08-28,ES,1407.25,1398.393034,1377.437823,bull_trend,8.75,13.650000,0.641026,small_range
2012-08-29,ES,1407.00,1399.212745,1378.597124,bull_trend,7.75,13.350000,0.580524,small_range
2012-08-30,ES,1396.25,1398.930579,1379.289393,range,12.50,12.287500,1.017294,normal_range
2012-08-31,ES,1404.75,1399.484809,1380.287849,bull_trend,16.75,11.600000,1.443966,large_range
2012-09-03,ES,1408.50,1400.343399,1381.394207,bull_trend,12.75,11.812500,1.079365,normal_range
2012-09-04,ES,1404.00,1400.691647,1382.280709,bull_trend,14.75,11.762500,1.253985,large_range
2012-09-05,ES,1405.00,1401.101966,1383.171662,bull_trend,11.00,11.825000,0.930233,normal_range
2012-09-06,ES,1432.25,1404.068445,1385.096302,bull_trend,29.25,12.787500,2.287390,large_range
2012-09-07,ES,1438.25,1407.323832,1387.180761,bull_trend,8.25,12.662500,0.651530,small_range
2012-09-10,ES,1424.50,1408.959657,1388.644261,bull_trend,13.75,12.875000,1.067961,normal_range
2012-09-11,ES,1430.25,1410.987309,1390.275858,bull_trend,16.00,13.062500,1.224880,large_range
2012-09-12,ES,1438.00,1413.559946,1392.147393,bull_trend,11.75,13.212500,0.889309,normal_range
2012-09-13,ES,1457.00,1417.697094,1394.690633,bull_trend,29.25,13.987500,2.091153,large_range
2012-09-14,ES,1459.25,1421.654514,1397.222373,bull_trend,15.75,14.475000,1.088083,normal_range
2012-09-17,ES,1454.25,1424.758846,1399.458750,bull_trend,8.50,14.487500,0.586713,small_range
2012-09-18,ES,1454.75,1427.615146,1401.627034,bull_trend,7.25,14.012500,0.517395,small_range
2012-09-19,ES,1452.00,1429.937513,1403.602445,bull_trend,8.00,13.912500,0.575022,small_range
2012-09-20,ES,1455.00,1432.324417,1405.618035,bull_trend,12.00,13.512500,0.888067,normal_range
2012-09-21,ES,1451.50,1434.150663,1407.417328,bull_trend,11.75,13.262500,0.885957,normal_range
2012-09-24,ES,1452.00,1435.850600,1409.165668,bull_trend,9.75,13.300000,0.733083,small_range
2012-09-25,ES,1437.75,1436.031495,1410.286622,bull_trend,22.00,13.962500,1.575649,large_range
2012-09-26,ES,1429.25,1435.385638,1411.030284,range,15.75,14.362500,1.096606,normal_range
2012-09-27,ES,1441.50,1435.967958,1412.225175,bull_trend,15.25,14.500000,1.051724,normal_range
2012-09-28,ES,1434.25,1435.804343,1413.088894,range,14.50,14.387500,1.007819,normal_range
2012-10-01,ES,1436.75,1435.894406,1414.016780,bull_trend,23.75,14.937500,1.589958,large_range
2012-10-02,ES,1440.00,1436.285415,1415.035730,bull_trend,13.75,14.887500,0.923594,normal_range
2012-10-03,ES,1445.25,1437.139185,1416.220603,bull_trend,13.25,15.000000,0.883333,normal_range
2012-10-04,ES,1456.00,1438.935453,1417.780580,bull_trend,12.75,14.175000,0.899471,normal_range
2012-10-05,ES,1455.50,1440.513029,1419.259773,bull_trend,14.75,14.500000,1.017241,normal_range
2012-10-08,ES,1449.25,1441.345121,1420.435860,bull_trend,9.75,14.287500,0.682415,small_range
2012-10-09,ES,1437.25,1440.955110,1421.095238,range,19.25,14.450000,1.332180,large_range
2012-10-10,ES,1424.00,1439.340337,1421.209150,range,16.50,14.687500,1.123404,normal_range
2012-10-11,ES,1429.75,1438.426972,1421.544085,range,18.00,14.125000,1.274336,large_range
2012-10-12,ES,1421.75,1436.838689,1421.552161,range,14.50,14.062500,1.031111,normal_range
2012-10-15,ES,1435.75,1436.735004,1422.108939,range,20.00,14.625000,1.367521,large_range
2012-10-16,ES,1450.00,1437.998337,1423.202706,bull_trend,17.00,15.112500,1.124897,normal_range
2012-10-17,ES,1457.25,1439.831829,1424.537894,bull_trend,12.00,15.312500,0.783673,small_range
2012-10-18,ES,1451.00,1440.895464,1425.575623,bull_trend,12.00,15.312500,0.783673,small_range
2012-10-19,ES,1423.75,1439.262563,1425.504030,range,30.00,16.225000,1.848998,large_range
2012-10-22,ES,1432.25,1438.594700,1425.768578,range,15.75,16.525000,0.953101,normal_range
2012-10-23,ES,1408.50,1435.728538,1425.091379,range,31.25,16.987500,1.839588,large_range
2012-10-24,ES,1406.75,1432.968677,1424.372109,range,13.25,16.862500,0.785767,small_range
2012-10-25,ES,1406.25,1430.424041,1423.661438,range,19.75,17.087500,1.155816,normal_range
2012-10-26,ES,1407.50,1428.240799,1423.027656,range,18.00,17.262500,1.042723,normal_range
2012-10-29,ES,1402.75,1425.813104,1422.232454,range,10.00,16.600000,0.602410,small_range
2012-10-30,ES,1411.25,1424.426142,1421.801770,range,19.25,16.875000,1.140741,normal_range
2012-10-31,ES,1401.75,1422.266509,1421.015426,range,17.75,17.100000,1.038012,normal_range
2012-11-01,ES,1424.75,1422.503032,1421.161880,bull_trend,27.00,17.812500,1.515789,large_range
2012-11-02,ES,1405.50,1420.883696,1420.547688,range,26.50,18.400000,1.440217,large_range
2012-11-05,ES,1410.75,1419.918582,1420.163465,bear_trend,13.00,18.562500,0.700337,small_range
2012-11-06,ES,1425.75,1420.473955,1420.382545,bull_trend,19.25,18.562500,1.037037,normal_range
2012-11-07,ES,1391.50,1417.714531,1419.249896,bear_trend,47.75,20.125000,2.372671,large_range
2012-11-08,ES,1376.00,1413.741718,1417.553822,bear_trend,25.00,20.475000,1.221001,large_range
2012-11-09,ES,1376.00,1410.147269,1415.924260,bear_trend,24.50,20.975000,1.168057,normal_range
2012-11-12,ES,1378.75,1407.157053,1414.466446,bear_trend,9.25,20.437500,0.452599,small_range
2012-11-13,ES,1374.75,1404.070667,1412.908938,bear_trend,20.50,20.612500,0.994542,normal_range
2012-11-14,ES,1354.50,1399.349651,1410.618392,bear_trend,32.25,21.625000,1.491329,large_range
2012-11-15,ES,1352.00,1394.840160,1408.319631,bear_trend,13.75,21.712500,0.633276,small_range
2012-11-16,ES,1360.50,1391.569669,1406.444352,bear_trend,20.25,21.225000,0.954064,normal_range
2012-11-19,ES,1384.50,1390.896367,1405.583789,bear_trend,24.50,21.662500,1.130987,normal_range
2012-11-20,ES,1386.00,1390.430046,1404.815797,bear_trend,13.50,20.775000,0.649819,small_range
2012-11-21,ES,1389.00,1390.293852,1404.195570,bear_trend,12.75,20.750000,0.614458,small_range
2012-11-22,ES,1391.50,1390.408723,1403.697704,range,5.00,20.012500,0.249844,small_range
2012-11-23,ES,1404.75,1391.774559,1403.738971,range,20.25,20.125000,1.006211,normal_range
2012-11-26,ES,1403.75,1392.915077,1403.739403,range,10.00,20.100000,0.497512,small_range
2012-11-27,ES,1397.50,1393.351736,1403.494721,range,12.25,19.750000,0.620253,small_range
2012-11-28,ES,1407.00,1394.651571,1403.632183,range,25.75,20.150000,1.277916,large_range
2012-11-29,ES,1414.75,1396.565707,1404.068176,range,14.00,19.500000,0.717949,small_range
2012-11-30,ES,1414.75,1398.297544,1404.487071,range,9.75,18.662500,0.522438,small_range
2012-12-03,ES,1406.00,1399.031112,1404.546401,range,19.25,18.975000,1.014493,normal_range
2012-12-04,ES,1403.75,1399.480530,1404.515170,range,10.25,18.525000,0.553306,small_range
2012-12-05,ES,1406.50,1400.149051,1404.593006,range,18.00,17.037500,1.056493,normal_range
2012-12-06,ES,1413.00,1401.372951,1404.922692,range,9.50,16.262500,0.584166,small_range
2012-12-07,ES,1417.00,1402.861241,1405.396312,range,13.75,15.725000,0.874404,normal_range
2012-12-10,ES,1417.75,1404.279218,1405.880771,range,10.25,15.775000,0.649762,small_range
2012-12-11,ES,1432.25,1406.943102,1406.914858,bull_trend,19.25,15.712500,1.225139,large_range
2012-12-12,ES,1426.00,1408.758045,1407.663295,bull_trend,13.00,14.750000,0.881356,normal_range
2012-12-13,ES,1417.50,1409.590612,1408.049048,bull_trend,15.75,14.850000,1.060606,normal_range
2012-12-14,ES,1410.25,1409.653411,1408.135360,bull_trend,17.25,14.700000,1.173469,normal_range
2012-12-17,ES,1428.25,1411.424514,1408.924169,bull_trend,19.50,14.450000,1.349481,large_range
2012-12-18,ES,1440.75,1414.217418,1410.172241,bull_trend,18.25,14.687500,1.242553,large_range
2012-12-19,ES,1430.50,1415.768140,1410.969408,bull_trend,16.00,14.850000,1.077441,normal_range
2012-12-20,ES,1440.25,1418.099746,1412.117667,bull_trend,14.00,15.300000,0.915033,normal_range
2012-12-21,ES,1427.50,1418.995008,1412.720895,bull_trend,50.00,16.787500,2.978407,large_range
2012-12-24,ES,1419.00,1418.995483,1412.967135,bull_trend,7.00,16.787500,0.416977,small_range
2012-12-26,ES,1413.50,1418.472104,1412.988031,range,14.75,16.912500,0.872136,normal_range
2012-12-27,ES,1414.50,1418.093808,1413.047324,range,22.50,16.750000,1.343284,large_range
2012-12-28,ES,1384.75,1414.918208,1411.937625,range,34.50,17.775000,1.940928,large_range
2012-12-31,ES,1423.00,1415.687902,1412.371444,bull_trend,42.25,19.400000,2.177835,large_range
2013-01-02,ES,1457.25,1419.646197,1414.131387,bull_trend,19.75,20.187500,0.978328,normal_range
2013-01-03,ES,1454.25,1422.941797,1415.704666,bull_trend,10.50,20.200000,0.519802,small_range
2013-01-04,ES,1459.25,1426.399721,1417.412326,bull_trend,11.75,19.887500,0.590823,small_range
2013-01-07,ES,1456.50,1429.266415,1418.945176,bull_trend,10.00,19.912500,0.502197,small_range
2013-01-08,ES,1451.50,1431.383899,1420.221836,bull_trend,11.00,19.775000,0.556258,small_range
2013-01-09,ES,1456.00,1433.728290,1421.624901,bull_trend,8.25,19.675000,0.419314,small_range
2013-01-10,ES,1468.50,1437.039881,1423.463141,bull_trend,14.00,19.412500,0.721185,small_range
2013-01-11,ES,1467.00,1439.893226,1425.170468,bull_trend,9.25,19.225000,0.481144,small_range
2013-01-14,ES,1464.75,1442.260538,1426.722607,bull_trend,11.00,18.987500,0.579329,small_range
2013-01-15,ES,1466.50,1444.569058,1428.282505,bull_trend,11.75,18.712500,0.627923,small_range
2013-01-16,ES,1464.50,1446.467243,1429.702799,bull_trend,9.00,18.187500,0.494845,small_range
2013-01-17,ES,1475.00,1449.184648,1431.479159,bull_trend,20.00,18.275000,1.094391,normal_range
2013-01-18,ES,1479.25,1452.048015,1433.352526,bull_trend,10.50,18.000000,0.583333,small_range
2013-01-21,ES,1483.50,1455.043442,1435.319093,bull_trend,5.75,17.587500,0.326937,small_range
2013-01-22,ES,1490.00,1458.372638,1437.463443,bull_trend,15.00,15.837500,0.947119,normal_range
2013-01-23,ES,1485.50,1460.956196,1439.347229,bull_trend,6.75,15.675000,0.430622,small_range
2013-01-24,ES,1488.75,1463.603225,1441.284593,bull_trend,15.00,15.687500,0.956175,normal_range
2013-01-25,ES,1496.00,1466.688632,1443.430295,bull_trend,12.50,15.187500,0.823045,normal_range
2013-01-28,ES,1495.75,1469.456382,1445.482048,bull_trend,8.75,13.900000,0.629496,small_range
2013-01-29,ES,1505.00,1472.841488,1447.816085,bull_trend,14.50,12.512500,1.158841,normal_range
2013-01-30,ES,1494.50,1474.904204,1449.646827,bull_trend,11.75,11.350000,1.035242,normal_range
2013-01-31,ES,1495.75,1476.889518,1451.454795,bull_trend,8.75,11.262500,0.776915,small_range
2013-02-01,ES,1507.75,1479.828611,1453.662450,bull_trend,14.75,11.412500,1.292442,large_range
2013-02-04,ES,1493.25,1481.106839,1455.214903,bull_trend,18.25,11.825000,1.543340,large_range
2013-02-05,ES,1507.75,1483.644283,1457.275103,bull_trend,18.75,12.212500,1.535312,large_range
2013-02-06,ES,1507.75,1485.940065,1459.254510,bull_trend,11.25,12.362500,0.910010,normal_range
2013-02-07,ES,1506.00,1487.850535,1461.087667,bull_trend,16.50,12.487500,1.321321,large_range
2013-02-08,ES,1514.00,1490.340960,1463.162660,bull_trend,11.25,12.587500,0.893744,normal_range
2013-02-11,ES,1513.75,1492.570393,1465.146478,bull_trend,7.25,12.400000,0.584677,small_range
2013-02-12,ES,1516.75,1494.873212,1467.170145,bull_trend,10.50,12.337500,0.851064,normal_range
2013-02-13,ES,1517.00,1496.980526,1469.124257,bull_trend,9.00,12.337500,0.729483,small_range
2013-02-14,ES,1518.50,1499.029999,1471.060561,bull_trend,10.75,11.875000,0.905263,normal_range
2013-02-15,ES,1517.25,1500.765237,1472.871911,bull_trend,10.50,11.875000,0.884211,normal_range
2013-02-18,ES,1518.25,1502.430453,1474.651444,bull_trend,3.50,11.762500,0.297556,small_range
2013-02-19,ES,1528.25,1504.889457,1476.753348,bull_trend,13.75,11.700000,1.175214,normal_range
2013-02-20,ES,1508.00,1505.185700,1477.978707,bull_trend,23.50,12.537500,1.874377,large_range
2013-02-21,ES,1502.00,1504.882300,1478.920719,range,14.75,12.525000,1.177645,normal_range
2013-02-22,ES,1513.25,1505.679223,1480.266965,bull_trend,13.00,12.550000,1.035857,normal_range
2013-02-25,ES,1483.25,1503.543107,1480.383947,range,42.75,14.250000,3.000000,large_range
2013-02-26,ES,1493.25,1502.562811,1480.888498,range,15.00,14.275000,1.050788,normal_range
2013-02-27,ES,1516.25,1503.866353,1482.275223,bull_trend,29.25,15.150000,1.930693,large_range
2013-02-28,ES,1509.00,1504.355272,1483.323254,bull_trend,15.75,15.500000,1.016129,normal_range
2013-03-01,ES,1515.75,1505.440484,1484.594891,bull_trend,19.50,15.737500,1.239079,large_range
2013-03-04,ES,1527.00,1507.493771,1486.257836,bull_trend,20.00,15.825000,1.263823,large_range
2013-03-05,ES,1538.75,1510.470555,1488.316353,bull_trend,18.25,15.800000,1.155063,normal_range
2013-03-06,ES,1539.75,1513.259073,1490.333358,bull_trend,7.75,15.625000,0.496000,small_range
2013-03-07,ES,1544.00,1516.186781,1492.437933,bull_trend,8.00,15.200000,0.526316,small_range
2013-03-08,ES,1549.75,1519.383278,1494.685465,bull_trend,13.25,15.300000,0.866013,normal_range
2013-03-11,ES,1556.25,1522.894394,1497.099760,bull_trend,11.00,15.487500,0.710250,small_range
2013-03-12,ES,1553.50,1525.809214,1499.311534,bull_trend,9.50,15.437500,0.615385,small_range
2013-03-13,ES,1556.75,1528.755955,1501.564023,bull_trend,9.00,15.437500,0.582996,small_range
2013-03-14,ES,1555.75,1531.326817,1503.688963,bull_trend,8.00,15.300000,0.522876,small_range
2013-03-15,ES,1553.50,1533.438548,1505.642337,bull_trend,9.75,15.262500,0.638821,small_range
2013-03-18,ES,1547.75,1534.801544,1507.293618,bull_trend,23.00,16.287500,1.412126,large_range
2013-03-19,ES,1540.00,1535.296635,1508.576221,bull_trend,19.50,16.575000,1.176471,normal_range
2013-03-20,ES,1550.25,1536.720765,1510.210487,bull_trend,19.25,16.362500,1.176471,normal_range
2013-03-21,ES,1539.25,1536.961644,1511.349292,bull_trend,14.25,16.337500,0.872226,normal_range
2013-03-22,ES,1552.25,1538.417678,1512.953241,bull_trend,17.50,16.562500,1.056604,normal_range
2013-03-25,ES,1548.50,1539.377899,1514.347232,bull_trend,21.50,15.500000,1.387097,large_range
2013-03-26,ES,1557.75,1541.127623,1516.049301,bull_trend,12.00,15.350000,0.781759,small_range
2013-03-27,ES,1557.00,1542.639278,1517.655211,bull_trend,14.75,14.625000,1.008547,normal_range
2013-03-28,ES,1563.50,1544.626014,1519.453046,bull_trend,14.75,14.575000,1.012007,normal_range
2013-04-01,ES,1555.75,1545.685441,1520.876456,bull_trend,12.50,14.225000,0.878735,normal_range
2013-04-02,ES,1565.25,1547.548732,1522.616595,bull_trend,13.75,13.912500,0.988320,normal_range
2013-04-03,ES,1549.00,1547.686948,1523.651238,bull_trend,23.75,14.187500,1.674009,large_range
2013-04-04,ES,1553.50,1548.240572,1524.821778,bull_trend,11.50,14.375000,0.800000,normal_range
2013-04-05,ES,1547.25,1548.146232,1525.701316,range,22.00,15.075000,1.459370,large_range
2013-04-08,ES,1562.75,1549.537067,1527.154205,bull_trend,19.75,15.400000,1.282468,large_range
2013-04-09,ES,1563.75,1550.890680,1528.589335,bull_trend,13.50,15.525000,0.869565,normal_range
2013-04-10,ES,1584.00,1554.043948,1530.762302,bull_trend,23.50,16.225000,1.448382,large_range
2013-04-11,ES,1588.00,1557.277858,1533.006917,bull_trend,12.25,16.387500,0.747521,small_range
2013-04-12,ES,1582.75,1559.703776,1534.957627,bull_trend,14.75,16.725000,0.881913,normal_range
2013-04-15,ES,1542.00,1558.017702,1535.233798,range,44.25,18.450000,2.398374,large_range
2013-04-16,ES,1569.00,1559.063635,1536.557963,bull_trend,28.50,18.687500,1.525084,large_range
2013-04-17,ES,1546.00,1557.819480,1536.928239,range,31.50,19.287500,1.633182,large_range
2013-04-18,ES,1537.75,1555.908101,1536.960465,range,22.75,19.462500,1.168915,normal_range
2013-04-19,ES,1548.25,1555.178758,1537.403192,range,15.50,19.525000,0.793854,small_range
2013-04-22,ES,1557.75,1555.423638,1538.201106,bull_trend,18.25,19.562500,0.932907,normal_range
2013-04-23,ES,1575.50,1557.335672,1539.663807,bull_trend,28.25,19.900000,1.419598,large_range
2013-04-24,ES,1574.25,1558.946561,1541.020129,bull_trend,8.25,19.712500,0.418516,small_range
2013-04-25,ES,1581.00,1561.046888,1542.587967,bull_trend,17.50,19.850000,0.881612,normal_range
2013-04-26,ES,1576.75,1562.542423,1543.927654,bull_trend,10.00,19.612500,0.509879,small_range
2013-04-29,ES,1589.25,1565.086002,1545.705001,bull_trend,18.50,19.912500,0.929065,normal_range
2013-04-30,ES,1593.50,1567.792097,1547.579315,bull_trend,12.50,19.850000,0.629723,small_range
2013-05-01,ES,1578.75,1568.835706,1548.801695,bull_trend,19.50,19.637500,0.992998,normal_range
2013-05-02,ES,1592.50,1571.089449,1550.515354,bull_trend,15.50,19.837500,0.781348,small_range
2013-05-03,ES,1609.50,1574.747596,1552.828477,bull_trend,24.75,19.975000,1.239049,large_range
2013-05-06,ES,1613.00,1578.390683,1555.188145,bull_trend,8.00,19.387500,0.412637,small_range
2013-05-07,ES,1621.00,1582.448713,1557.769002,bull_trend,12.50,19.337500,0.646412,small_range
2013-05-08,ES,1628.75,1586.858359,1560.552570,bull_trend,12.50,18.787500,0.665336,small_range
2013-05-09,ES,1626.00,1590.586134,1563.119136,bull_trend,12.25,18.787500,0.652029,small_range
2013-05-10,ES,1629.25,1594.268407,1565.712503,bull_trend,10.75,18.587500,0.578346,small_range
2013-05-13,ES,1630.75,1597.742845,1568.262993,bull_trend,11.75,16.962500,0.692704,small_range
2013-05-14,ES,1647.75,1602.505431,1571.380131,bull_trend,22.25,16.637500,1.337340,large_range
2013-05-15,ES,1654.75,1607.481104,1574.649538,bull_trend,17.00,15.912500,1.068342,normal_range
2013-05-16,ES,1649.50,1611.482904,1577.584850,bull_trend,12.75,15.412500,0.827251,normal_range
2013-05-17,ES,1664.00,1616.484532,1580.973679,bull_trend,17.50,15.512500,1.128122,normal_range
2013-05-20,ES,1664.00,1621.009815,1584.229613,bull_trend,11.00,15.150000,0.726073,small_range
2013-05-21,ES,1665.75,1625.270785,1587.426491,bull_trend,13.25,14.400000,0.920139,normal_range
2013-05-22,ES,1657.25,1628.316424,1590.164668,bull_trend,39.25,15.950000,2.460815,large_range
2013-05-23,ES,1651.00,1630.476765,1592.550367,bull_trend,26.25,16.387500,1.601831,large_range
2013-05-24,ES,1650.00,1632.336121,1594.803294,bull_trend,20.75,16.925000,1.225997,large_range
2013-05-27,ES,1652.50,1634.256490,1597.065910,bull_trend,11.25,16.562500,0.679245,small_range
2013-05-28,ES,1656.75,1636.398729,1599.406463,bull_trend,21.50,17.012500,1.263777,large_range
2013-05-29,ES,1646.00,1637.313136,1601.233660,bull_trend,18.75,16.975000,1.104566,normal_range
2013-05-30,ES,1653.75,1638.878551,1603.293125,bull_trend,19.75,17.187500,1.149091,normal_range
2013-05-31,ES,1627.25,1637.771070,1604.232610,range,31.75,17.537500,1.810406,large_range
2013-06-03,ES,1636.50,1637.650016,1605.497998,range,18.25,18.050000,1.011080,normal_range
2013-06-04,ES,1631.00,1637.016681,1606.498076,range,24.25,18.637500,1.301140,large_range
2013-06-05,ES,1608.00,1634.253188,1606.556975,range,26.75,19.350000,1.382429,large_range
2013-06-06,ES,1623.00,1633.181456,1607.201800,range,27.75,20.125000,1.378882,large_range
2013-06-07,ES,1640.00,1633.830841,1608.488004,bull_trend,26.00,20.887500,1.244764,large_range
2013-06-10,ES,1642.00,1634.608856,1609.802200,bull_trend,14.00,21.000000,0.666667,small_range
2013-06-11,ES,1628.00,1633.979441,1610.515839,range,21.00,20.937500,1.002985,normal_range
2013-06-12,ES,1611.00,1631.790923,1610.534825,range,28.75,21.525000,1.335656,large_range
2013-06-13,ES,1636.75,1632.263216,1611.562872,bull_trend,42.00,22.987500,1.827080,large_range
2013-06-14,ES,1618.25,1630.928624,1611.825112,range,22.75,23.250000,0.978495,normal_range
2013-06-17,ES,1634.75,1631.292565,1612.724127,bull_trend,23.00,23.850000,0.964361,normal_range
2013-06-18,ES,1646.50,1632.740892,1614.048671,bull_trend,16.50,24.012500,0.687142,small_range
2013-06-19,ES,1622.00,1631.717950,1614.360488,range,28.50,23.475000,1.214058,large_range
2013-06-20,ES,1583.50,1627.125764,1613.150273,range,46.00,24.462500,1.880429,large_range
2013-06-21,ES,1583.25,1622.947120,1611.977713,range,26.75,24.762500,1.080262,normal_range
2013-06-24,ES,1567.00,1617.618823,1610.213881,range,33.00,25.850000,1.276596,large_range
2013-06-25,ES,1581.00,1614.131316,1609.068239,range,29.50,26.250000,1.123810,normal_range
2013-06-26,ES,1596.50,1612.452143,1608.575367,range,28.25,26.725000,1.057063,normal_range
2013-06-27,ES,1606.50,1611.885272,1608.493980,range,19.50,26.712500,0.729995,small_range
2013-06-28,ES,1597.00,1610.467627,1608.043235,range,20.25,26.137500,0.774749,small_range
2013-07-01,ES,1606.50,1610.089758,1607.982716,range,27.25,26.587500,1.024918,normal_range
2013-07-02,ES,1607.25,1609.819305,1607.953982,range,18.25,26.287500,0.694246,small_range
2013-07-03,ES,1610.00,1609.836514,1608.034218,bull_trend,19.00,25.900000,0.733591,small_range
2013-07-04,ES,1623.75,1611.161608,1608.650524,bull_trend,16.00,25.312500,0.632099,small_range
2013-07-05,ES,1629.25,1612.884312,1609.458346,bull_trend,22.50,25.137500,0.895077,normal_range
2013-07-08,ES,1637.00,1615.181044,1610.538411,bull_trend,13.50,25.112500,0.537581,small_range
2013-07-09,ES,1646.00,1618.116183,1611.929062,bull_trend,13.25,24.725000,0.535895,small_range
2013-07-10,ES,1654.00,1621.533689,1613.578902,bull_trend,13.25,23.950000,0.553236,small_range
2013-07-11,ES,1670.00,1626.149528,1615.791494,bull_trend,14.25,22.737500,0.626718,small_range
2013-07-12,ES,1670.50,1630.373383,1617.936926,bull_trend,8.00,22.000000,0.363636,small_range
2013-07-15,ES,1677.75,1634.885441,1620.282537,bull_trend,9.75,21.337500,0.456942,small_range
2013-07-16,ES,1672.00,1638.420161,1622.310673,bull_trend,13.00,21.162500,0.614294,small_range
2013-07-17,ES,1675.50,1641.951575,1624.396528,bull_trend,14.75,20.475000,0.720391,small_range
2013-07-18,ES,1680.00,1645.575234,1626.577057,bull_trend,16.75,19.012500,0.880999,normal_range
2013-07-19,ES,1689.75,1649.782355,1629.054427,bull_trend,15.25,18.437500,0.827119,normal_range
2013-07-22,ES,1690.75,1653.684035,1631.473861,bull_trend,8.75,17.225000,0.507983,small_range
2013-07-23,ES,1690.25,1657.166508,1633.778808,bull_trend,9.50,16.225000,0.585516,small_range
2013-07-24,ES,1684.00,1659.722079,1635.748266,bull_trend,18.00,15.712500,1.145585,normal_range
2013-07-25,ES,1685.75,1662.200928,1637.709119,bull_trend,14.75,15.475000,0.953150,normal_range
2013-07-26,ES,1687.00,1664.562745,1639.642094,bull_trend,18.50,15.387500,1.202275,large_range
2013-07-29,ES,1682.50,1666.271055,1641.322797,bull_trend,11.50,14.600000,0.787671,small_range
2013-07-30,ES,1684.50,1668.007145,1643.016020,bull_trend,11.25,14.250000,0.789474,small_range
2013-07-31,ES,1685.75,1669.696940,1644.691863,bull_trend,13.75,13.987500,0.983021,normal_range
2013-08-01,ES,1702.50,1672.821041,1646.958848,bull_trend,19.25,14.150000,1.360424,large_range
2013-08-02,ES,1703.25,1675.719037,1649.166345,bull_trend,9.25,13.487500,0.685820,small_range
2013-08-05,ES,1702.00,1678.221986,1651.238253,bull_trend,6.25,13.125000,0.476190,small_range
2013-08-06,ES,1693.50,1679.677035,1652.895576,bull_trend,14.75,13.200000,1.117424,normal_range
2013-08-07,ES,1689.00,1680.564937,1654.311436,bull_trend,13.00,13.187500,0.985782,normal_range
2013-08-08,ES,1694.25,1681.868276,1655.877654,bull_trend,12.50,12.925000,0.967118,normal_range
2013-08-09,ES,1685.50,1682.214154,1657.039315,bull_trend,13.75,13.212500,1.040681,normal_range
2013-08-12,ES,1688.25,1682.788997,1658.263263,bull_trend,13.00,13.375000,0.971963,normal_range
2013-08-13,ES,1690.75,1683.547188,1659.537253,bull_trend,15.25,13.487500,1.130677,normal_range
2013-08-14,ES,1682.00,1683.399836,1660.418145,range,12.25,13.362500,0.916745,normal_range
2013-08-15,ES,1655.50,1680.742709,1660.225276,range,26.75,13.862500,1.929666,large_range
2013-08-16,ES,1650.50,1677.862451,1659.843893,range,12.50,13.725000,0.910747,normal_range
2013-08-19,ES,1644.00,1674.637456,1659.222564,range,14.75,14.025000,1.051693,normal_range
2013-08-20,ES,1650.75,1672.362460,1658.890306,range,15.75,14.337500,1.098518,normal_range
2013-08-21,ES,1635.50,1668.851750,1657.973040,range,19.75,14.425000,1.369151,large_range
2013-08-22,ES,1655.75,1667.603964,1657.885862,range,26.25,15.000000,1.750000,large_range
2013-08-23,ES,1661.50,1667.022634,1658.027592,range,12.25,14.687500,0.834043,normal_range
2013-08-26,ES,1654.50,1665.830002,1657.889255,range,14.25,14.825000,0.961214,normal_range
2013-08-27,ES,1628.75,1662.298573,1656.746540,range,29.25,15.725000,1.860095,large_range
2013-08-28,ES,1630.25,1659.246328,1655.707460,range,14.50,15.762500,0.919905,normal_range
2013-08-29,ES,1637.75,1657.199059,1655.003246,range,17.00,15.650000,1.086262,normal_range
2013-08-30,ES,1632.25,1654.822958,1654.110961,range,19.50,16.162500,1.206497,large_range
2013-09-02,ES,1647.50,1654.125534,1653.851708,range,9.50,16.662500,0.570143,small_range
2013-09-03,ES,1638.50,1652.637387,1653.249680,bear_trend,19.25,16.887500,1.139896,normal_range
2013-09-04,ES,1654.50,1652.814779,1653.298712,range,19.75,17.225000,1.146589,normal_range
2013-09-05,ES,1652.25,1652.760991,1653.257586,bear_trend,7.75,16.987500,0.456218,small_range
2013-09-06,ES,1654.00,1652.878992,1653.286701,range,25.25,17.562500,1.437722,large_range
2013-09-09,ES,1670.50,1654.557183,1653.961732,bull_trend,19.75,17.900000,1.103352,normal_range
2013-09-10,ES,1682.75,1657.242213,1655.090684,bull_trend,14.25,17.850000,0.798319,small_range
2013-09-11,ES,1690.00,1660.362002,1656.459676,bull_trend,12.25,17.850000,0.686275,small_range
2013-09-12,ES,1685.25,1662.732288,1657.588709,bull_trend,8.75,16.950000,0.516224,small_range
2013-09-13,ES,1690.00,1665.329213,1658.859740,bull_trend,10.00,16.825000,0.594354,small_range
2013-09-16,ES,1690.75,1667.750240,1660.110338,bull_trend,15.75,16.875000,0.933333,normal_range
2013-09-17,ES,1699.00,1670.726408,1661.635423,bull_trend,12.00,16.687500,0.719101,small_range
2013-09-18,ES,1718.50,1675.276274,1663.865406,bull_trend,30.00,17.200000,1.744186,large_range
2013-09-19,ES,1716.50,1679.202343,1665.929508,bull_trend,13.50,16.562500,0.815094,normal_range
2013-09-20,ES,1704.25,1681.587834,1667.432273,bull_trend,18.25,16.862500,1.082283,normal_range
2013-09-23,ES,1693.00,1682.674707,1668.434929,bull_trend,18.00,17.050000,1.055718,normal_range
2013-09-24,ES,1692.25,1683.586640,1669.368853,bull_trend,13.50,16.262500,0.830131,normal_range
2013-09-25,ES,1686.25,1683.840293,1670.030859,bull_trend,10.50,16.062500,0.653696,small_range
2013-09-26,ES,1693.50,1684.760265,1670.951217,bull_trend,11.75,15.800000,0.743671,small_range
2013-09-27,ES,1685.25,1684.806906,1671.511954,bull_trend,15.50,15.600000,0.993590,normal_range
2013-09-30,ES,1677.75,1684.134820,1671.756583,range,14.25,15.712500,0.906921,normal_range
2013-10-01,ES,1690.75,1684.764837,1672.501423,bull_trend,17.00,15.600000,1.089744,normal_range
2013-10-02,ES,1683.50,1684.644377,1672.932740,range,18.50,15.537500,1.190668,normal_range
2013-10-03,ES,1667.75,1683.035388,1672.729495,range,21.50,16.225000,1.325116,large_range
2013-10-04,ES,1682.75,1683.008209,1673.122456,range,18.50,15.887500,1.164437,normal_range
2013-10-07,ES,1668.00,1681.578855,1672.921575,range,13.00,15.712500,0.827367,normal_range
2013-10-08,ES,1646.50,1678.238012,1671.885435,range,25.00,16.250000,1.538462,large_range
2013-10-09,ES,1648.75,1675.429630,1670.978163,range,18.25,16.550000,1.102719,normal_range
2013-10-10,ES,1682.50,1676.102998,1671.430000,bull_trend,39.75,18.100000,2.196133,large_range
2013-10-11,ES,1699.50,1678.331284,1672.530784,bull_trend,27.00,18.950000,1.424802,large_range
2013-10-14,ES,1705.50,1680.918781,1673.823695,bull_trend,26.00,19.462500,1.335902,large_range
2013-10-15,ES,1694.50,1682.212230,1674.634530,bull_trend,20.25,19.875000,1.018868,normal_range
2013-10-16,ES,1712.25,1685.072970,1676.109647,bull_trend,25.75,19.662500,1.309599,large_range
2013-10-17,ES,1727.75,1689.137449,1678.134758,bull_trend,22.50,20.112500,1.118707,normal_range
2013-10-18,ES,1737.50,1693.743407,1680.462807,bull_trend,13.25,19.862500,0.667086,small_range
2013-10-21,ES,1738.00,1697.958320,1682.719168,bull_trend,7.75,19.350000,0.400517,small_range
2013-10-22,ES,1749.75,1702.890861,1685.347828,bull_trend,18.50,19.600000,0.943878,normal_range
2013-10-23,ES,1742.75,1706.686970,1687.598893,bull_trend,15.00,19.837500,0.756144,small_range
2013-10-24,ES,1749.00,1710.716782,1690.006780,bull_trend,11.75,19.837500,0.592313,small_range
2013-10-25,ES,1754.00,1714.838993,1692.516318,bull_trend,13.00,19.712500,0.659480,small_range
2013-10-28,ES,1757.75,1718.925756,1695.074502,bull_trend,10.75,19.325000,0.556274,small_range
2013-10-29,ES,1767.75,1723.575684,1697.924521,bull_trend,13.75,19.162500,0.717547,small_range
2013-10-30,ES,1759.50,1726.997047,1700.339246,bull_trend,21.50,19.312500,1.113269,normal_range
2013-10-31,ES,1755.75,1729.735424,1702.512216,bull_trend,13.75,18.925000,0.726552,small_range
2013-11-01,ES,1754.25,1732.070145,1704.541149,bull_trend,14.25,18.712500,0.761523,small_range
2013-11-04,ES,1762.75,1734.992036,1706.823849,bull_trend,10.75,18.437500,0.583051,small_range
2013-11-05,ES,1757.25,1737.111842,1708.801345,bull_trend,13.50,17.862500,0.755773,small_range
2013-11-06,ES,1765.25,1739.791667,1711.015018,bull_trend,14.25,17.662500,0.806794,normal_range
2013-11-07,ES,1745.50,1740.335318,1712.367370,bull_trend,32.25,17.287500,1.865510,large_range
2013-11-08,ES,1765.50,1742.731954,1714.451003,bull_trend,31.50,17.512500,1.798715,large_range
2013-11-11,ES,1767.50,1745.090816,1716.531356,bull_trend,7.50,16.587500,0.452148,small_range
2013-11-12,ES,1765.25,1747.010738,1718.441891,bull_trend,11.25,16.137500,0.697134,small_range
2013-11-13,ES,1780.50,1750.200191,1720.875542,bull_trend,28.00,16.250000,1.723077,large_range
2013-11-14,ES,1788.00,1753.800173,1723.507874,bull_trend,11.75,15.712500,0.747812,small_range
2013-11-15,ES,1793.50,1757.581109,1726.252663,bull_trend,9.50,15.525000,0.611916,small_range
2013-11-18,ES,1789.75,1760.644813,1728.742755,bull_trend,15.00,15.887500,0.944138,normal_range
2013-11-19,ES,1785.50,1763.011974,1730.968529,bull_trend,11.75,15.550000,0.755627,small_range
2013-11-20,ES,1780.25,1764.653690,1732.901136,bull_trend,19.75,15.775000,1.251981,large_range
2013-11-21,ES,1794.00,1767.448577,1735.297170,bull_trend,19.75,16.175000,1.221020,large_range
2013-11-22,ES,1801.50,1770.691570,1737.893359,bull_trend,11.25,16.087500,0.699301,small_range
2013-11-25,ES,1802.00,1773.673325,1740.407345,bull_trend,10.75,16.087500,0.668221,small_range
2013-11-26,ES,1802.75,1776.442532,1742.852155,bull_trend,8.25,15.812500,0.521739,small_range
2013-11-27,ES,1804.50,1779.114672,1745.269717,bull_trend,6.25,15.050000,0.415282,small_range
2013-11-28,ES,1808.50,1781.913275,1747.749336,bull_trend,5.75,14.650000,0.392491,small_range
2013-11-29,ES,1804.25,1784.040582,1749.965049,bull_trend,9.75,14.425000,0.675910,small_range
2013-12-02,ES,1800.00,1785.560526,1751.927204,bull_trend,12.00,14.487500,0.828300,normal_range
2013-12-03,ES,1791.50,1786.126191,1753.479078,bull_trend,15.50,14.587500,1.062554,normal_range
2013-12-04,ES,1792.75,1786.757030,1755.019114,bull_trend,21.75,14.962500,1.453634,large_range
2013-12-05,ES,1783.75,1786.470646,1756.145816,range,12.25,13.962500,0.877350,normal_range
2013-12-06,ES,1805.25,1788.259156,1758.071470,bull_trend,21.75,13.500000,1.611111,large_range
2013-12-09,ES,1808.75,1790.210665,1760.058863,bull_trend,6.75,13.462500,0.501393,small_range
2013-12-10,ES,1803.50,1791.476316,1761.762437,bull_trend,10.50,13.425000,0.782123,small_range
2013-12-11,ES,1780.75,1790.454762,1762.507048,range,28.75,13.462500,2.135562,large_range
2013-12-12,ES,1773.75,1788.863832,1762.947948,range,12.25,13.487500,0.908248,normal_range
2013-12-13,ES,1775.00,1787.543467,1763.420577,range,11.25,13.575000,0.828729,normal_range
2013-12-16,ES,1779.00,1786.729804,1764.031535,range,32.25,14.437500,2.233766,large_range
2013-12-17,ES,1772.00,1785.326965,1764.344024,range,12.25,14.462500,0.847018,normal_range
2013-12-18,ES,1803.75,1787.081540,1765.889356,bull_trend,46.00,15.775000,2.916006,large_range
2013-12-19,ES,1801.75,1788.478536,1767.295656,bull_trend,11.75,15.375000,0.764228,small_range
2013-12-20,ES,1816.50,1791.147247,1769.225238,bull_trend,15.25,15.612500,0.976781,normal_range
2013-12-23,ES,1823.25,1794.204652,1771.343856,bull_trend,7.75,15.475000,0.500808,small_range
2013-12-24,ES,1829.25,1797.542304,1773.614685,bull_trend,9.00,15.512500,0.580177,small_range
2013-12-26,ES,1836.50,1801.252561,1776.080776,bull_trend,8.00,15.625000,0.512000,small_range
2013-12-27,ES,1836.75,1804.633269,1778.459961,bull_trend,6.75,15.675000,0.430622,small_range
2013-12-30,ES,1835.50,1807.572958,1780.696826,bull_trend,5.00,15.437500,0.323887,small_range
2013-12-31,ES,1845.50,1811.185057,1783.238127,bull_trend,12.25,15.450000,0.792880,small_range
2014-01-02,ES,1826.75,1812.667433,1784.944475,bull_trend,19.00,15.862500,1.197794,normal_range
2014-01-03,ES,1823.50,1813.699106,1786.456456,bull_trend,12.50,15.400000,0.811688,normal_range
2014-01-06,ES,1819.75,1814.275381,1787.762085,bull_trend,15.25,15.550000,0.980707,normal_range
2014-01-07,ES,1830.25,1815.796774,1789.428278,bull_trend,15.25,15.200000,1.003289,normal_range
2014-01-08,ES,1832.00,1817.339938,1791.097757,bull_trend,9.25,15.325000,0.603589,small_range
2014-01-09,ES,1833.50,1818.878992,1792.760590,bull_trend,14.75,15.537500,0.949316,normal_range
2014-01-10,ES,1838.50,1820.747659,1794.554293,bull_trend,16.25,14.912500,1.089690,normal_range
2014-01-13,ES,1814.75,1820.176453,1795.346281,range,29.25,15.762500,1.855670,large_range
2014-01-14,ES,1832.75,1821.373934,1796.813094,bull_trend,21.50,16.275000,1.321045,large_range
2014-01-15,ES,1841.50,1823.290702,1798.565521,bull_trend,14.25,15.375000,0.926829,normal_range
2014-01-16,ES,1837.00,1824.596350,1800.072756,bull_trend,9.25,15.225000,0.607553,small_range
2014-01-17,ES,1833.75,1825.468126,1801.393432,bull_trend,13.50,13.600000,0.992647,normal_range
2014-01-20,ES,1834.25,1826.304495,1802.681925,bull_trend,4.75,13.250000,0.358491,small_range
2014-01-21,ES,1837.25,1827.346924,1804.037536,bull_trend,17.75,13.337500,1.330834,large_range
2014-01-22,ES,1839.25,1828.480550,1805.418417,bull_trend,8.50,13.362500,0.636109,small_range
2014-01-23,ES,1824.75,1828.125260,1806.176518,range,30.25,14.425000,2.097054,large_range
2014-01-24,ES,1780.75,1823.613330,1805.179400,range,48.00,16.400000,2.926829,large_range
2014-01-27,ES,1773.00,1818.793013,1803.917462,range,25.00,17.312500,1.444043,large_range
2014-01-28,ES,1788.50,1815.907964,1803.312856,range,18.00,17.962500,1.002088,normal_range
2014-01-29,ES,1769.75,1811.511968,1801.996666,range,37.25,19.212500,1.938842,large_range
2014-01-30,ES,1784.25,1808.915590,1801.300718,range,26.00,19.325000,1.345408,large_range
2014-01-31,ES,1776.50,1805.828391,1800.328141,range,27.00,20.050000,1.346633,large_range
2014-02-03,ES,1737.00,1799.273306,1797.844684,range,51.50,21.862500,2.355632,large_range
2014-02-04,ES,1744.50,1794.056801,1795.752736,bear_trend,19.50,22.075000,0.883352,normal_range
2014-02-05,ES,1745.50,1789.432343,1793.782040,bear_trend,18.75,22.550000,0.831486,normal_range
2014-02-06,ES,1767.75,1787.367358,1792.761176,bear_trend,25.75,23.100000,1.114719,normal_range
2014-02-07,ES,1793.00,1787.903800,1792.770542,range,35.75,24.075000,1.484943,large_range
2014-02-10,ES,1795.25,1788.603438,1792.867775,range,9.25,23.075000,0.400867,small_range
2014-02-11,ES,1812.50,1790.879301,1793.637666,range,25.25,23.262500,1.085438,normal_range
2014-02-12,ES,1816.75,1793.343177,1794.544032,range,12.00,23.150000,0.518359,small_range
2014-02-13,ES,1824.75,1796.334303,1795.728580,bull_trend,24.75,23.925000,1.034483,normal_range
2014-02-14,ES,1834.75,1799.992941,1797.258832,bull_trend,22.75,24.387500,0.932855,normal_range
2014-02-17,ES,1837.00,1803.517423,1798.817309,bull_trend,8.50,24.575000,0.345880,small_range
2014-02-18,ES,1837.75,1806.777668,1800.344081,bull_trend,8.50,24.112500,0.352514,small_range
2014-02-19,ES,1826.00,1808.608367,1801.350196,bull_trend,21.25,24.750000,0.858586,normal_range
2014-02-20,ES,1835.50,1811.169475,1802.689404,bull_trend,23.00,24.387500,0.943106,normal_range
2014-02-21,ES,1833.75,1813.320001,1803.907466,bull_trend,11.25,22.550000,0.498891,small_range
2014-02-24,ES,1845.00,1816.337144,1805.518938,bull_trend,27.50,22.675000,1.212789,large_range
2014-02-25,ES,1847.00,1819.257416,1807.145647,bull_trend,13.75,22.462500,0.612131,small_range
2014-02-26,ES,1842.75,1821.494805,1808.541896,bull_trend,15.25,21.362500,0.713868,small_range
2014-02-27,ES,1855.25,1824.709585,1810.373586,bull_trend,22.75,21.200000,1.073113,normal_range
2014-02-28,ES,1860.25,1828.094387,1812.329524,bull_trend,21.25,20.912500,1.016139,normal_range
2014-03-03,ES,1843.75,1829.585397,1813.561699,bull_trend,17.25,19.737500,0.873971,normal_range
2014-03-04,ES,1871.00,1833.529645,1815.814182,bull_trend,31.25,20.325000,1.537515,large_range
2014-03-05,ES,1872.75,1837.264917,1818.046959,bull_trend,7.75,19.775000,0.391909,small_range
2014-03-06,ES,1876.75,1841.025401,1820.349039,bull_trend,10.00,18.987500,0.526662,small_range
2014-03-07,ES,1877.50,1844.499173,1822.590253,bull_trend,18.25,18.112500,1.007591,normal_range
2014-03-10,ES,1877.75,1847.665918,1824.753381,bull_trend,13.00,18.300000,0.710383,small_range
2014-03-11,ES,1864.50,1849.269164,1826.312071,bull_trend,19.25,18.000000,1.069444,normal_range
2014-03-12,ES,1868.75,1851.124482,1827.976304,bull_trend,15.25,18.162500,0.839642,normal_range
2014-03-13,ES,1848.00,1850.826912,1828.761547,range,33.50,18.600000,1.801075,large_range
2014-03-14,ES,1832.50,1849.081492,1828.908153,range,18.75,18.400000,1.019022,normal_range
2014-03-17,ES,1851.75,1849.335635,1829.803912,bull_trend,32.25,19.587500,1.646458,large_range
2014-03-18,ES,1863.75,1850.708432,1831.135131,bull_trend,21.50,20.237500,1.062384,normal_range
2014-03-19,ES,1849.75,1850.617153,1831.865126,range,25.50,20.450000,1.246944,large_range
2014-03-20,ES,1865.25,1852.010757,1833.174336,bull_trend,21.75,20.387500,1.066830,normal_range
2014-03-21,ES,1858.75,1852.652590,1834.177304,bull_trend,21.25,20.887500,1.017355,normal_range
2014-03-24,ES,1850.50,1852.447581,1834.817409,range,24.75,20.750000,1.192771,normal_range
2014-03-25,ES,1858.75,1853.047812,1835.755942,bull_trend,16.50,20.887500,0.789946,small_range
2014-03-26,ES,1844.25,1852.209925,1836.089043,range,27.25,21.487500,1.268179,large_range
2014-03-27,ES,1842.25,1851.261361,1836.330649,range,14.50,21.075000,0.688019,small_range
2014-03-28,ES,1850.00,1851.141231,1836.866702,range,18.00,20.912500,0.860729,normal_range
2014-03-31,ES,1864.00,1852.365876,1837.930753,bull_trend,13.00,20.412500,0.636865,small_range
2014-04-01,ES,1878.25,1854.831030,1839.511900,bull_trend,16.50,19.675000,0.838628,normal_range
2014-04-02,ES,1883.25,1857.537599,1841.227119,bull_trend,10.00,19.787500,0.505370,small_range
2014-04-03,ES,1884.50,1860.105447,1842.924095,bull_trend,12.00,19.887500,0.603394,small_range
2014-04-04,ES,1861.75,1860.262071,1843.662366,bull_trend,36.75,20.812500,1.765766,large_range
2014-04-07,ES,1839.00,1858.237112,1843.479528,range,27.25,21.525000,1.265970,large_range
2014-04-08,ES,1845.00,1856.976434,1843.539154,range,18.25,21.475000,0.849825,normal_range
2014-04-09,ES,1865.50,1857.788203,1844.400364,bull_trend,22.75,21.850000,1.041190,normal_range
2014-04-10,ES,1829.25,1855.070278,1843.806232,range,43.75,22.362500,1.956400,large_range
2014-04-11,ES,1811.25,1850.896919,1842.529517,range,24.75,22.662500,1.092113,normal_range
2014-04-14,ES,1824.75,1848.406736,1841.832281,range,24.75,22.287500,1.110488,normal_range
2014-04-15,ES,1843.00,1847.891809,1841.878074,range,34.00,22.912500,1.483906,large_range
2014-04-16,ES,1851.75,1848.259255,1842.265208,bull_trend,16.50,22.462500,0.734558,small_range
2014-04-17,ES,1859.25,1849.305993,1842.931279,bull_trend,16.50,22.200000,0.743243,small_range
2014-04-21,ES,1864.50,1850.753041,1843.777111,bull_trend,9.00,21.587500,0.416908,small_range
2014-04-22,ES,1873.50,1852.919418,1844.942714,bull_trend,18.00,21.250000,0.847059,normal_range
2014-04-23,ES,1878.25,1855.331855,1846.248882,bull_trend,11.50,21.000000,0.547619,small_range
2014-04-24,ES,1873.75,1857.085964,1847.327358,bull_trend,18.75,20.575000,0.911300,normal_range
2014-04-25,ES,1860.00,1857.363491,1847.824324,bull_trend,20.75,20.887500,0.993417,normal_range
2014-04-28,ES,1866.25,1858.209825,1848.546899,bull_trend,27.75,21.375000,1.298246,large_range
2014-04-29,ES,1870.50,1859.380318,1849.407805,bull_trend,10.25,20.987500,0.488386,small_range
2014-04-30,ES,1879.00,1861.248859,1850.568284,bull_trend,14.00,20.862500,0.671061,small_range
2014-05-01,ES,1878.75,1862.915634,1851.673449,bull_trend,11.25,20.925000,0.537634,small_range
2014-05-02,ES,1873.75,1863.947479,1852.539196,bull_trend,14.00,21.025000,0.665874,small_range
2014-05-05,ES,1877.25,1865.214386,1853.508247,bull_trend,19.50,20.162500,0.967142,normal_range
2014-05-06,ES,1864.50,1865.146349,1853.939296,range,19.75,19.787500,0.998105,normal_range
2014-05-07,ES,1874.75,1866.060982,1854.755402,bull_trend,21.25,19.937500,1.065831,normal_range
2014-05-08,ES,1870.00,1866.436127,1855.353230,bull_trend,19.75,19.787500,0.998105,normal_range
2014-05-09,ES,1874.75,1867.227924,1856.113887,bull_trend,12.50,18.225000,0.685871,small_range
2014-05-12,ES,1893.50,1869.730027,1857.580009,bull_trend,19.75,17.975000,1.098748,normal_range
2014-05-13,ES,1894.75,1872.112881,1859.037656,bull_trend,6.50,17.062500,0.380952,small_range
2014-05-14,ES,1885.00,1873.340226,1860.055787,bull_trend,15.00,16.112500,0.930954,normal_range
2014-05-15,ES,1866.75,1872.712585,1860.318305,range,29.50,16.762500,1.759881,large_range
2014-05-16,ES,1875.25,1872.954244,1860.903862,bull_trend,14.50,16.662500,0.870218,normal_range
2014-05-19,ES,1881.50,1873.768125,1861.711554,bull_trend,17.25,17.075000,1.010249,normal_range
2014-05-20,ES,1868.75,1873.290209,1861.987571,range,19.75,17.162500,1.150765,normal_range
2014-05-21,ES,1883.50,1874.262570,1862.831196,bull_trend,20.00,17.587500,1.137171,normal_range
2014-05-22,ES,1890.25,1875.785182,1863.906443,bull_trend,11.25,17.212500,0.653595,small_range
2014-05-23,ES,1897.50,1877.853260,1865.223837,bull_trend,9.75,16.662500,0.585146,small_range
2014-05-26,ES,1904.00,1880.343426,1866.744471,bull_trend,7.75,15.662500,0.494812,small_range
2014-05-27,ES,1909.75,1883.144052,1868.430963,bull_trend,8.00,15.550000,0.514469,small_range
2014-05-28,ES,1909.25,1885.630333,1870.031709,bull_trend,9.50,15.325000,0.619902,small_range
2014-05-29,ES,1917.50,1888.665539,1871.893211,bull_trend,10.75,15.300000,0.702614,small_range
2014-05-30,ES,1919.25,1891.578345,1873.750340,bull_trend,8.00,15.000000,0.533333,small_range
2014-06-02,ES,1922.00,1894.475645,1875.642483,bull_trend,10.50,14.550000,0.721649,small_range
2014-06-03,ES,1923.00,1897.192251,1877.499641,bull_trend,7.00,13.912500,0.503145,small_range
2014-06-04,ES,1926.25,1899.959655,1879.411420,bull_trend,11.00,13.400000,0.820896,normal_range
2014-06-05,ES,1938.25,1903.606355,1881.718815,bull_trend,19.75,13.400000,1.473881,large_range
2014-06-06,ES,1949.25,1907.953369,1884.367097,bull_trend,11.75,13.362500,0.879326,normal_range
2014-06-09,ES,1949.25,1911.886381,1886.911524,bull_trend,9.00,12.825000,0.701754,small_range
2014-06-10,ES,1951.50,1915.659107,1889.444406,bull_trend,8.50,12.925000,0.657640,small_range
2014-06-11,ES,1943.75,1918.334430,1891.574037,bull_trend,12.50,12.825000,0.974659,normal_range
2014-06-12,ES,1931.75,1919.612103,1893.149565,bull_trend,23.00,12.500000,1.840000,large_range
2014-06-13,ES,1935.75,1921.149046,1894.820170,bull_trend,10.50,12.300000,0.853659,normal_range
2014-06-16,ES,1929.25,1921.920565,1896.170360,bull_trend,14.50,12.275000,1.181263,normal_range
2014-06-17,ES,1934.50,1923.118607,1897.673483,bull_trend,12.00,11.887500,1.009464,normal_range
2014-06-18,ES,1948.75,1925.559692,1899.676483,bull_trend,21.00,11.937500,1.759162,large_range
2014-06-19,ES,1950.00,1927.887340,1901.649955,bull_trend,8.25,11.787500,0.699894,small_range
2014-06-20,ES,1953.75,1930.350451,1903.693094,bull_trend,8.50,11.725000,0.724947,small_range
2014-06-23,ES,1952.25,1932.436122,1905.597286,bull_trend,9.75,11.825000,0.824524,normal_range
2014-06-24,ES,1942.50,1933.394587,1907.044451,bull_trend,20.25,12.437500,1.628141,large_range
2014-06-25,ES,1949.00,1934.880816,1908.689767,bull_trend,16.00,12.762500,1.253673,large_range
2014-06-26,ES,1949.00,1936.225501,1910.270560,bull_trend,16.25,13.037500,1.246405,large_range
2014-06-27,ES,1951.50,1937.680215,1911.887401,bull_trend,11.25,13.200000,0.852273,normal_range
2014-06-30,ES,1954.25,1939.258290,1913.548680,bull_trend,8.75,13.112500,0.667302,small_range
2014-07-01,ES,1966.25,1941.828929,1915.615398,bull_trend,18.25,13.675000,1.334552,large_range
2014-07-02,ES,1968.00,1944.321412,1917.669696,bull_trend,5.50,13.400000,0.410448,small_range
2014-07-03,ES,1977.50,1947.481277,1920.015983,bull_trend,12.25,13.025000,0.940499,normal_range
2014-07-04,ES,1975.50,1950.149727,1922.191826,bull_trend,3.00,12.587500,0.238332,small_range
2014-07-07,ES,1970.50,1952.087848,1924.086265,bull_trend,10.25,12.650000,0.810277,normal_range
2014-07-08,ES,1960.00,1952.841386,1925.494646,bull_trend,18.00,13.125000,1.371429,large_range
2014-07-09,ES,1967.50,1954.237445,1927.141915,bull_trend,10.00,12.975000,0.770713,small_range
2014-07-10,ES,1957.00,1954.500545,1928.312820,bull_trend,23.00,12.975000,1.772640,large_range
2014-07-11,ES,1962.75,1955.286208,1929.663298,bull_trend,10.50,12.975000,0.809249,normal_range
2014-07-14,ES,1971.25,1956.806569,1931.294149,bull_trend,11.50,12.712500,0.904621,normal_range
2014-07-15,ES,1968.25,1957.896419,1932.743398,bull_trend,17.50,12.987500,1.347449,large_range
2014-07-16,ES,1972.25,1959.263427,1934.292677,bull_trend,11.00,12.487500,0.880881,normal_range
2014-07-17,ES,1949.50,1958.333577,1934.889042,range,27.50,13.450000,2.044610,large_range
2014-07-18,ES,1971.25,1959.563712,1936.314962,bull_trend,31.75,14.612500,2.172797,large_range
2014-07-21,ES,1965.75,1960.152883,1937.469277,bull_trend,12.50,14.750000,0.847458,normal_range
2014-07-22,ES,1972.75,1961.352608,1938.852835,bull_trend,15.25,14.500000,1.051724,normal_range
2014-07-23,ES,1981.25,1963.247598,1940.515469,bull_trend,10.75,14.237500,0.755048,small_range
2014-07-24,ES,1979.50,1964.795446,1942.044274,bull_trend,9.00,13.875000,0.648649,small_range
2014-07-25,ES,1971.25,1965.410165,1943.189597,bull_trend,12.75,13.950000,0.913978,normal_range
2014-07-28,ES,1972.00,1966.037768,1944.319416,bull_trend,15.25,14.275000,1.068301,normal_range
2014-07-29,ES,1964.75,1965.915124,1945.120616,range,17.50,14.237500,1.229148,large_range
2014-07-30,ES,1965.25,1965.851779,1945.910003,range,17.75,14.850000,1.195286,normal_range
2014-07-31,ES,1924.50,1961.913514,1945.070395,range,42.00,16.337500,2.570773,large_range
2014-08-01,ES,1918.25,1957.755084,1944.018615,range,22.00,17.287500,1.272596,large_range
2014-08-04,ES,1932.00,1955.302219,1943.547297,range,22.75,17.912500,1.270063,large_range
2014-08-05,ES,1914.00,1951.368674,1942.388579,range,25.75,18.300000,1.407104,large_range
2014-08-06,ES,1915.00,1947.904991,1941.314518,range,20.50,18.825000,1.088977,normal_range
2014-08-07,ES,1904.25,1943.747373,1939.861007,range,26.00,18.975000,1.370224,large_range
2014-08-08,ES,1924.00,1941.866671,1939.239007,range,38.00,20.350000,1.867322,large_range
2014-08-11,ES,1933.25,1941.046035,1939.004144,range,17.75,20.662500,0.859044,normal_range
2014-08-12,ES,1932.50,1940.232127,1938.749079,range,15.25,20.550000,0.742092,small_range
2014-08-13,ES,1946.00,1940.781448,1939.033429,bull_trend,15.75,20.787500,0.757667,small_range
2014-08-14,ES,1954.00,1942.040358,1939.620353,bull_trend,12.75,20.050000,0.635910,small_range
2014-08-15,ES,1952.25,1943.012705,1940.115634,bull_trend,23.75,19.650000,1.208651,large_range
2014-08-18,ES,1968.75,1945.463876,1941.238550,bull_trend,13.25,19.862500,0.667086,small_range
2014-08-19,ES,1977.50,1948.514935,1942.660568,bull_trend,11.50,19.675000,0.584498,small_range
2014-08-20,ES,1983.00,1951.799227,1944.242506,bull_trend,13.00,19.787500,0.656980,small_range
2014-08-21,ES,1990.00,1955.437396,1946.036918,bull_trend,11.25,19.900000,0.565327,small_range
2014-08-22,ES,1987.75,1958.514787,1947.672725,bull_trend,10.00,19.762500,0.506009,small_range
2014-08-25,ES,1994.50,1961.941950,1949.509089,bull_trend,11.00,19.600000,0.561224,small_range
2014-08-26,ES,1999.00,1965.471288,1951.449909,bull_trend,10.50,19.250000,0.545455,small_range
2014-08-27,ES,1997.00,1968.474023,1953.236187,bull_trend,7.00,18.712500,0.374081,small_range
2014-08-28,ES,1998.50,1971.333640,1955.011238,bull_trend,11.25,17.175000,0.655022,small_range
2014-08-29,ES,1998.75,1973.944721,1956.726484,bull_trend,11.50,16.650000,0.690691,small_range
2014-09-01,ES,2001.00,1976.521415,1958.462700,bull_trend,4.25,15.725000,0.270270,small_range
2014-09-02,ES,2000.75,1978.828899,1960.121026,bull_trend,13.50,15.112500,0.893300,normal_range
2014-09-03,ES,1999.00,1980.749956,1961.645691,bull_trend,14.75,14.825000,0.994941,normal_range
2014-09-04,ES,1999.50,1982.535675,1963.130174,bull_trend,19.25,14.487500,1.328732,large_range
2014-09-05,ES,2007.00,1984.865610,1964.850559,bull_trend,19.00,13.537500,1.403509,large_range
2014-09-08,ES,2001.50,1986.449838,1966.287792,bull_trend,12.75,13.300000,0.958647,normal_range
2014-09-09,ES,1989.25,1986.716520,1967.188271,bull_trend,19.75,13.525000,1.460259,large_range
2014-09-10,ES,1995.50,1987.553042,1968.298535,bull_trend,14.75,13.475000,1.094620,normal_range
2014-09-11,ES,1999.00,1988.643228,1969.502514,bull_trend,14.25,13.550000,1.051661,normal_range
2014-09-12,ES,1984.25,1988.224826,1970.080847,range,19.75,13.350000,1.479401,large_range
2014-09-15,ES,1976.50,1987.108176,1970.332578,range,11.00,13.325000,0.825516,normal_range
2014-09-16,ES,1991.75,1987.550254,1971.172477,bull_trend,24.25,13.962500,1.736795,large_range
2014-09-17,ES,1994.50,1988.212135,1972.087282,bull_trend,20.00,14.312500,1.397380,large_range
2014-09-18,ES,2006.25,1989.930027,1973.426996,bull_trend,13.75,14.437500,0.952381,normal_range
2014-09-19,ES,2001.50,1991.031929,1974.527898,bull_trend,16.25,14.750000,1.101695,normal_range
2014-09-22,ES,1984.75,1990.433650,1974.928765,range,20.50,15.175000,1.350906,large_range
2014-09-23,ES,1968.75,1988.368540,1974.686461,range,19.75,15.637500,1.262990,large_range
2014-09-24,ES,1990.50,1988.571537,1975.306599,bull_trend,23.00,16.475000,1.396055,large_range
2014-09-25,ES,1961.00,1985.945676,1974.745556,range,33.75,17.600000,1.917614,large_range
2014-09-26,ES,1975.75,1984.974659,1974.784946,range,22.75,18.162500,1.252581,large_range
2014-09-29,ES,1968.50,1983.405644,1974.538478,range,21.50,19.025000,1.130092,normal_range
2014-09-30,ES,1961.50,1981.319392,1974.027165,range,17.50,19.225000,0.910273,normal_range
2014-10-01,ES,1941.75,1977.550879,1972.761394,range,33.25,20.150000,1.650124,large_range
2014-10-02,ES,1938.25,1973.807938,1971.408006,range,27.50,20.562500,1.337386,large_range
2014-10-03,ES,1960.25,1972.516706,1970.970437,range,28.75,21.050000,1.365796,large_range
2014-10-06,ES,1954.25,1970.777019,1970.314734,range,20.50,21.425000,0.956826,normal_range
2014-10-07,ES,1925.00,1966.417303,1968.537685,bear_trend,31.75,22.025000,1.441544,large_range
2014-10-08,ES,1963.00,1966.091846,1968.320521,bear_trend,46.00,23.587500,1.950185,large_range
2014-10-09,ES,1918.25,1961.535480,1966.356971,bear_trend,53.25,25.537500,2.085169,large_range
2014-10-10,ES,1894.25,1955.127339,1963.529247,bear_trend,38.00,26.450000,1.436673,large_range
2014-10-13,ES,1865.25,1946.567592,1959.675159,bear_trend,41.25,27.700000,1.489170,large_range
2014-10-14,ES,1878.00,1940.037345,1956.472211,bear_trend,28.00,27.887500,1.004034,normal_range
2014-10-15,ES,1845.75,1931.057598,1952.130164,bear_trend,70.25,30.400000,2.310855,large_range
2014-10-16,ES,1850.75,1923.409255,1948.154471,bear_trend,54.50,32.437500,1.680154,large_range
2014-10-17,ES,1881.75,1919.441707,1945.550374,bear_trend,40.75,33.675000,1.210097,large_range
2014-10-20,ES,1901.75,1917.756783,1943.832712,bear_trend,30.25,34.162500,0.885474,normal_range
2014-10-21,ES,1939.00,1919.779946,1943.643194,range,53.75,35.862500,1.498780,large_range
2014-10-22,ES,1924.75,1920.253285,1942.902285,range,23.50,35.850000,0.655509,small_range
2014-10-23,ES,1946.25,1922.729162,1943.033568,range,34.00,35.862500,0.948066,normal_range
2014-10-24,ES,1960.25,1926.302576,1943.708722,range,28.75,36.162500,0.795022,small_range
2014-10-27,ES,1957.75,1929.297568,1944.259360,range,21.25,36.150000,0.587828,small_range
2014-10-28,ES,1979.50,1934.078752,1945.641346,range,24.00,36.475000,0.657985,small_range
2014-10-29,ES,1972.00,1937.690300,1946.675019,range,23.75,36.000000,0.659722,small_range
2014-10-30,ES,1989.00,1942.576938,1948.334822,range,35.00,36.375000,0.962199,normal_range
2014-10-31,ES,2009.50,1948.950563,1950.733456,range,30.00,36.437500,0.823328,normal_range
2014-11-03,ES,2010.75,1954.836223,1953.087046,bull_trend,12.25,36.025000,0.340042,small_range
2014-11-04,ES,2006.00,1959.708964,1955.162064,bull_trend,18.50,35.362500,0.523153,small_range
2014-11-05,ES,2018.25,1965.284301,1957.636101,bull_trend,16.75,33.900000,0.494100,small_range
2014-11-06,ES,2029.00,1971.352463,1960.434685,bull_trend,18.50,32.162500,0.575204,small_range
2014-11-07,ES,2026.00,1976.556990,1963.005874,bull_trend,13.00,30.912500,0.420542,small_range
2014-11-10,ES,2034.25,1982.051562,1965.799761,bull_trend,14.00,29.550000,0.473773,small_range
2014-11-11,ES,2036.25,1987.213318,1968.562516,bull_trend,8.00,28.550000,0.280210,small_range
2014-11-12,ES,2035.25,1991.788240,1971.177711,bull_trend,10.50,25.562500,0.410758,small_range
2014-11-13,ES,2033.75,1995.784598,1973.631526,bull_trend,17.00,23.687500,0.717678,small_range
2014-11-14,ES,2038.50,1999.852732,1976.175388,bull_trend,7.75,22.025000,0.351873,small_range
2014-11-17,ES,2039.50,2003.628662,1978.658706,bull_trend,15.25,21.275000,0.716804,small_range
2014-11-18,ES,2048.50,2007.902123,1981.397581,bull_trend,18.25,19.500000,0.935897,normal_range
2014-11-19,ES,2047.00,2011.625730,1983.970224,bull_trend,12.75,18.962500,0.672380,small_range
2014-11-20,ES,2052.50,2015.518518,1986.657667,bull_trend,17.50,18.137500,0.964852,normal_range
2014-11-21,ES,2061.50,2019.897707,1989.592660,bull_trend,22.50,17.825000,1.262272,large_range
2014-11-24,ES,2067.50,2024.431258,1992.647850,bull_trend,8.25,17.175000,0.480349,small_range
2014-11-25,ES,2068.25,2028.604472,1995.612640,bull_trend,10.25,16.487500,0.621683,small_range
2014-11-26,ES,2074.25,2032.951665,1998.696458,bull_trend,10.00,15.800000,0.632911,small_range
2014-11-27,ES,2074.00,2036.861030,2001.649538,bull_trend,6.50,14.375000,0.452174,small_range
2014-11-28,ES,2066.75,2039.707599,2004.202497,bull_trend,9.75,13.400000,0.727612,small_range
2014-12-01,ES,2050.75,2040.759256,2006.027890,bull_trend,15.75,13.712500,1.148587,normal_range
2014-12-02,ES,2066.25,2043.186946,2008.389541,bull_trend,17.25,13.650000,1.263736,large_range
2014-12-03,ES,2072.75,2046.002475,2010.913481,bull_trend,12.75,13.450000,0.947955,normal_range
2014-12-04,ES,2072.00,2048.478430,2013.309030,bull_trend,16.00,13.325000,1.200750,large_range
2014-12-05,ES,2076.50,2051.147151,2015.787108,bull_trend,10.50,13.200000,0.795455,small_range
2014-12-08,ES,2060.75,2052.061708,2017.550358,bull_trend,23.75,13.687500,1.735160,large_range
2014-12-09,ES,2058.25,2052.651069,2019.146423,bull_trend,29.00,14.737500,1.967769,large_range
2014-12-10,ES,2026.25,2050.136681,2019.424994,range,36.75,16.050000,2.289720,large_range
2014-12-11,ES,2027.25,2047.956997,2019.731857,range,32.75,16.837500,1.945063,large_range
2014-12-12,ES,1998.75,2043.270617,2018.909039,range,35.75,18.237500,1.960247,large_range
2014-12-15,ES,1982.00,2037.435320,2017.461626,range,37.75,19.362500,1.949645,large_range
2014-12-16,ES,1967.00,2030.727194,2015.482739,range,49.75,20.937500,2.376119,large_range
2014-12-17,ES,2007.50,2028.515080,2015.169690,range,45.00,22.550000,1.995565,large_range
2014-12-18,ES,2061.50,2031.656501,2016.986565,bull_trend,57.75,24.562500,2.351145,large_range
2014-12-19,ES,2065.50,2034.879692,2018.889053,bull_trend,19.75,24.425000,0.808598,normal_range
2014-12-22,ES,2072.25,2038.438769,2020.981639,bull_trend,12.00,24.612500,0.487557,small_range
2014-12-23,ES,2079.50,2042.349362,2023.276477,bull_trend,13.00,24.750000,0.525253,small_range
2014-12-24,ES,2078.00,2045.744661,2025.422497,bull_trend,6.50,24.575000,0.264496,small_range
2014-12-26,ES,2085.25,2049.507074,2027.768674,bull_trend,10.25,24.787500,0.413515,small_range
2014-12-29,ES,2088.00,2053.173067,2030.130687,bull_trend,12.75,24.900000,0.512048,small_range
2014-12-30,ES,2076.75,2055.418489,2031.958895,bull_trend,15.50,24.750000,0.626263,small_range
2014-12-31,ES,2051.75,2055.069109,2032.735017,range,32.00,25.487500,1.255517,large_range
2015-01-02,ES,2047.25,2054.324432,2033.304232,range,28.50,26.275000,1.084681,normal_range
2015-01-05,ES,2018.25,2050.888772,2032.713870,range,38.75,27.412500,1.413589,large_range
2015-01-06,ES,1995.00,2045.566032,2031.234894,range,39.25,28.850000,1.360485,large_range
2015-01-07,ES,2020.50,2043.178791,2030.813918,range,28.00,29.100000,0.962199,normal_range
2015-01-08,ES,2053.25,2044.137954,2031.693764,bull_trend,38.25,29.562500,1.293869,large_range
2015-01-09,ES,2034.75,2043.243863,2031.813617,range,30.75,29.262500,1.050833,normal_range
2015-01-12,ES,2023.75,2041.387304,2031.497397,range,33.00,29.275000,1.127242,normal_range
2015-01-13,ES,2018.75,2039.231371,2030.997499,range,50.75,30.025000,1.690258,large_range
2015-01-14,ES,2010.50,2036.495050,2030.193675,range,38.25,30.050000,1.272879,large_range
2015-01-15,ES,1983.75,2031.471712,2028.372355,range,43.75,29.750000,1.470588,large_range
2015-01-16,ES,2013.00,2029.712501,2027.769517,range,44.00,29.700000,1.481481,large_range
2015-01-19,ES,2008.50,2027.692263,2027.013850,range,20.75,27.850000,0.745063,small_range
2015-01-20,ES,2015.50,2026.531095,2026.562326,bear_trend,29.00,28.312500,1.024283,normal_range
2015-01-21,ES,2026.75,2026.551943,2026.569686,range,27.50,29.087500,0.945423,normal_range
2015-01-22,ES,2057.75,2029.523187,2027.792443,bull_trend,40.00,30.437500,1.314168,large_range
2015-01-23,ES,2043.25,2030.830502,2028.398622,bull_trend,19.75,31.100000,0.635048,small_range
2015-01-26,ES,2054.25,2033.060930,2029.412402,bull_trend,29.50,32.037500,0.920796,normal_range
2015-01-27,ES,2037.75,2033.507509,2029.739366,bull_trend,41.50,33.475000,1.239731,large_range
2015-01-28,ES,1994.50,2029.792508,2028.357430,range,55.25,35.462500,1.557984,large_range
2015-01-29,ES,2018.75,2028.740840,2027.980668,range,38.00,35.762500,1.062566,normal_range
2015-01-30,ES,1989.25,2024.979808,2026.461819,bear_trend,34.25,36.050000,0.950069,normal_range
2015-02-02,ES,2015.50,2024.076969,2026.031943,bear_trend,44.75,36.350000,1.231087,large_range
2015-02-03,ES,2041.50,2025.736305,2026.638534,range,37.00,36.237500,1.021042,normal_range
2015-02-04,ES,2025.00,2025.666181,2026.574278,bear_trend,26.50,36.125000,0.733564,small_range
2015-02-05,ES,2056.75,2028.626545,2027.757639,bull_trend,38.00,36.112500,1.052267,normal_range
2015-02-06,ES,2055.00,2031.138302,2028.825967,bull_trend,23.50,35.750000,0.657343,small_range
2015-02-09,ES,2042.75,2032.244178,2029.372008,bull_trend,15.25,35.025000,0.435403,small_range
2015-02-10,ES,2063.00,2035.173304,2030.690752,bull_trend,26.00,33.787500,0.769515,small_range
2015-02-11,ES,2074.25,2038.894894,2032.398958,bull_trend,26.25,33.187500,0.790960,small_range
2015-02-12,ES,2083.00,2043.095381,2034.383313,bull_trend,27.00,32.350000,0.834621,normal_range
2015-02-13,ES,2094.25,2047.967249,2036.731026,bull_trend,13.25,30.812500,0.430020,small_range
2015-02-16,ES,2086.75,2051.660844,2038.692554,bull_trend,10.25,30.312500,0.338144,small_range
2015-02-17,ES,2097.50,2056.026478,2040.998729,bull_trend,18.00,29.762500,0.604788,small_range
2015-02-18,ES,2095.50,2059.785861,2043.136034,bull_trend,10.00,28.887500,0.346170,small_range
2015-02-19,ES,2096.25,2063.258636,2045.218934,bull_trend,12.25,27.500000,0.445455,small_range
2015-02-20,ES,2107.75,2067.495909,2047.671133,bull_trend,26.50,27.837500,0.951953,normal_range
2015-02-23,ES,2106.75,2071.234394,2049.987951,bull_trend,8.50,26.787500,0.317312,small_range
2015-02-24,ES,2114.00,2075.307309,2052.498228,bull_trend,13.00,25.362500,0.512568,small_range
2015-02-25,ES,2111.00,2078.706613,2054.792415,bull_trend,10.50,23.125000,0.454054,small_range
2015-02-26,ES,2110.25,2081.710745,2056.967222,bull_trend,13.25,21.887500,0.605368,small_range
2015-02-27,ES,2105.25,2083.952579,2058.860664,bull_trend,10.25,20.687500,0.495468,small_range
2015-03-02,ES,2114.25,2086.838047,2061.032795,bull_trend,15.00,19.200000,0.781250,small_range
2015-03-03,ES,2104.75,2088.543948,2062.747195,bull_trend,19.00,18.300000,1.038251,normal_range
2015-03-04,ES,2096.00,2089.254048,2064.051227,bull_trend,19.50,17.950000,1.086351,normal_range
2015-03-05,ES,2099.50,2090.229853,2065.441375,bull_trend,10.25,16.562500,0.618868,small_range
2015-03-06,ES,2071.50,2088.446057,2065.678968,range,38.00,17.287500,2.198120,large_range
2015-03-09,ES,2077.75,2087.427385,2066.152342,range,16.50,17.187500,0.960000,normal_range
2015-03-10,ES,2043.75,2083.267634,2065.273819,range,36.75,17.725000,2.073343,large_range
2015-03-11,ES,2042.00,2079.337383,2064.361120,range,14.00,17.112500,0.818115,normal_range
2015-03-12,ES,2065.50,2078.019537,2064.405782,range,28.25,17.175000,1.644833,large_range
2015-03-13,ES,2052.00,2075.541486,2063.919281,range,28.75,17.950000,1.601671,large_range
2015-03-16,ES,2068.00,2074.823249,2064.079309,range,36.75,19.250000,1.909091,large_range
2015-03-17,ES,2066.00,2073.982940,2064.154630,range,14.25,19.062500,0.747541,small_range
2015-03-18,ES,2093.00,2075.794088,2065.285821,bull_trend,47.50,20.937500,2.268657,large_range
2015-03-19,ES,2080.25,2076.218461,2065.872651,bull_trend,22.50,21.450000,1.048951,normal_range
2015-03-20,ES,2098.75,2078.364322,2067.161959,bull_trend,29.00,21.575000,1.344148,large_range
2015-03-23,ES,2095.00,2079.948672,2068.253647,bull_trend,13.75,21.837500,0.629651,small_range
2015-03-24,ES,2085.00,2080.429751,2068.910367,bull_trend,18.00,22.087500,0.814941,normal_range
2015-03-25,ES,2055.00,2078.007870,2068.364862,range,37.00,23.412500,1.580352,large_range
2015-03-26,ES,2049.75,2075.316644,2067.634868,range,25.50,24.025000,1.061394,normal_range
2015-03-27,ES,2051.75,2073.072202,2067.011932,range,16.75,24.350000,0.687885,small_range
2015-03-30,ES,2074.25,2073.184373,2067.295778,bull_trend,34.50,25.325000,1.362290,large_range
2015-03-31,ES,2058.50,2071.785861,2066.950845,range,20.50,25.400000,0.807087,normal_range
2015-04-01,ES,2054.25,2070.115779,2066.452773,range,27.25,25.787500,1.056714,normal_range
2015-04-02,ES,2060.75,2069.223800,2066.229135,range,20.75,26.312500,0.788599,small_range
2015-04-03,ES,2039.75,2066.416772,2065.190737,range,25.75,25.700000,1.001946,normal_range
2015-04-06,ES,2072.50,2066.996127,2065.477375,bull_trend,41.25,26.937500,1.531323,large_range
2015-04-07,ES,2068.25,2067.115543,2065.586105,bull_trend,16.75,25.937500,0.645783,small_range
2015-04-08,ES,2076.75,2068.033111,2066.023905,bull_trend,15.75,26.025000,0.605187,small_range
2015-04-09,ES,2085.00,2069.649005,2066.768066,bull_trend,20.25,25.625000,0.790244,small_range
2015-04-10,ES,2095.50,2072.111004,2067.894808,bull_trend,13.00,24.837500,0.523402,small_range
2015-04-13,ES,2086.50,2073.481385,2068.624424,bull_trend,16.00,23.800000,0.672269,small_range
2015-04-14,ES,2090.75,2075.126015,2069.492093,bull_trend,17.00,23.937500,0.710183,small_range
2015-04-15,ES,2101.00,2077.590204,2070.727697,bull_trend,18.25,22.475000,0.812013,normal_range
2015-04-16,ES,2100.50,2079.772089,2071.895239,bull_trend,15.75,22.137500,0.711462,small_range
2015-04-17,ES,2075.75,2079.389033,2072.046406,range,37.25,22.550000,1.651885,large_range
2015-04-20,ES,2090.50,2080.447221,2072.770076,bull_trend,19.00,22.950000,0.827887,normal_range
2015-04-21,ES,2091.50,2081.499866,2073.504583,bull_trend,18.00,22.950000,0.784314,small_range
2015-04-22,ES,2099.50,2083.214165,2074.524011,bull_trend,23.50,22.275000,1.054994,normal_range
2015-04-23,ES,2107.50,2085.527101,2075.817187,bull_trend,27.00,22.350000,1.208054,large_range
2015-04-24,ES,2112.50,2088.095949,2077.255729,bull_trend,11.75,22.100000,0.531674,small_range
2015-04-27,ES,2103.25,2089.539192,2078.275112,bull_trend,19.50,21.350000,0.913349,normal_range
2015-04-28,ES,2111.75,2091.654507,2079.587853,bull_trend,24.25,21.537500,1.125943,normal_range
2015-04-29,ES,2098.25,2092.282649,2080.319702,bull_trend,22.00,21.275000,1.034078,normal_range
2015-04-30,ES,2082.25,2091.327159,2080.395400,range,31.75,21.825000,1.454754,large_range
2015-05-01,ES,2101.75,2092.319810,2081.232835,bull_trend,22.00,21.637500,1.016753,normal_range
2015-05-04,ES,2109.25,2093.932209,2082.331547,bull_trend,17.00,20.425000,0.832313,normal_range
2015-05-05,ES,2085.50,2093.129142,2082.455800,range,30.25,21.100000,1.433649,large_range
2015-05-06,ES,2075.25,2091.426366,2082.173220,range,32.50,21.937500,1.481481,large_range
2015-05-07,ES,2083.75,2090.695284,2082.235054,range,31.25,22.487500,1.389661,large_range
2015-05-08,ES,2108.25,2092.367162,2083.255248,bull_trend,29.50,23.325000,1.264737,large_range
2015-05-11,ES,2096.75,2092.784575,2083.784454,bull_trend,17.75,23.412500,0.758142,small_range
2015-05-12,ES,2095.50,2093.043187,2084.243887,bull_trend,21.75,23.650000,0.919662,normal_range
2015-05-13,ES,2096.25,2093.348597,2084.714715,bull_trend,15.00,23.487500,0.638638,small_range
2015-05-14,ES,2117.50,2095.648731,2086.000413,bull_trend,26.25,24.012500,1.093181,normal_range
2015-05-15,ES,2120.25,2097.991709,2087.343534,bull_trend,9.50,22.625000,0.419890,small_range
2015-05-18,ES,2126.75,2100.730594,2088.888886,bull_trend,16.50,22.362500,0.737842,small_range
2015-05-19,ES,2124.25,2102.970537,2090.275596,bull_trend,12.75,22.100000,0.576923,small_range
2015-05-20,ES,2121.50,2104.735248,2091.500082,bull_trend,13.00,21.575000,0.602549,small_range
2015-05-21,ES,2128.75,2107.022367,2092.960863,bull_trend,17.00,21.075000,0.806643,normal_range
2015-05-22,ES,2124.50,2108.686904,2094.197692,bull_trend,8.25,20.900000,0.394737,small_range
2015-05-25,ES,2122.25,2109.978627,2095.297783,bull_trend,8.50,20.350000,0.417690,small_range
2015-05-26,ES,2105.50,2109.552091,2095.697870,range,28.50,20.562500,1.386018,large_range
2015-05-27,ES,2119.75,2110.523321,2096.641091,bull_trend,23.00,20.612500,1.115828,normal_range
2015-05-28,ES,2122.50,2111.663957,2097.655165,bull_trend,12.25,19.637500,0.623806,small_range
2015-05-29,ES,2107.50,2111.267389,2098.041237,range,20.50,19.562500,1.047923,normal_range
2015-06-01,ES,2110.75,2111.218114,2098.539620,range,17.50,19.587500,0.893427,normal_range
2015-06-02,ES,2106.75,2110.792580,2098.861596,range,22.00,19.175000,1.147327,normal_range
2015-06-03,ES,2116.00,2111.288524,2099.533690,bull_trend,14.00,18.250000,0.767123,small_range
2015-06-04,ES,2098.75,2110.094379,2099.502957,range,25.25,17.950000,1.406685,large_range
2015-06-05,ES,2091.75,2108.347295,2099.198920,range,19.25,17.425000,1.104735,normal_range
2015-06-08,ES,2080.00,2105.647553,2098.446021,range,17.00,17.387500,0.977714,normal_range
2015-06-09,ES,2081.00,2103.300167,2097.761863,range,16.00,17.100000,0.935673,normal_range
2015-06-10,ES,2106.50,2103.604913,2098.104535,bull_trend,28.00,17.750000,1.577465,large_range
2015-06-11,ES,2110.00,2104.213969,2098.571024,bull_trend,11.50,17.012500,0.675974,small_range
2015-06-12,ES,2093.50,2103.193591,2098.372160,range,19.00,17.525000,1.084165,normal_range
2015-06-15,ES,2075.50,2100.556106,2097.475213,range,18.75,18.237500,1.028101,normal_range
2015-06-16,ES,2089.50,2099.503144,2097.162459,range,28.00,19.000000,1.473684,large_range
2015-06-17,ES,2088.25,2098.431416,2096.812951,range,20.00,19.350000,1.033592,normal_range
2015-06-18,ES,2114.25,2099.937947,2097.496757,bull_trend,37.25,20.362500,1.829343,large_range
2015-06-19,ES,2100.25,2099.967667,2097.604727,bull_trend,20.50,20.975000,0.977354,normal_range
2015-06-22,ES,2115.00,2101.399318,2098.286895,bull_trend,18.50,21.637500,0.854997,normal_range
2015-06-23,ES,2117.00,2102.885097,2099.020742,bull_trend,9.25,20.675000,0.447400,small_range
2015-06-24,ES,2100.75,2102.681754,2099.088556,range,19.50,20.500000,0.951220,normal_range
2015-06-25,ES,2093.50,2101.807301,2098.869397,range,20.75,20.925000,0.991637,normal_range
2015-06-26,ES,2096.25,2101.278035,2098.766676,range,14.50,20.625000,0.703030,small_range
2015-06-29,ES,2053.00,2096.680127,2096.971904,bear_trend,36.00,22.200000,1.621622,large_range
2015-06-30,ES,2056.75,2092.877257,2095.394575,bear_trend,22.25,22.212500,1.001688,normal_range
2015-07-01,ES,2071.75,2090.865138,2094.467336,bear_trend,23.00,22.662500,1.014892,normal_range
2015-07-02,ES,2068.75,2088.758934,2093.458813,bear_trend,16.75,22.237500,0.753232,small_range
2015-07-03,ES,2067.00,2086.686655,2092.421213,bear_trend,8.50,21.700000,0.391705,small_range
2015-07-06,ES,2067.25,2084.835545,2091.434106,bear_trend,36.25,22.662500,1.599559,large_range
2015-07-07,ES,2073.25,2083.732159,2090.721004,bear_trend,43.00,24.012500,1.790734,large_range
2015-07-08,ES,2039.00,2079.471954,2088.692730,bear_trend,37.00,24.462500,1.512519,large_range
2015-07-09,ES,2042.00,2075.903196,2086.861642,bear_trend,29.75,25.375000,1.172414,normal_range
2015-07-10,ES,2070.00,2075.340987,2086.200401,bear_trend,30.00,26.025000,1.152738,normal_range
2015-07-13,ES,2093.75,2077.094226,2086.496464,range,42.75,26.625000,1.605634,large_range
2015-07-14,ES,2102.75,2079.537633,2087.133857,range,15.00,25.975000,0.577478,small_range
2015-07-15,ES,2104.50,2081.915002,2087.814883,range,12.75,25.612500,0.497804,small_range
2015-07-16,ES,2116.75,2085.232621,2088.949593,range,15.75,24.537500,0.641875,small_range
2015-07-17,ES,2119.00,2088.448561,2090.128040,range,7.25,23.875000,0.303665,small_range
2015-07-20,ES,2121.50,2091.596318,2091.358313,bull_trend,9.75,23.275000,0.418904,small_range
2015-07-21,ES,2108.25,2093.182383,2092.020733,bull_trend,18.00,23.712500,0.759093,small_range
2015-07-22,ES,2110.50,2094.831679,2092.745410,bull_trend,9.75,23.225000,0.419806,small_range
2015-07-23,ES,2101.00,2095.419139,2093.069119,bull_trend,22.25,23.300000,0.954936,normal_range
2015-07-24,ES,2078.75,2093.831602,2092.507585,range,34.25,24.287500,1.410190,large_range
2015-07-27,ES,2064.50,2091.038116,2091.409248,bear_trend,24.25,23.050000,1.052061,normal_range
2015-07-28,ES,2088.25,2090.772581,2091.285356,bear_trend,27.50,23.312500,1.179625,normal_range
2015-07-29,ES,2100.00,2091.651383,2091.627107,bull_trend,19.75,23.150000,0.853132,normal_range
2015-07-30,ES,2103.25,2092.756013,2092.082907,bull_trend,16.50,23.137500,0.713128,small_range
2015-07-31,ES,2100.50,2093.493535,2092.412989,bull_trend,14.00,23.412500,0.597971,small_range
2015-08-03,ES,2091.25,2093.279865,2092.367381,range,22.50,22.725000,0.990099,normal_range
2015-08-04,ES,2084.00,2092.396069,2092.039249,range,14.75,21.312500,0.692082,small_range
2015-08-05,ES,2094.50,2092.596443,2092.135749,bull_trend,24.75,20.700000,1.195652,normal_range
2015-08-06,ES,2079.75,2091.372972,2091.650033,bear_trend,29.25,20.675000,1.414752,large_range
2015-08-07,ES,2073.25,2089.646975,2090.928463,bear_trend,20.75,20.075000,1.033624,normal_range
2015-08-10,ES,2100.75,2090.704406,2091.313622,range,29.50,19.412500,1.519639,large_range
2015-08-11,ES,2080.75,2089.756367,2090.899362,bear_trend,31.00,20.212500,1.533704,large_range
2015-08-12,ES,2083.75,2089.184332,2090.618995,bear_trend,38.75,21.512500,1.801278,large_range
2015-08-13,ES,2081.00,2088.404872,2090.241779,bear_trend,19.75,21.712500,0.909614,normal_range
2015-08-14,ES,2090.00,2088.556789,2090.232298,range,16.75,22.187500,0.754930,small_range
2015-08-17,ES,2098.75,2089.527571,2090.566325,range,25.75,22.987500,1.120174,normal_range
2015-08-18,ES,2093.00,2089.858279,2090.661764,range,13.50,22.762500,0.593081,small_range
2015-08-19,ES,2073.00,2088.252728,2089.969145,bear_trend,31.50,23.850000,1.320755,large_range
2015-08-20,ES,2026.00,2082.323897,2087.460551,bear_trend,53.25,25.400000,2.096457,large_range
2015-08-21,ES,1969.25,2071.554954,2082.824843,bear_trend,61.00,26.737500,2.281440,large_range
2015-08-24,ES,1874.00,2052.740197,2074.635634,bear_trend,133.75,32.437500,4.123314,large_range
2015-08-25,ES,1869.50,2035.288750,2066.591099,bear_trend,88.50,35.487500,2.493836,large_range
2015-08-26,ES,1936.75,2025.904107,2061.499291,bear_trend,92.50,39.125000,2.364217,large_range
2015-08-27,ES,1989.00,2022.389430,2058.656182,bear_trend,55.75,41.087500,1.356860,large_range
2015-08-28,ES,1986.00,2018.923770,2055.806920,bear_trend,25.50,41.662500,0.612061,small_range
2015-08-31,ES,1965.50,2013.835792,2052.265472,bear_trend,28.50,41.962500,0.679178,small_range
2015-09-01,ES,1912.75,2004.208574,2046.794277,bear_trend,67.50,44.600000,1.513453,large_range
2015-09-02,ES,1948.00,1998.855376,2042.919992,bear_trend,41.75,45.450000,0.918592,normal_range
2015-09-03,ES,1946.75,1993.892959,2039.148620,bear_trend,31.50,45.562500,0.691358,small_range
2015-09-04,ES,1920.25,1986.879344,2034.485929,bear_trend,41.50,46.600000,0.890558,normal_range
2015-09-07,ES,1931.00,1981.557502,2030.427657,bear_trend,28.75,46.562500,0.617450,small_range
2015-09-08,ES,1965.75,1980.052025,2027.891278,bear_trend,38.75,46.950000,0.825346,normal_range
2015-09-09,ES,1942.50,1976.475642,2024.542601,bear_trend,56.50,47.837500,1.181082,normal_range
2015-09-10,ES,1950.50,1974.001771,2021.638969,bear_trend,38.75,48.787500,0.794261,small_range
2015-09-11,ES,1961.25,1972.787317,2019.270774,bear_trend,25.25,49.212500,0.513081,small_range
2015-09-14,ES,1943.00,1969.950430,2016.279764,bear_trend,37.75,49.812500,0.757842,small_range
2015-09-15,ES,1971.00,1970.050389,2014.504087,range,37.75,51.025000,0.739833,small_range
2015-09-16,ES,1987.50,1971.712256,2013.445103,range,26.25,50.762500,0.517114,small_range
2015-09-17,ES,1976.75,1972.192042,2012.006079,range,39.75,50.087500,0.793611,small_range
2015-09-18,ES,1947.25,1969.816609,2009.466625,bear_trend,41.75,49.125000,0.849873,normal_range
2015-09-21,ES,1963.75,1969.238837,2007.673816,bear_trend,30.50,43.737500,0.697342,small_range
2015-09-22,ES,1929.75,1965.477995,2004.617980,bear_trend,47.25,41.675000,1.133773,normal_range
2015-09-23,ES,1931.50,1962.241996,2001.750609,bear_trend,31.25,38.612500,0.809323,normal_range
2015-09-24,ES,1919.75,1958.195139,1998.534898,bear_trend,39.00,37.775000,1.032429,normal_range
2015-09-25,ES,1915.25,1954.105126,1995.268824,bear_trend,40.75,38.537500,1.057412,normal_range
2015-09-28,ES,1874.75,1946.547495,1990.542596,bear_trend,61.00,40.162500,1.518830,large_range
2015-09-29,ES,1874.50,1939.685828,1985.991906,bear_trend,28.75,38.225000,0.752126,small_range
2015-09-30,ES,1902.50,1936.144321,1982.717713,bear_trend,39.25,38.100000,1.030184,normal_range
2015-10-01,ES,1917.25,1934.344862,1980.150352,bear_trend,39.25,38.487500,1.019812,normal_range
2015-10-02,ES,1943.00,1935.169161,1978.693475,range,60.75,39.450000,1.539924,large_range
2015-10-05,ES,1975.50,1939.010193,1978.568241,range,42.75,40.150000,1.064757,normal_range
2015-10-06,ES,1964.50,1941.437794,1978.016545,range,19.75,39.200000,0.503827,small_range
2015-10-07,ES,1988.50,1945.919909,1978.427661,range,30.75,37.912500,0.811078,normal_range
2015-10-08,ES,2005.75,1951.618013,1979.499125,range,37.75,37.862500,0.997029,normal_range
2015-10-09,ES,2006.50,1956.844868,1980.557983,range,15.25,37.362500,0.408163,small_range
2015-10-12,ES,2012.50,1962.145357,1981.810611,range,12.25,36.087500,0.339453,small_range
2015-10-13,ES,1992.25,1965.012466,1982.219999,range,23.50,35.375000,0.664311,small_range
2015-10-14,ES,1985.25,1966.939850,1982.338823,range,19.25,35.025000,0.549607,small_range
2015-10-15,ES,2018.75,1971.874150,1983.766712,range,34.50,34.762500,0.992449,normal_range
2015-10-16,ES,2026.25,1977.052803,1985.432723,range,14.25,33.387500,0.426806,small_range
2015-10-19,ES,2027.25,1981.833488,1987.072616,range,13.75,32.550000,0.422427,small_range
2015-10-20,ES,2019.75,1985.444584,1988.354083,range,13.00,30.837500,0.421565,small_range
2015-10-21,ES,2010.75,1987.854624,1989.232354,range,26.75,30.612500,0.873826,normal_range
2015-10-22,ES,2055.75,1994.320850,1991.840889,bull_trend,47.50,31.037500,1.530407,large_range
2015-10-23,ES,2065.00,2001.052198,1994.709874,bull_trend,21.25,30.062500,0.706861,small_range
2015-10-26,ES,2062.75,2006.928179,1997.378114,bull_trend,10.50,27.537500,0.381298,small_range
2015-10-27,ES,2063.75,2012.339781,1999.980933,bull_trend,13.50,26.775000,0.504202,small_range
2015-10-28,ES,2081.50,2018.926469,2003.177759,bull_trend,29.75,26.300000,1.131179,normal_range
2015-10-29,ES,2084.75,2025.195376,2006.376671,bull_trend,13.25,25.000000,0.530000,small_range
2015-10-30,ES,2074.00,2029.843436,2009.028566,bull_trend,25.00,23.212500,1.077006,normal_range
2015-11-02,ES,2093.25,2035.882156,2012.331367,bull_trend,35.75,22.862500,1.563696,large_range
2015-11-03,ES,2102.50,2042.226713,2015.867392,bull_trend,21.25,22.937500,0.926431,normal_range
2015-11-04,ES,2096.25,2047.371788,2019.019651,bull_trend,19.25,22.362500,0.860816,normal_range
2015-11-05,ES,2095.25,2051.931617,2022.009077,bull_trend,20.75,21.512500,0.964555,normal_range
2015-11-06,ES,2093.50,2055.890511,2024.812642,bull_trend,21.50,21.825000,0.985109,normal_range
2015-11-09,ES,2072.25,2057.448558,2026.672931,bull_trend,35.75,23.000000,1.554348,large_range
2015-11-10,ES,2077.25,2059.334409,2028.656345,bull_trend,14.50,22.550000,0.643016,small_range
2015-11-11,ES,2068.50,2060.207323,2030.218841,bull_trend,19.50,22.562500,0.864266,normal_range
2015-11-12,ES,2040.50,2058.330435,2030.622024,range,38.00,22.737500,1.671248,large_range
2015-11-13,ES,2013.00,2054.013250,2029.930964,range,34.50,23.750000,1.452632,large_range
2015-11-16,ES,2048.75,2053.511989,2030.668966,range,52.50,25.687500,2.043796,large_range
2015-11-17,ES,2049.75,2053.153704,2031.417242,range,22.00,26.137500,0.841703,normal_range
2015-11-18,ES,2078.50,2055.567637,2033.263624,bull_trend,39.50,26.775000,1.475257,large_range
2015-11-19,ES,2079.25,2057.823100,2035.067012,bull_trend,14.00,25.100000,0.557769,small_range
2015-11-20,ES,2088.75,2060.768519,2037.172227,bull_trend,18.50,24.962500,0.741112,small_range
2015-11-23,ES,2083.25,2062.909612,2038.979198,bull_trend,14.75,25.175000,0.585899,small_range
2015-11-24,ES,2084.00,2064.918221,2040.744720,bull_trend,26.00,25.800000,1.007752,normal_range
2015-11-25,ES,2088.50,2067.164105,2042.617476,bull_trend,10.25,24.825000,0.412890,small_range
2015-11-26,ES,2095.25,2069.838952,2044.681497,bull_trend,10.00,24.662500,0.405474,small_range
2015-11-27,ES,2090.50,2071.806671,2046.478301,bull_trend,14.50,24.137500,0.600725,small_range
2015-11-30,ES,2085.25,2073.086988,2047.998759,bull_trend,16.50,23.175000,0.711974,small_range
2015-12-01,ES,2099.25,2075.578703,2050.008612,bull_trend,18.00,23.012500,0.782184,small_range
2015-12-02,ES,2083.50,2076.333112,2051.322000,bull_trend,30.00,23.550000,1.273885,large_range
2015-12-03,ES,2053.50,2074.158530,2051.407412,range,55.25,25.275000,2.185955,large_range
2015-12-04,ES,2088.50,2075.524385,2052.862023,bull_trend,46.25,26.512500,1.744460,large_range
2015-12-07,ES,2081.00,2076.045872,2053.965473,bull_trend,31.00,26.275000,1.179829,normal_range
2015-12-08,ES,2060.00,2074.517693,2054.202121,range,31.25,27.112500,1.152605,normal_range
2015-12-09,ES,2045.25,2071.730294,2053.851057,range,45.50,28.412500,1.601408,large_range
2015-12-10,ES,2050.50,2069.708361,2053.719643,range,23.25,27.675000,0.840108,normal_range
2015-12-11,ES,2007.00,2063.736136,2051.887501,range,51.25,28.512500,1.797457,large_range
2015-12-14,ES,2011.50,2058.761266,2050.303677,range,36.25,27.700000,1.308664,large_range
2015-12-15,ES,2037.50,2056.736384,2049.801572,range,35.75,28.387500,1.259357,large_range
2015-12-16,ES,2060.00,2057.047204,2050.201510,bull_trend,37.75,28.300000,1.333922,large_range
2015-12-17,ES,2023.00,2053.804613,2049.134785,range,50.00,30.100000,1.661130,large_range
2015-12-18,ES,1994.75,2048.180365,2047.002048,range,38.75,31.112500,1.245480,large_range
2015-12-21,ES,2018.00,2045.306044,2045.864713,bear_trend,24.25,31.612500,0.767102,small_range
2015-12-22,ES,2033.75,2044.205469,2045.389626,bear_trend,29.25,31.775000,0.920535,normal_range
2015-12-23,ES,2053.00,2045.043043,2045.688072,range,27.00,32.612500,0.827903,normal_range
2015-12-24,ES,2050.75,2045.586563,2045.886579,range,10.75,32.650000,0.329250,small_range
2015-12-28,ES,2050.00,2046.006890,2046.047890,range,19.25,32.887500,0.585329,small_range
2015-12-29,ES,2073.25,2048.601472,2047.114639,bull_trend,27.00,33.412500,0.808081,normal_range
2015-12-30,ES,2056.25,2049.329903,2047.472888,bull_trend,21.50,33.587500,0.640119,small_range
2015-12-31,ES,2035.75,2048.036579,2047.013167,range,27.50,33.462500,0.821815,normal_range
2016-01-04,ES,2009.50,2044.366429,2045.542063,bear_trend,63.25,33.862500,1.867848,large_range
2016-01-05,ES,2010.25,2041.117245,2044.158060,bear_trend,24.75,32.787500,0.754861,small_range
2016-01-06,ES,1986.75,2035.939412,2041.906764,bear_trend,42.75,33.375000,1.280899,large_range
2016-01-07,ES,1934.50,2026.278516,2037.694734,bear_trend,62.50,34.937500,1.788909,large_range
2016-01-08,ES,1913.25,2015.513895,2032.814548,bear_trend,54.75,35.400000,1.546610,large_range
2016-01-11,ES,1912.50,2005.703048,2028.096331,bear_trend,36.50,36.062500,1.012132,normal_range
2016-01-12,ES,1922.50,1997.778948,2023.955298,bear_trend,41.25,35.562500,1.159930,normal_range
2016-01-13,ES,1883.00,1986.847620,2018.427639,bear_trend,68.50,37.175000,1.842636,large_range
2016-01-14,ES,1912.25,1979.743085,2014.263810,bear_trend,56.50,38.212500,1.478574,large_range
2016-01-15,ES,1876.50,1969.910410,2008.861308,bear_trend,71.75,39.912500,1.797682,large_range
2016-01-18,ES,1873.00,1960.680847,2003.533413,bear_trend,30.25,38.925000,0.777136,small_range
2016-01-19,ES,1872.00,1952.235052,1998.375240,bear_trend,51.25,39.550000,1.295828,large_range
2016-01-20,ES,1852.00,1942.688857,1992.635035,bear_trend,74.25,42.025000,1.766805,large_range
2016-01-21,ES,1861.50,1934.956585,1987.492485,bear_trend,47.00,42.912500,1.095252,normal_range
2016-01-22,ES,1899.25,1931.555957,1984.031995,bear_trend,46.50,43.887500,1.059527,normal_range
2016-01-25,ES,1871.75,1925.860152,1979.628779,bear_trend,36.75,45.187500,0.813278,normal_range
2016-01-26,ES,1888.00,1922.254423,1976.035494,bear_trend,48.50,46.650000,1.039657,normal_range
2016-01-27,ES,1878.00,1918.039716,1972.190965,bear_trend,45.50,47.575000,0.956385,normal_range
2016-01-28,ES,1882.00,1914.607362,1968.654064,bear_trend,36.75,48.337500,0.760279,small_range
2016-01-29,ES,1931.25,1916.192375,1967.187238,range,56.50,49.787500,1.134823,normal_range
2016-02-01,ES,1928.75,1917.388340,1965.679896,range,27.50,48.000000,0.572917,small_range
2016-02-02,ES,1896.75,1915.422784,1962.976762,bear_trend,40.25,48.775000,0.825218,normal_range
2016-02-03,ES,1908.00,1914.715852,1960.820811,bear_trend,47.25,49.000000,0.964286,normal_range
2016-02-04,ES,1905.75,1913.861961,1958.661171,bear_trend,32.00,47.475000,0.674039,small_range
2016-02-05,ES,1873.75,1910.041774,1955.331321,bear_trend,48.75,47.175000,1.033386,normal_range
2016-02-08,ES,1851.00,1904.418748,1951.239897,bear_trend,62.75,48.487500,1.294148,large_range
2016-02-09,ES,1846.25,1898.878867,1947.122646,bear_trend,38.00,48.325000,0.786342,small_range
2016-02-10,ES,1842.25,1893.485642,1943.009993,bear_trend,39.25,46.862500,0.837557,normal_range
2016-02-11,ES,1825.50,1887.010819,1938.401758,bear_trend,44.75,46.275000,0.967045,normal_range
2016-02-12,ES,1860.00,1884.438360,1935.327180,bear_trend,38.25,44.600000,0.857623,normal_range
2016-02-15,ES,1885.25,1884.515659,1933.363369,range,25.00,44.587500,0.560695,small_range
2016-02-16,ES,1889.00,1884.942739,1931.623629,range,22.50,43.150000,0.521437,small_range
2016-02-17,ES,1927.75,1889.019621,1931.471722,range,46.50,41.762500,1.113439,normal_range
2016-02-18,ES,1918.25,1891.803467,1930.953223,range,22.25,40.525000,0.549044,small_range
2016-02-19,ES,1914.25,1893.941232,1930.298194,range,24.25,39.412500,0.615287,small_range
2016-02-22,ES,1933.50,1897.708734,1930.423755,range,35.50,39.350000,0.902160,normal_range
2016-02-23,ES,1914.25,1899.284092,1929.789491,range,24.25,38.137500,0.635857,small_range
2016-02-24,ES,1933.50,1902.542750,1929.935001,range,47.00,38.212500,1.229964,large_range
2016-02-25,ES,1949.75,1907.038679,1930.712059,range,31.25,37.937500,0.823723,normal_range
2016-02-26,ES,1941.25,1910.296900,1931.125312,range,27.50,36.487500,0.753683,small_range
2016-02-29,ES,1928.25,1912.006719,1931.012555,range,29.75,36.600000,0.812842,normal_range
2016-03-01,ES,1977.50,1918.244174,1932.835592,range,57.75,37.475000,1.541027,large_range
2016-03-02,ES,1982.25,1924.339967,1934.773412,range,18.50,36.037500,0.513354,small_range
2016-03-03,ES,1991.50,1930.736161,1936.997984,range,17.75,35.325000,0.502477,small_range
2016-03-04,ES,1994.75,1936.832717,1939.262769,range,23.50,34.062500,0.689908,small_range
2016-03-07,ES,1999.75,1942.824839,1941.634817,bull_trend,20.00,31.925000,0.626468,small_range
2016-03-08,ES,1982.50,1946.603426,1943.237373,bull_trend,24.25,31.237500,0.776311,small_range
2016-03-09,ES,1989.25,1950.665004,1945.041790,bull_trend,16.00,30.075000,0.532003,small_range
2016-03-10,ES,1989.75,1954.387385,1946.795053,bull_trend,43.00,29.987500,1.433931,large_range
2016-03-11,ES,2021.00,1960.731443,1949.705051,bull_trend,34.75,29.812500,1.165618,normal_range
2016-03-14,ES,2009.25,1965.352258,1952.040147,bull_trend,19.00,29.262500,0.649295,small_range
2016-03-15,ES,2006.75,1969.294900,1954.185631,bull_trend,15.00,28.887500,0.519256,small_range
2016-03-16,ES,2017.25,1973.862053,1956.658744,bull_trend,25.75,27.850000,0.924596,normal_range
2016-03-17,ES,2031.50,1979.351381,1959.593695,bull_trend,31.00,28.287500,1.095890,normal_range
2016-03-18,ES,2038.75,1985.008392,1962.697864,bull_trend,15.75,27.862500,0.565276,small_range
2016-03-21,ES,2043.25,1990.555212,1965.856771,bull_trend,13.50,26.762500,0.504437,small_range
2016-03-22,ES,2043.25,1995.573763,1968.891800,bull_trend,18.75,26.487500,0.707881,small_range
2016-03-23,ES,2028.25,1998.685786,1971.219572,bull_trend,20.00,25.137500,0.795624,small_range
2016-03-24,ES,2030.25,2001.691902,1973.534491,bull_trend,18.00,24.475000,0.735444,small_range
2016-03-28,ES,2028.00,2004.197435,1975.670393,bull_trend,17.75,23.987500,0.739969,small_range
2016-03-29,ES,2048.75,2008.440536,1978.536260,bull_trend,30.00,24.000000,1.250000,large_range
2016-03-30,ES,2055.50,2012.922390,1981.554446,bull_trend,17.75,22.000000,0.806818,normal_range
2016-03-31,ES,2052.25,2016.667877,1984.326821,bull_trend,12.50,21.700000,0.576037,small_range
2016-04-01,ES,2064.75,2021.247126,1987.480671,bull_trend,31.75,22.400000,1.417411,large_range
2016-04-04,ES,2056.75,2024.628352,1990.197115,bull_trend,17.25,22.087500,0.780985,small_range
2016-04-05,ES,2041.75,2026.258986,1992.218797,bull_trend,21.25,22.212500,0.956669,normal_range
2016-04-06,ES,2059.25,2029.400987,1994.847472,bull_trend,25.50,22.275000,1.144781,normal_range
2016-04-07,ES,2035.25,2029.958036,1996.431885,bull_trend,36.00,23.275000,1.546724,large_range
2016-04-08,ES,2041.75,2031.081080,1998.209066,bull_trend,24.00,22.325000,1.075028,normal_range
2016-04-11,ES,2033.00,2031.263834,1999.573416,bull_trend,24.00,21.787500,1.101549,normal_range
2016-04-12,ES,2055.50,2033.572041,2001.766615,bull_trend,29.25,22.300000,1.311659,large_range
2016-04-13,ES,2075.75,2037.588989,2004.667925,bull_trend,23.00,22.700000,1.013216,normal_range
2016-04-14,ES,2077.75,2041.413847,2007.533888,bull_trend,13.25,22.075000,0.600227,small_range
2016-04-15,ES,2074.75,2044.588719,2010.169814,bull_trend,10.50,21.050000,0.498812,small_range
2016-04-18,ES,2086.25,2048.556460,2013.153351,bull_trend,30.25,21.775000,1.389208,large_range
2016-04-19,ES,2094.25,2052.908226,2016.333612,bull_trend,13.75,21.787500,0.631096,small_range
2016-04-20,ES,2097.75,2057.178871,2019.526411,bull_trend,19.50,21.825000,0.893471,normal_range
2016-04-21,ES,2082.50,2059.590407,2021.995964,bull_trend,25.25,22.087500,1.143181,normal_range
2016-04-22,ES,2086.00,2062.105606,2024.505926,bull_trend,14.00,21.887500,0.639634,small_range
2016-04-25,ES,2084.25,2064.214596,2026.848831,bull_trend,20.50,22.025000,0.930760,normal_range
2016-04-26,ES,2084.00,2066.098920,2029.090053,bull_trend,11.75,21.112500,0.556542,small_range
2016-04-27,ES,2092.75,2068.637118,2031.586522,bull_trend,17.75,21.112500,0.840734,normal_range
2016-04-28,ES,2074.25,2069.171679,2033.259599,bull_trend,29.00,21.937500,1.321937,large_range
2016-04-29,ES,2060.25,2068.321995,2034.318046,range,30.25,21.862500,1.383648,large_range
2016-05-02,ES,2075.75,2069.029424,2035.942829,bull_trend,22.00,22.100000,0.995475,normal_range
2016-05-03,ES,2058.00,2067.979003,2036.807816,range,28.25,22.387500,1.261865,large_range
2016-05-04,ES,2046.75,2065.957193,2037.197705,range,21.25,22.175000,0.958286,normal_range
2016-05-05,ES,2043.25,2063.794603,2037.435050,range,20.50,21.400000,0.957944,normal_range
2016-05-06,ES,2054.25,2062.885593,2038.094460,range,24.00,21.400000,1.121495,normal_range
2016-05-09,ES,2054.25,2062.063156,2038.728011,range,11.50,20.775000,0.553550,small_range
2016-05-10,ES,2077.00,2063.485712,2040.228873,bull_trend,31.75,20.900000,1.519139,large_range
2016-05-11,ES,2059.25,2063.082311,2040.974800,range,21.25,20.812500,1.021021,normal_range
2016-05-12,ES,2060.00,2062.788758,2041.720886,range,24.25,21.362500,1.135167,normal_range
2016-05-13,ES,2042.50,2060.856495,2041.751439,range,25.00,22.087500,1.131862,normal_range
2016-05-16,ES,2061.75,2060.941591,2042.535697,bull_trend,33.50,22.250000,1.505618,large_range
2016-05-17,ES,2044.50,2059.375725,2042.612728,range,32.75,23.200000,1.411638,large_range
2016-05-18,ES,2043.25,2057.839942,2042.637719,range,27.00,23.575000,1.145281,normal_range
2016-05-19,ES,2039.00,2056.045662,2042.495064,range,22.75,23.450000,0.970149,normal_range
2016-05-20,ES,2050.00,2055.469884,2042.789375,range,18.25,23.662500,0.771263,small_range
2016-05-23,ES,2045.00,2054.472752,2042.876066,range,12.50,23.262500,0.537346,small_range
2016-05-24,ES,2075.00,2056.427728,2044.135828,bull_trend,36.00,24.475000,1.470889,large_range
2016-05-25,ES,2088.75,2059.506040,2045.885403,bull_trend,19.00,24.537500,0.774325,small_range
2016-05-26,ES,2090.75,2062.481655,2047.644799,bull_trend,9.25,23.550000,0.392781,small_range
2016-05-27,ES,2098.50,2065.911974,2049.639121,bull_trend,10.75,22.575000,0.476190,small_range
2016-05-30,ES,2102.00,2069.348929,2051.692489,bull_trend,5.00,21.737500,0.230017,small_range
2016-05-31,ES,2094.50,2071.744269,2053.371215,bull_trend,16.75,21.162500,0.791494,small_range
2016-06-01,ES,2097.00,2074.149576,2055.082147,bull_trend,16.00,20.900000,0.765550,small_range
2016-06-02,ES,2103.50,2076.944855,2056.980887,bull_trend,18.00,20.775000,0.866426,normal_range
2016-06-03,ES,2097.25,2078.878678,2058.560068,bull_trend,23.25,20.737500,1.121157,normal_range
2016-06-06,ES,2108.50,2081.699757,2060.518496,bull_trend,18.25,21.075000,0.865955,normal_range
2016-06-07,ES,2110.25,2084.418827,2062.468751,bull_trend,11.50,20.062500,0.573209,small_range
2016-06-08,ES,2117.75,2087.593225,2064.636644,bull_trend,13.25,19.662500,0.673872,small_range
2016-06-09,ES,2113.75,2090.084346,2066.562658,bull_trend,12.25,19.062500,0.642623,small_range
2016-06-10,ES,2095.75,2090.623932,2067.707259,bull_trend,25.50,19.087500,1.335953,large_range
2016-06-13,ES,2076.00,2089.231177,2068.032465,range,22.50,18.537500,1.213756,large_range
2016-06-14,ES,2064.75,2086.899636,2067.903741,range,24.75,18.137500,1.364576,large_range
2016-06-15,ES,2062.50,2084.575861,2067.691829,range,19.75,17.775000,1.111111,normal_range
2016-06-16,ES,2069.50,2083.140065,2067.762738,range,30.75,18.175000,1.691884,large_range
2016-06-17,ES,2059.75,2080.912440,2067.448513,range,21.50,18.337500,1.172461,normal_range
2016-06-20,ES,2082.75,2081.087445,2068.048571,bull_trend,22.25,19.350000,1.149871,normal_range
2016-06-21,ES,2079.25,2080.912451,2068.487843,range,12.00,18.150000,0.661157,small_range
2016-06-22,ES,2077.00,2080.539836,2068.821653,range,16.00,18.000000,0.888889,normal_range
2016-06-23,ES,2113.25,2083.655090,2070.563941,bull_trend,30.25,19.350000,1.563307,large_range
2016-06-24,ES,2018.25,2077.426034,2068.512414,range,120.50,24.837500,4.851535,large_range
2016-06-27,ES,1982.00,2068.337840,2065.119770,range,41.00,26.625000,1.539906,large_range
2016-06-28,ES,2028.25,2064.519951,2063.673897,range,47.50,28.175000,1.685892,large_range
2016-06-29,ES,2074.25,2065.446622,2064.088646,bull_trend,52.00,29.975000,1.734779,large_range
2016-06-30,ES,2086.50,2067.451706,2064.967523,bull_trend,34.75,30.812500,1.127789,normal_range
2016-07-01,ES,2096.25,2070.194400,2066.194287,bull_trend,19.25,30.612500,0.628828,small_range
2016-07-04,ES,2100.00,2073.033029,2067.520001,bull_trend,10.75,30.237500,0.355519,small_range
2016-07-05,ES,2084.50,2074.125121,2068.185883,bull_trend,27.25,31.037500,0.877970,normal_range
2016-07-06,ES,2093.00,2075.922729,2069.158986,bull_trend,28.75,31.812500,0.903733,normal_range
2016-07-07,ES,2092.25,2077.477707,2070.064516,bull_trend,20.25,32.212500,0.628638,small_range
2016-07-08,ES,2120.75,2081.598878,2072.052182,bull_trend,38.00,32.837500,1.157214,normal_range
2016-07-11,ES,2130.50,2086.256128,2074.344253,bull_trend,16.75,32.550000,0.514593,small_range
2016-07-12,ES,2146.00,2091.946020,2077.154282,bull_trend,20.75,32.350000,0.641422,small_range
2016-07-13,ES,2145.75,2097.070209,2079.844311,bull_trend,12.75,32.000000,0.398438,small_range
2016-07-14,ES,2157.75,2102.849236,2082.899436,bull_trend,25.25,31.725000,0.795902,small_range
2016-07-15,ES,2146.00,2106.958833,2085.373968,bull_trend,21.50,31.725000,0.677699,small_range
2016-07-18,ES,2160.25,2112.034182,2088.310283,bull_trend,10.50,30.950000,0.339257,small_range
2016-07-19,ES,2159.00,2116.507117,2091.082428,bull_trend,9.50,30.825000,0.308191,small_range
2016-07-20,ES,2168.75,2121.482630,2094.128215,bull_trend,14.50,30.750000,0.471545,small_range
2016-07-21,ES,2159.25,2125.079522,2096.682011,bull_trend,16.75,29.775000,0.562552,small_range
2016-07-22,ES,2167.50,2129.119568,2099.459187,bull_trend,13.25,24.412500,0.542755,small_range
2016-07-25,ES,2163.25,2132.370085,2101.960787,bull_trend,16.75,23.200000,0.721983,small_range
2016-07-26,ES,2166.00,2135.572934,2104.472129,bull_trend,14.25,21.525000,0.662021,small_range
2016-07-27,ES,2163.25,2138.208845,2106.777144,bull_trend,17.25,19.787500,0.871762,normal_range
2016-07-28,ES,2166.00,2140.855622,2109.099609,bull_trend,15.00,18.800000,0.797872,small_range
2016-07-29,ES,2171.00,2143.726515,2111.527075,bull_trend,14.25,18.550000,0.768194,small_range
2016-08-01,ES,2165.50,2145.800180,2113.643660,bull_trend,18.00,18.912500,0.951751,normal_range
2016-08-02,ES,2153.00,2146.485877,2115.187046,bull_trend,29.50,19.012500,1.551611,large_range
2016-08-03,ES,2156.75,2147.463413,2116.816966,bull_trend,13.00,18.225000,0.713306,small_range
2016-08-04,ES,2160.25,2148.681183,2118.520222,bull_trend,10.25,17.725000,0.578279,small_range
2016-08-05,ES,2177.50,2151.425832,2120.833155,bull_trend,19.25,16.787500,1.146687,normal_range
2016-08-08,ES,2176.50,2153.813848,2123.016168,bull_trend,9.75,16.437500,0.593156,small_range
2016-08-09,ES,2178.25,2156.141101,2125.182201,bull_trend,9.75,15.887500,0.613690,small_range
2016-08-10,ES,2172.75,2157.722901,2127.047605,bull_trend,13.75,15.937500,0.862745,normal_range
2016-08-11,ES,2181.75,2160.011196,2129.192797,bull_trend,15.25,15.437500,0.987854,normal_range
2016-08-12,ES,2181.25,2162.033939,2131.234256,bull_trend,8.50,14.787500,0.574810,small_range
2016-08-15,ES,2185.50,2164.268802,2133.362324,bull_trend,10.25,14.437500,0.709957,small_range
2016-08-16,ES,2178.25,2165.600345,2135.122625,bull_trend,11.00,14.512500,0.757967,small_range
2016-08-17,ES,2180.75,2167.043169,2136.911934,bull_trend,16.50,14.612500,1.129170,normal_range
2016-08-18,ES,2183.00,2168.562867,2138.719309,bull_trend,8.25,14.187500,0.581498,small_range
2016-08-19,ES,2182.50,2169.890213,2140.436199,bull_trend,11.75,14.112500,0.832595,normal_range
2016-08-22,ES,2181.00,2170.948288,2142.026936,bull_trend,11.00,13.825000,0.795660,small_range
2016-08-23,ES,2185.50,2172.334165,2143.731762,bull_trend,12.25,13.725000,0.892532,normal_range
2016-08-24,ES,2175.25,2172.611864,2144.967771,bull_trend,19.00,13.812500,1.375566,large_range
2016-08-25,ES,2174.50,2172.791686,2146.125898,bull_trend,9.75,13.550000,0.719557,small_range
2016-08-26,ES,2167.25,2172.263907,2146.954294,range,29.25,14.300000,2.045455,large_range
2016-08-29,ES,2180.00,2173.000678,2148.250204,bull_trend,17.75,14.287500,1.242345,large_range
2016-08-30,ES,2175.75,2173.262518,2149.328628,bull_trend,13.00,13.462500,0.965645,normal_range
2016-08-31,ES,2168.50,2172.808945,2150.080446,range,16.75,13.650000,1.227106,large_range
2016-09-01,ES,2166.25,2172.184283,2150.714546,range,22.50,14.262500,1.577564,large_range
2016-09-02,ES,2179.25,2172.857209,2151.833584,bull_trend,19.50,14.275000,1.366025,large_range
2016-09-05,ES,2178.75,2173.418427,2152.889129,bull_trend,7.25,14.150000,0.512367,small_range
2016-09-06,ES,2185.25,2174.545243,2154.158183,bull_trend,13.25,14.325000,0.924956,normal_range
2016-09-07,ES,2184.75,2175.517125,2155.357862,bull_trend,9.25,14.100000,0.656028,small_range
2016-09-08,ES,2178.00,2175.753589,2156.245789,bull_trend,13.50,14.012500,0.963426,normal_range
2016-09-09,ES,2121.25,2170.562771,2154.873405,range,58.50,16.512500,3.542771,large_range
2016-09-12,ES,2158.25,2169.390126,2155.005821,range,55.75,18.787500,2.967399,large_range
2016-09-13,ES,2132.00,2165.829162,2154.103632,range,38.50,20.200000,1.905941,large_range
2016-09-14,ES,2115.75,2161.059718,2152.599568,range,24.75,20.612500,1.200728,large_range
2016-09-15,ES,2136.75,2158.744507,2151.978016,range,36.75,22.037500,1.667612,large_range
2016-09-16,ES,2132.50,2156.245030,2151.214172,range,14.00,22.150000,0.632054,small_range
2016-09-19,ES,2133.50,2154.078837,2150.519499,range,19.00,22.550000,0.842572,normal_range
2016-09-20,ES,2130.00,2151.785614,2149.714813,range,14.50,22.662500,0.639823,small_range
2016-09-21,ES,2156.25,2152.210794,2149.971095,bull_trend,31.25,23.275000,1.342642,large_range
2016-09-22,ES,2168.75,2153.785956,2150.707522,bull_trend,20.00,23.787500,0.840778,normal_range
2016-09-23,ES,2157.50,2154.139675,2150.973894,bull_trend,13.50,23.000000,0.586957,small_range
2016-09-26,ES,2139.75,2152.769229,2150.533741,range,22.75,23.250000,0.978495,normal_range
2016-09-27,ES,2152.00,2152.695969,2150.591242,range,21.25,23.662500,0.898045,normal_range
2016-09-28,ES,2162.75,2153.653496,2151.068056,bull_trend,21.25,23.887500,0.889587,normal_range
2016-09-29,ES,2147.75,2153.091258,2150.937936,range,29.75,24.250000,1.226804,large_range
2016-09-30,ES,2156.75,2153.439710,2151.165860,bull_trend,32.50,24.900000,1.305221,large_range
2016-10-03,ES,2154.25,2153.516881,2151.286807,bull_trend,17.25,25.400000,0.679134,small_range
2016-10-04,ES,2143.75,2152.586701,2150.991245,range,23.75,25.925000,0.916104,normal_range
2016-10-05,ES,2153.75,2152.697492,2151.099432,bull_trend,17.00,26.312500,0.646081,small_range
2016-10-06,ES,2155.75,2152.988207,2151.281807,bull_trend,14.00,26.337500,0.531561,small_range
2016-10-07,ES,2146.50,2152.370282,2151.094285,range,23.50,24.587500,0.955770,normal_range
2016-10-10,ES,2159.50,2153.049303,2151.423921,bull_trend,15.00,22.650000,0.662252,small_range
2016-10-11,ES,2133.50,2151.187465,2150.721022,range,39.00,22.637500,1.722805,large_range
2016-10-12,ES,2128.00,2148.979135,2149.830002,bear_trend,14.50,22.125000,0.655367,small_range
2016-10-13,ES,2126.00,2146.790646,2148.895492,bear_trend,24.50,21.512500,1.138873,normal_range
2016-10-14,ES,2126.25,2144.834394,2148.007433,bear_trend,21.00,21.862500,0.960549,normal_range
2016-10-17,ES,2121.75,2142.635880,2146.977730,bear_trend,13.25,21.575000,0.614137,small_range
2016-10-18,ES,2132.00,2141.622939,2146.390368,bear_trend,19.50,21.825000,0.893471,normal_range
2016-10-19,ES,2138.00,2141.277897,2146.061334,bear_trend,16.00,21.062500,0.759644,small_range
2016-10-20,ES,2136.75,2140.846669,2145.696184,bear_trend,17.75,20.950000,0.847255,normal_range
2016-10-21,ES,2136.00,2140.385081,2145.315941,bear_trend,15.25,21.037500,0.724896,small_range
2016-10-24,ES,2145.50,2140.872217,2145.323159,range,14.25,20.612500,0.691328,small_range
2016-10-25,ES,2136.75,2140.479624,2144.986957,bear_trend,14.50,20.275000,0.715166,small_range
2016-10-26,ES,2134.00,2139.862517,2144.556096,bear_trend,15.25,19.975000,0.763454,small_range
2016-10-27,ES,2128.00,2138.732754,2143.906837,bear_trend,21.25,19.550000,1.086957,normal_range
2016-10-28,ES,2123.75,2137.305825,2143.116373,bear_trend,22.75,19.062500,1.193443,normal_range
2016-10-31,ES,2123.50,2135.990984,2142.347103,bear_trend,15.75,18.987500,0.829493,normal_range
2016-11-01,ES,2102.00,2132.753748,2140.764864,bear_trend,38.50,19.725000,1.951838,large_range
2016-11-02,ES,2090.25,2128.705772,2138.783889,bear_trend,19.25,19.837500,0.970384,normal_range
2016-11-03,ES,2083.25,2124.376651,2136.606090,bear_trend,19.00,20.087500,0.945862,normal_range
2016-11-04,ES,2081.50,2120.293160,2134.445066,bear_trend,15.50,19.687500,0.787302,small_range
2016-11-07,ES,2130.25,2121.241431,2134.280554,range,28.00,21.300000,1.314554,large_range
2016-11-08,ES,2135.75,2122.623199,2134.338179,range,24.25,20.562500,1.179331,normal_range
2016-11-09,ES,2160.50,2126.230514,2135.364133,range,138.25,26.750000,5.168224,large_range
2016-11-10,ES,2164.50,2129.875227,2136.506716,range,32.75,27.162500,1.205706,large_range
2016-11-11,ES,2160.50,2132.791872,2137.447629,range,22.00,27.212500,0.808452,normal_range
2016-11-14,ES,2161.00,2135.478360,2138.371252,range,22.25,27.662500,0.804338,normal_range
2016-11-15,ES,2179.00,2139.623278,2139.964536,range,21.25,27.750000,0.765766,small_range
2016-11-16,ES,2172.25,2142.730585,2141.230632,bull_trend,16.25,27.762500,0.585322,small_range
2016-11-17,ES,2185.00,2146.756244,2142.947078,bull_trend,13.75,27.562500,0.498866,small_range
2016-11-18,ES,2180.25,2149.946125,2144.409938,bull_trend,11.00,27.350000,0.402194,small_range
2016-11-21,ES,2193.75,2154.117923,2146.344842,bull_trend,18.00,27.537500,0.653654,small_range
2016-11-22,ES,2201.50,2158.630502,2148.507790,bull_trend,11.25,27.375000,0.410959,small_range
2016-11-23,ES,2201.00,2162.665692,2150.566308,bull_trend,11.50,27.187500,0.422989,small_range
2016-11-24,ES,2206.00,2166.792769,2152.740178,bull_trend,9.50,26.600000,0.357143,small_range
2016-11-25,ES,2211.50,2171.050600,2155.044485,bull_trend,9.25,25.925000,0.356798,small_range
2016-11-28,ES,2200.00,2173.807686,2156.807446,bull_trend,11.25,25.800000,0.436047,small_range
2016-11-29,ES,2203.50,2176.635525,2158.638527,bull_trend,13.25,24.537500,0.539990,small_range
2016-11-30,ES,2198.75,2178.741666,2160.211526,bull_trend,16.50,24.400000,0.676230,small_range
2016-12-01,ES,2191.25,2179.932936,2161.428721,bull_trend,17.00,24.300000,0.699588,small_range
2016-12-02,ES,2191.00,2180.986942,2162.588379,bull_trend,13.00,24.175000,0.537746,small_range
2016-12-05,ES,2205.25,2183.297709,2164.261383,bull_trend,29.75,23.200000,1.282328,large_range
2016-12-06,ES,2211.50,2185.983642,2166.113878,bull_trend,11.75,22.575000,0.520487,small_range
2016-12-07,ES,2236.50,2190.794724,2168.874118,bull_trend,34.50,17.387500,1.984184,large_range
2016-12-08,ES,2247.75,2196.219036,2171.967290,bull_trend,19.00,16.700000,1.137725,normal_range
2016-12-09,ES,2260.75,2202.364842,2175.448965,bull_trend,16.25,16.412500,0.990099,normal_range
2016-12-12,ES,2256.00,2207.472952,2178.607829,bull_trend,18.00,16.200000,1.111111,normal_range
2016-12-13,ES,2273.50,2213.761242,2182.329091,bull_trend,25.00,16.387500,1.525553,large_range
2016-12-14,ES,2252.00,2217.403029,2185.061283,bull_trend,30.25,17.100000,1.769006,large_range
2016-12-15,ES,2259.75,2221.436074,2187.990253,bull_trend,20.50,17.437500,1.175627,normal_range
2016-12-16,ES,2255.75,2224.704067,2190.647498,bull_trend,14.50,17.612500,0.823279,normal_range
2016-12-19,ES,2260.75,2228.137013,2193.396615,bull_trend,9.75,17.200000,0.566860,small_range
2016-12-20,ES,2267.00,2231.838250,2196.283023,bull_trend,9.50,17.112500,0.555150,small_range
2016-12-21,ES,2258.25,2234.353654,2198.713100,bull_trend,10.00,17.037500,0.586941,small_range
2016-12-22,ES,2258.00,2236.605687,2201.038077,bull_trend,9.50,17.037500,0.557594,small_range
2016-12-23,ES,2258.75,2238.714669,2203.301289,bull_trend,6.75,16.912500,0.399113,small_range
2016-12-27,ES,2260.50,2240.789463,2205.544376,bull_trend,11.75,16.837500,0.697847,small_range
2016-12-28,ES,2244.75,2241.166657,2207.081851,bull_trend,24.00,17.375000,1.381295,large_range
2016-12-29,ES,2246.25,2241.650785,2208.617857,bull_trend,10.50,17.075000,0.614934,small_range
2016-12-30,ES,2233.50,2240.874520,2209.593628,range,24.75,17.462500,1.417323,large_range
2017-01-03,ES,2252.50,2241.981708,2211.276230,bull_trend,20.00,18.112500,1.104210,normal_range
2017-01-04,ES,2264.50,2244.126307,2213.363437,bull_trend,16.25,17.437500,0.931900,normal_range
2017-01-05,ES,2265.00,2246.114278,2215.388400,bull_trend,12.00,17.450000,0.687679,small_range
2017-01-06,ES,2270.75,2248.460537,2217.559443,bull_trend,18.75,16.662500,1.125281,normal_range
2017-01-09,ES,2264.25,2249.964296,2219.390446,bull_trend,11.75,16.300000,0.720859,small_range
2017-01-10,ES,2264.00,2251.301029,2221.139840,bull_trend,14.50,16.212500,0.894372,normal_range
2017-01-11,ES,2271.00,2253.177122,2223.095140,bull_trend,16.75,16.150000,1.037152,normal_range
2017-01-12,ES,2264.75,2254.279301,2224.728664,bull_trend,22.00,16.025000,1.372855,large_range
2017-01-13,ES,2270.75,2255.847939,2226.533422,bull_trend,10.75,15.037500,0.714879,small_range
2017-01-16,ES,2266.00,2256.814802,2228.081131,bull_trend,5.50,14.300000,0.384615,small_range
2017-01-17,ES,2262.25,2257.332440,2229.421087,bull_trend,10.25,14.087500,0.727595,small_range
2017-01-18,ES,2265.25,2258.086493,2230.826142,bull_trend,10.25,14.112500,0.726306,small_range
2017-01-19,ES,2261.25,2258.387779,2232.019235,bull_trend,16.50,14.462500,1.140882,normal_range
2017-01-20,ES,2266.50,2259.160372,2233.371422,bull_trend,13.00,14.612500,0.889649,normal_range
2017-01-23,ES,2261.25,2259.359384,2234.464699,bull_trend,15.75,14.925000,1.055276,normal_range
2017-01-24,ES,2275.75,2260.920395,2236.083731,bull_trend,21.00,15.637500,1.342926,large_range
2017-01-25,ES,2293.75,2264.047024,2238.345153,bull_trend,20.50,16.075000,1.275272,large_range
2017-01-26,ES,2294.25,2266.923498,2240.537500,bull_trend,10.00,15.375000,0.650407,small_range
2017-01-27,ES,2289.75,2269.097451,2242.467402,bull_trend,9.75,15.337500,0.635697,small_range
2017-01-30,ES,2276.25,2269.778646,2243.792210,bull_trend,22.50,15.425000,1.458671,large_range
2017-01-31,ES,2277.25,2270.490203,2245.104280,bull_trend,16.00,14.925000,1.072027,normal_range
2017-02-01,ES,2274.75,2270.895898,2246.266857,bull_trend,16.75,14.950000,1.120401,normal_range
2017-02-02,ES,2274.25,2271.215337,2247.364235,bull_trend,15.25,15.112500,1.009098,normal_range
2017-02-03,ES,2291.75,2273.171019,2249.104854,bull_trend,23.50,15.350000,1.530945,large_range
2017-02-06,ES,2286.50,2274.440446,2250.571330,bull_trend,10.75,15.300000,0.702614,small_range
2017-02-07,ES,2285.75,2275.517546,2251.950886,bull_trend,11.00,15.125000,0.727273,small_range
2017-02-08,ES,2290.50,2276.944446,2253.462616,bull_trend,11.00,14.837500,0.741365,small_range
2017-02-09,ES,2304.25,2279.544975,2255.454278,bull_trend,20.00,14.712500,1.359388,large_range
2017-02-10,ES,2313.25,2282.754978,2257.720777,bull_trend,12.75,14.812500,0.860759,normal_range
2017-02-13,ES,2326.75,2286.944980,2260.427805,bull_trend,15.75,15.312500,1.028571,normal_range
2017-02-14,ES,2335.75,2291.593077,2263.381617,bull_trend,18.00,15.700000,1.146497,normal_range
2017-02-15,ES,2350.50,2297.203260,2266.798024,bull_trend,20.25,16.200000,1.250000,large_range
2017-02-16,ES,2346.00,2301.850569,2269.903984,bull_trend,14.00,16.075000,0.870918,normal_range
2017-02-17,ES,2348.50,2306.293372,2272.986180,bull_trend,12.25,16.037500,0.763835,small_range
2017-02-20,ES,2352.75,2310.717812,2276.114173,bull_trend,10.75,15.787500,0.680918,small_range
2017-02-21,ES,2360.25,2315.435164,2279.413617,bull_trend,16.00,15.537500,1.029767,normal_range
2017-02-22,ES,2362.25,2319.893719,2282.662103,bull_trend,8.50,14.937500,0.569038,small_range
2017-02-23,ES,2362.75,2323.975270,2285.802805,bull_trend,14.50,15.162500,0.956307,normal_range
2017-02-24,ES,2364.50,2327.834768,2288.888969,bull_trend,16.25,15.487500,1.049233,normal_range
2017-02-27,ES,2365.50,2331.421933,2291.893324,bull_trend,9.75,14.650000,0.665529,small_range
2017-02-28,ES,2364.75,2334.596035,2294.750448,bull_trend,11.25,14.412500,0.780572,small_range
2017-03-01,ES,2392.50,2340.110698,2298.583764,bull_trend,37.75,15.462500,2.441390,large_range
2017-03-02,ES,2380.75,2343.981108,2301.805969,bull_trend,16.25,15.512500,1.047542,normal_range
2017-03-03,ES,2380.50,2347.459097,2304.892010,bull_trend,9.50,14.812500,0.641350,small_range
2017-03-06,ES,2370.75,2349.677279,2307.474676,bull_trend,13.75,14.962500,0.918964,normal_range
2017-03-07,ES,2366.00,2351.231824,2309.769787,bull_trend,11.00,14.962500,0.735171,small_range
2017-03-08,ES,2363.25,2352.376412,2311.867050,bull_trend,13.50,15.087500,0.894780,normal_range
2017-03-09,ES,2367.75,2353.840563,2314.058538,bull_trend,15.25,14.850000,1.026936,normal_range
2017-03-10,ES,2371.25,2355.498605,2316.301341,bull_trend,17.50,15.087500,1.159901,normal_range
2017-03-13,ES,2374.50,2357.308261,2318.583641,bull_trend,7.25,14.662500,0.494459,small_range
2017-03-14,ES,2363.50,2357.897951,2320.345067,bull_trend,20.00,14.762500,1.354784,large_range
2017-03-15,ES,2379.25,2359.931479,2322.655064,bull_trend,24.75,14.987500,1.651376,large_range
2017-03-16,ES,2379.50,2361.795148,2324.884277,bull_trend,15.25,15.050000,1.013289,normal_range
2017-03-17,ES,2375.25,2363.076562,2326.859404,bull_trend,9.50,14.912500,0.637049,small_range
2017-03-20,ES,2369.50,2363.688318,2328.531584,bull_trend,10.50,14.900000,0.704698,small_range
2017-03-21,ES,2341.00,2361.527526,2329.020541,range,40.75,16.137500,2.525174,large_range
2017-03-22,ES,2342.25,2359.691571,2329.539344,range,16.50,16.537500,0.997732,normal_range
2017-03-23,ES,2341.25,2357.935231,2329.998585,range,17.75,16.700000,1.062874,normal_range
2017-03-24,ES,2342.75,2356.489019,2330.498641,range,21.00,16.937500,1.239852,large_range
2017-03-27,ES,2340.00,2354.918636,2330.871243,range,23.75,17.700000,1.341808,large_range
2017-03-28,ES,2352.25,2354.664480,2331.709626,range,27.00,18.487500,1.460446,large_range
2017-03-29,ES,2356.75,2354.863101,2332.691601,bull_trend,11.00,17.150000,0.641399,small_range
2017-03-30,ES,2365.25,2355.852330,2333.968401,bull_trend,13.50,17.012500,0.793534,small_range
2017-03-31,ES,2357.50,2356.009251,2334.891209,bull_trend,10.00,17.037500,0.586941,small_range
2017-04-03,ES,2354.50,2355.865512,2335.660181,range,23.25,17.512500,1.327623,large_range
2017-04-04,ES,2358.75,2356.140225,2336.565664,bull_trend,14.00,17.662500,0.792640,small_range
2017-04-05,ES,2345.50,2355.126871,2336.916030,range,31.25,18.550000,1.684636,large_range
2017-04-06,ES,2355.25,2355.138597,2337.635009,bull_trend,23.25,18.950000,1.226913,large_range
2017-04-07,ES,2353.00,2354.934921,2338.237558,range,24.00,19.275000,1.245136,large_range
2017-04-10,ES,2354.25,2354.869691,2338.865497,range,15.75,19.700000,0.799492,small_range
2017-04-11,ES,2351.75,2354.572577,2339.370772,range,22.50,19.825000,1.134931,normal_range
2017-04-12,ES,2339.25,2353.113284,2339.366035,range,19.00,19.537500,0.972489,normal_range
2017-04-13,ES,2327.50,2350.673924,2338.900701,range,21.00,19.825000,1.059269,normal_range
2017-04-17,ES,2345.25,2350.157360,2339.149693,range,23.25,20.512500,1.133455,normal_range
2017-04-18,ES,2338.25,2349.023325,2339.114411,range,16.75,20.825000,0.804322,normal_range
2017-04-19,ES,2332.50,2347.449675,2338.855022,range,18.00,19.687500,0.914286,normal_range
2017-04-20,ES,2352.00,2347.883040,2339.370511,bull_trend,25.75,20.150000,1.277916,large_range
2017-04-21,ES,2345.25,2347.632274,2339.601080,range,15.50,20.037500,0.773550,small_range
2017-04-24,ES,2370.00,2349.762534,2340.793194,bull_trend,11.50,20.562500,0.559271,small_range
2017-04-25,ES,2383.75,2352.999435,2342.477775,bull_trend,21.00,20.362500,1.031308,normal_range
2017-04-26,ES,2381.75,2355.737584,2344.017862,bull_trend,13.25,19.675000,0.673443,small_range
2017-04-27,ES,2387.25,2358.738767,2345.713240,bull_trend,10.00,19.625000,0.509554,small_range
2017-04-28,ES,2380.75,2360.835075,2347.087231,bull_trend,10.50,19.475000,0.539153,small_range
2017-05-01,ES,2386.75,2363.303163,2348.642633,bull_trend,13.75,19.662500,0.699301,small_range
2017-05-02,ES,2384.75,2365.345719,2350.058608,bull_trend,7.00,18.850000,0.371353,small_range
2017-05-03,ES,2382.25,2366.955650,2351.321016,bull_trend,10.50,18.675000,0.562249,small_range
2017-05-04,ES,2386.50,2368.817017,2352.700584,bull_trend,14.75,17.850000,0.826331,normal_range
2017-05-05,ES,2399.00,2371.691587,2354.516247,bull_trend,20.25,17.700000,1.144068,normal_range
2017-05-08,ES,2394.75,2373.887626,2356.094042,bull_trend,14.00,17.200000,0.813953,normal_range
2017-05-09,ES,2392.75,2375.684043,2357.531530,bull_trend,11.25,16.975000,0.662739,small_range
2017-05-10,ES,2394.75,2377.499848,2358.991078,bull_trend,9.50,16.325000,0.581930,small_range
2017-05-11,ES,2390.50,2378.737958,2360.226722,bull_trend,16.25,16.187500,1.003861,normal_range
2017-05-12,ES,2389.00,2379.715295,2361.355086,bull_trend,7.25,15.500000,0.467742,small_range
2017-05-15,ES,2400.00,2381.647172,2362.870573,bull_trend,14.25,15.050000,0.946844,normal_range
2017-05-16,ES,2397.50,2383.156965,2364.228589,bull_trend,10.75,14.750000,0.728814,small_range
2017-05-17,ES,2356.25,2380.594397,2363.915704,range,42.00,15.987500,2.627052,large_range
2017-05-18,ES,2363.75,2378.990169,2363.909205,range,30.50,16.225000,1.879815,large_range
2017-05-19,ES,2382.00,2379.276819,2364.618648,bull_trend,27.00,16.800000,1.607143,large_range
2017-05-22,ES,2393.75,2380.655217,2365.761054,bull_trend,16.00,16.025000,0.998440,normal_range
2017-05-23,ES,2397.50,2382.259482,2367.005719,bull_trend,12.75,15.612500,0.816653,normal_range
2017-05-24,ES,2403.50,2384.282389,2368.436867,bull_trend,9.25,15.412500,0.600162,small_range
2017-05-25,ES,2413.50,2387.065018,2370.204049,bull_trend,15.25,15.675000,0.972887,normal_range
2017-05-26,ES,2414.75,2389.701683,2371.950949,bull_trend,7.75,15.537500,0.498793,small_range
2017-05-29,ES,2414.25,2392.039618,2373.609735,bull_trend,3.25,15.012500,0.216486,small_range
2017-05-30,ES,2411.50,2393.892988,2375.095628,bull_trend,7.00,15.012500,0.466278,small_range
2017-05-31,ES,2414.25,2395.831751,2376.631093,bull_trend,14.00,15.187500,0.921811,normal_range
2017-06-01,ES,2429.25,2399.014441,2378.694580,bull_trend,20.00,15.450000,1.294498,large_range
2017-06-02,ES,2437.25,2402.655923,2380.990871,bull_trend,12.75,15.075000,0.845771,normal_range
2017-06-05,ES,2435.25,2405.760121,2383.118680,bull_trend,6.00,14.675000,0.408859,small_range
2017-06-06,ES,2430.00,2408.068681,2384.957163,bull_trend,9.50,14.587500,0.651243,small_range
2017-06-07,ES,2431.75,2410.324045,2386.792176,bull_trend,11.00,14.662500,0.750213,small_range
2017-06-08,ES,2434.25,2412.602707,2388.653267,bull_trend,11.75,14.437500,0.813853,normal_range
2017-06-09,ES,2430.75,2414.331021,2390.304120,bull_trend,31.00,15.625000,1.984000,large_range
2017-06-12,ES,2429.50,2415.775685,2391.841213,bull_trend,12.00,15.512500,0.773570,small_range
2017-06-13,ES,2440.25,2418.106572,2393.739597,bull_trend,14.25,15.687500,0.908367,normal_range
2017-06-14,ES,2434.50,2419.667851,2395.338044,bull_trend,17.50,14.425000,1.213172,large_range
2017-06-15,ES,2431.75,2420.818532,2396.765964,bull_trend,18.25,13.812500,1.321267,large_range
2017-06-16,ES,2434.50,2422.121529,2398.245730,bull_trend,16.50,13.287500,1.241769,large_range
2017-06-19,ES,2447.50,2424.538526,2400.177270,bull_trend,18.75,13.425000,1.396648,large_range
2017-06-20,ES,2436.50,2425.677714,2401.601691,bull_trend,17.00,13.637500,1.246563,large_range
2017-06-21,ES,2432.50,2426.327456,2402.813389,bull_trend,12.00,13.775000,0.871143,normal_range
2017-06-22,ES,2431.75,2426.843889,2403.948158,bull_trend,11.00,13.562500,0.811060,normal_range
2017-06-23,ES,2432.00,2427.334947,2405.048230,bull_trend,10.50,13.700000,0.766423,small_range
2017-06-26,ES,2435.75,2428.136380,2406.252221,bull_trend,17.50,14.412500,1.214224,large_range
2017-06-27,ES,2417.75,2427.147201,2406.703115,range,20.75,15.100000,1.374172,large_range
2017-06-28,ES,2442.50,2428.609373,2408.106914,bull_trend,28.75,15.837500,1.815312,large_range
2017-06-29,ES,2421.50,2427.932290,2408.632133,range,42.75,16.975000,2.518409,large_range
2017-06-30,ES,2421.50,2427.319691,2409.136755,range,14.75,17.075000,0.863836,normal_range
2017-07-03,ES,2423.75,2426.979720,2409.709824,range,15.00,17.525000,0.855920,normal_range
2017-07-04,ES,2425.25,2426.814985,2410.319242,range,10.00,17.550000,0.569801,small_range
2017-07-05,ES,2428.50,2426.975462,2411.032213,bull_trend,13.00,17.650000,0.736544,small_range
2017-07-06,ES,2408.50,2425.215895,2410.932911,range,25.25,18.325000,1.377899,large_range
2017-07-07,ES,2423.25,2425.028666,2411.415934,range,17.50,17.650000,0.991501,normal_range
2017-07-10,ES,2423.75,2424.906889,2411.899623,range,10.75,17.587500,0.611230,small_range
2017-07-11,ES,2425.00,2424.915756,2412.413363,bull_trend,17.50,17.750000,0.985915,normal_range
2017-07-12,ES,2440.75,2426.423780,2413.524604,bull_trend,21.25,17.937500,1.184669,normal_range
2017-07-13,ES,2446.50,2428.335801,2414.817757,bull_trend,8.00,17.425000,0.459110,small_range
2017-07-14,ES,2457.50,2431.113343,2416.491570,bull_trend,19.25,17.562500,1.096085,normal_range
2017-07-17,ES,2459.75,2433.840644,2418.187979,bull_trend,6.50,16.950000,0.383481,small_range
2017-07-18,ES,2460.25,2436.355821,2419.837470,bull_trend,13.00,16.750000,0.776119,small_range
2017-07-19,ES,2471.25,2439.679076,2421.853648,bull_trend,14.25,16.862500,0.845070,normal_range
2017-07-20,ES,2472.75,2442.828688,2423.849583,bull_trend,10.75,16.850000,0.637982,small_range
2017-07-21,ES,2470.00,2445.416432,2425.659403,bull_trend,12.50,16.950000,0.737463,small_range
2017-07-24,ES,2467.50,2447.519629,2427.300211,bull_trend,7.00,16.425000,0.426180,small_range
2017-07-25,ES,2475.50,2450.184426,2429.190399,bull_trend,12.50,16.012500,0.780640,small_range
2017-07-26,ES,2474.25,2452.476385,2430.957442,bull_trend,8.25,14.987500,0.550459,small_range
2017-07-27,ES,2472.25,2454.359587,2432.576758,bull_trend,23.50,14.025000,1.675579,large_range
2017-07-28,ES,2470.75,2455.920579,2434.073748,bull_trend,10.50,13.825000,0.759494,small_range
2017-07-31,ES,2468.50,2457.118619,2435.423797,bull_trend,9.75,13.562500,0.718894,small_range
2017-08-01,ES,2473.75,2458.702560,2436.926785,bull_trend,11.00,13.612500,0.808081,normal_range
2017-08-02,ES,2473.50,2460.111840,2438.361029,bull_trend,12.75,13.600000,0.937500,normal_range
2017-08-03,ES,2470.75,2461.124998,2439.631185,bull_trend,8.50,12.762500,0.666014,small_range
2017-08-04,ES,2471.50,2462.113093,2440.880942,bull_trend,10.00,12.387500,0.807265,normal_range
2017-08-07,ES,2477.75,2463.602323,2442.326788,bull_trend,6.25,12.187500,0.512821,small_range
2017-08-08,ES,2471.25,2464.330673,2443.461031,bull_trend,21.00,12.362500,1.698686,large_range
2017-08-09,ES,2474.00,2465.251561,2444.658638,bull_trend,15.50,12.075000,1.283644,large_range
2017-08-10,ES,2434.00,2462.275222,2444.240652,range,41.50,13.750000,3.018182,large_range
2017-08-11,ES,2440.75,2460.225201,2444.103764,range,16.25,13.600000,1.194853,normal_range
2017-08-14,ES,2465.00,2460.679944,2444.923224,bull_trend,25.00,14.562500,1.716738,large_range
2017-08-15,ES,2464.75,2461.067568,2445.700745,bull_trend,13.25,14.575000,0.909091,normal_range
2017-08-16,ES,2466.50,2461.584942,2446.516402,bull_trend,12.50,14.487500,0.862813,normal_range
2017-08-17,ES,2427.25,2458.314948,2445.760857,range,44.75,16.187500,2.764479,large_range
2017-08-18,ES,2425.00,2455.142096,2444.946705,range,20.00,16.562500,1.207547,large_range
2017-08-21,ES,2428.75,2452.628563,2444.311540,range,15.75,17.000000,0.926471,normal_range
2017-08-22,ES,2453.75,2452.735366,2444.681676,bull_trend,26.75,17.712500,1.510233,large_range
2017-08-23,ES,2440.00,2451.522474,2444.498081,range,16.00,18.100000,0.883978,normal_range
2017-08-24,ES,2442.75,2450.687001,2444.429529,range,14.50,17.650000,0.821530,normal_range
2017-08-25,ES,2442.25,2449.883477,2444.344057,range,16.00,17.912500,0.893231,normal_range
2017-08-28,ES,2444.25,2449.346955,2444.340369,range,13.00,18.075000,0.719225,small_range
2017-08-29,ES,2446.75,2449.099626,2444.434864,range,27.50,18.900000,1.455026,large_range
2017-08-30,ES,2455.50,2449.709185,2444.868791,bull_trend,17.00,19.112500,0.889470,normal_range
2017-08-31,ES,2470.50,2451.689263,2445.873936,bull_trend,19.50,19.662500,0.991736,normal_range
2017-09-01,ES,2473.75,2453.790286,2446.967115,bull_trend,9.75,19.650000,0.496183,small_range
2017-09-04,ES,2468.00,2455.143592,2447.791934,bull_trend,8.75,19.987500,0.437774,small_range
2017-09-05,ES,2460.00,2455.606107,2448.270682,bull_trend,25.75,20.225000,1.273177,large_range
2017-09-06,ES,2464.25,2456.429335,2448.897322,bull_trend,12.50,20.075000,0.622665,small_range
2017-09-07,ES,2466.00,2457.340827,2449.568015,bull_trend,11.25,18.562500,0.606061,small_range
2017-09-08,ES,2462.50,2457.832177,2450.075152,bull_trend,10.75,18.287500,0.587833,small_range
2017-09-11,ES,2488.25,2460.729112,2451.572205,bull_trend,21.00,18.325000,1.145975,normal_range
2017-09-12,ES,2496.75,2464.159673,2453.343883,bull_trend,10.25,18.175000,0.563961,small_range
2017-09-13,ES,2496.75,2467.263514,2455.046084,bull_trend,6.75,17.887500,0.377358,small_range
2017-09-14,ES,2494.00,2469.809846,2456.573688,bull_trend,9.00,16.112500,0.558573,small_range
2017-09-15,ES,2500.00,2472.685098,2458.276681,bull_trend,13.00,15.762500,0.824742,normal_range
2017-09-18,ES,2503.00,2475.572232,2460.030536,bull_trend,8.25,15.387500,0.536149,small_range
2017-09-19,ES,2503.50,2478.232019,2461.735221,bull_trend,5.00,14.300000,0.349650,small_range
2017-09-20,ES,2504.75,2480.757541,2463.422075,bull_trend,13.25,14.162500,0.935569,normal_range
2017-09-21,ES,2500.75,2482.661585,2464.885915,bull_trend,9.75,13.925000,0.700180,small_range
2017-09-22,ES,2499.75,2484.289053,2466.253134,bull_trend,9.00,13.575000,0.662983,small_range
2017-09-25,ES,2498.00,2485.594858,2467.498110,bull_trend,19.50,13.900000,1.402878,large_range
2017-09-26,ES,2495.25,2486.514395,2468.586419,bull_trend,9.00,12.975000,0.693642,small_range
2017-09-27,ES,2503.75,2488.155881,2469.965383,bull_trend,16.25,12.937500,1.256039,large_range
2017-09-28,ES,2507.50,2489.998178,2471.437329,bull_trend,9.25,12.425000,0.744467,small_range
2017-09-29,ES,2517.75,2492.641209,2473.253512,bull_trend,13.00,12.587500,1.032771,normal_range
2017-10-02,ES,2527.75,2495.984903,2475.390629,bull_trend,11.00,12.462500,0.882648,normal_range
2017-10-03,ES,2533.00,2499.510151,2477.649820,bull_trend,8.00,11.575000,0.691145,small_range
2017-10-04,ES,2535.75,2502.961565,2479.928259,bull_trend,9.00,11.400000,0.789474,small_range
2017-10-05,ES,2549.00,2507.346178,2482.636954,bull_trend,16.25,11.650000,1.394850,large_range
2017-10-06,ES,2544.75,2510.908446,2485.072760,bull_trend,8.25,11.525000,0.715835,small_range
2017-10-09,ES,2543.25,2513.988594,2487.354220,bull_trend,11.25,10.762500,1.045296,normal_range
2017-10-10,ES,2549.25,2517.346823,2489.781506,bull_trend,10.50,10.775000,0.974478,normal_range
2017-10-11,ES,2552.50,2520.694745,2492.241055,bull_trend,9.25,10.900000,0.848624,normal_range
2017-10-12,ES,2548.75,2523.366674,2494.457092,bull_trend,7.00,10.787500,0.648899,small_range
2017-10-13,ES,2552.50,2526.141277,2496.733284,bull_trend,8.50,10.562500,0.804734,normal_range
2017-10-16,ES,2555.50,2528.937345,2499.037861,bull_trend,7.00,10.500000,0.666667,small_range
2017-10-17,ES,2556.50,2531.562360,2501.291279,bull_trend,5.50,10.525000,0.522565,small_range
2017-10-18,ES,2560.00,2534.270707,2503.593581,bull_trend,6.00,10.162500,0.590406,small_range
2017-10-19,ES,2561.00,2536.816354,2505.844813,bull_trend,19.00,10.625000,1.788235,large_range
2017-10-20,ES,2573.50,2540.310034,2508.497958,bull_trend,15.00,10.925000,1.372998,large_range
2017-10-23,ES,2563.25,2542.494793,2510.645097,bull_trend,15.75,10.737500,1.466822,large_range
2017-10-24,ES,2565.00,2544.638146,2512.776662,bull_trend,8.00,10.687500,0.748538,small_range
2017-10-25,ES,2559.50,2546.053561,2514.608950,bull_trend,24.75,11.112500,2.227222,large_range
2017-10-26,ES,2562.25,2547.596079,2516.477226,bull_trend,9.50,11.125000,0.853933,normal_range
2017-10-27,ES,2577.25,2550.420262,2518.860472,bull_trend,23.25,11.637500,1.997852,large_range
2017-10-30,ES,2568.50,2552.142142,2520.807120,bull_trend,12.75,11.725000,1.087420,normal_range
2017-10-31,ES,2572.75,2554.104795,2522.844096,bull_trend,8.75,11.762500,0.743889,small_range
2017-11-01,ES,2572.75,2555.880529,2524.801190,bull_trend,14.50,12.037500,1.204569,large_range
2017-11-02,ES,2577.50,2557.939526,2526.867810,bull_trend,16.25,12.037500,1.349948,large_range
2017-11-03,ES,2581.25,2560.159571,2529.000445,bull_trend,12.00,12.225000,0.981595,normal_range
2017-11-06,ES,2588.50,2562.858659,2531.333761,bull_trend,14.50,12.387500,1.170535,normal_range
2017-11-07,ES,2586.00,2565.062597,2533.477535,bull_trend,12.75,12.500000,1.020000,normal_range
2017-11-08,ES,2590.50,2567.485207,2535.713710,bull_trend,12.75,12.675000,1.005917,normal_range
2017-11-09,ES,2583.25,2568.986615,2537.577878,bull_trend,31.25,13.887500,2.250225,large_range
2017-11-10,ES,2579.00,2569.940271,2539.202275,bull_trend,14.25,14.175000,1.005291,normal_range
2017-11-13,ES,2581.00,2570.993579,2540.841402,bull_trend,15.25,14.587500,1.045416,normal_range
2017-11-14,ES,2577.50,2571.613238,2542.278994,bull_trend,18.00,15.212500,1.183237,normal_range
2017-11-15,ES,2564.25,2570.911977,2543.140602,range,21.50,16.012500,1.342701,large_range
2017-11-16,ES,2585.00,2572.253694,2544.782147,bull_trend,27.25,16.425000,1.659056,large_range
2017-11-17,ES,2575.75,2572.586675,2545.996573,bull_trend,11.25,16.237500,0.692841,small_range
2017-11-20,ES,2582.25,2573.506992,2547.418276,bull_trend,16.25,16.262500,0.999231,normal_range
2017-11-21,ES,2596.00,2575.649183,2549.323441,bull_trend,21.25,16.925000,1.255539,large_range
2017-11-22,ES,2593.50,2577.349261,2551.055855,bull_trend,7.25,16.050000,0.451713,small_range
2017-11-23,ES,2597.00,2579.220760,2552.857586,bull_trend,8.50,16.000000,0.531250,small_range
2017-11-24,ES,2601.50,2581.342592,2554.765132,bull_trend,8.75,15.275000,0.572831,small_range
2017-11-27,ES,2602.50,2583.357583,2556.637088,bull_trend,9.00,15.087500,0.596520,small_range
2017-11-28,ES,2625.75,2587.394956,2559.347398,bull_trend,29.50,16.125000,1.829457,large_range
2017-11-29,ES,2625.50,2591.024008,2561.941618,bull_trend,14.50,16.125000,0.899225,normal_range
2017-11-30,ES,2642.50,2595.926484,2565.100770,bull_trend,36.75,17.150000,2.142857,large_range
2017-12-01,ES,2642.75,2600.385866,2568.145838,bull_trend,45.75,18.837500,2.428666,large_range
2017-12-04,ES,2636.75,2603.849117,2570.836197,bull_trend,31.50,19.687500,1.600000,large_range
2017-12-05,ES,2627.50,2606.101582,2573.058307,bull_trend,21.50,20.125000,1.068323,normal_range
2017-12-06,ES,2631.50,2608.520479,2575.350138,bull_trend,14.50,20.212500,0.717378,small_range
2017-12-07,ES,2639.50,2611.470910,2577.865819,bull_trend,15.00,19.400000,0.773196,small_range
2017-12-08,ES,2651.75,2615.307013,2580.763238,bull_trend,14.75,19.425000,0.759331,small_range
2017-12-11,ES,2663.50,2619.896822,2584.007817,bull_trend,15.50,19.437500,0.797428,small_range
2017-12-12,ES,2666.00,2624.287601,2587.223196,bull_trend,9.75,19.025000,0.512484,small_range
2017-12-13,ES,2666.25,2628.284020,2590.322287,bull_trend,15.75,18.712500,0.841683,normal_range
2017-12-14,ES,2652.75,2630.614113,2592.770432,bull_trend,21.75,18.437500,1.179661,normal_range
2017-12-15,ES,2683.00,2635.603245,2596.308847,bull_trend,30.75,19.412500,1.584031,large_range
2017-12-18,ES,2695.75,2641.331507,2600.208500,bull_trend,15.50,19.375000,0.800000,normal_range
2017-12-19,ES,2684.50,2645.442792,2603.514049,bull_trend,15.50,19.087500,0.812050,normal_range
2017-12-20,ES,2681.50,2648.876812,2606.572322,bull_trend,16.50,19.550000,0.843990,normal_range
2017-12-21,ES,2687.25,2652.531401,2609.736152,bull_trend,15.25,19.887500,0.766813,small_range
2017-12-22,ES,2687.00,2655.814125,2612.766107,bull_trend,9.25,19.912500,0.464532,small_range
2017-12-26,ES,2687.50,2658.831828,2615.696848,bull_trend,6.00,19.762500,0.303605,small_range
2017-12-27,ES,2685.25,2661.347844,2618.424422,bull_trend,9.50,18.762500,0.506329,small_range
2017-12-28,ES,2685.25,2663.624240,2621.045033,bull_trend,6.00,18.337500,0.327198,small_range
2017-12-29,ES,2668.25,2664.064788,2622.896208,bull_trend,30.50,18.025000,1.692094,large_range
2018-01-02,ES,2694.00,2666.915761,2625.684592,bull_trend,21.50,17.125000,1.255474,large_range
2018-01-03,ES,2709.25,2670.947593,2628.961667,bull_trend,22.00,16.650000,1.321321,large_range
2018-01-04,ES,2725.00,2676.095441,2632.727876,bull_trend,20.50,16.600000,1.234940,large_range
2018-01-05,ES,2742.50,2682.419685,2637.032665,bull_trend,19.50,16.850000,1.157270,normal_range
2018-01-08,ES,2747.00,2688.570191,2641.345110,bull_trend,12.00,16.700000,0.718563,small_range
2018-01-09,ES,2750.25,2694.444459,2645.615890,bull_trend,17.25,16.825000,1.025260,normal_range
2018-01-10,ES,2750.75,2699.806891,2649.738796,bull_trend,15.50,16.825000,0.921248,normal_range
2018-01-11,ES,2769.25,2706.420521,2654.425510,bull_trend,22.75,17.475000,1.301860,large_range
2018-01-12,ES,2789.25,2714.309043,2659.712745,bull_trend,23.25,17.850000,1.302521,large_range
2018-01-15,ES,2794.50,2721.946277,2664.998520,bull_trend,7.75,17.175000,0.451237,small_range
2018-01-16,ES,2783.00,2727.760917,2669.626029,bull_trend,39.25,17.600000,2.230114,large_range
2018-01-17,ES,2803.50,2734.974163,2674.875988,bull_trend,30.50,18.350000,1.662125,large_range
2018-01-18,ES,2797.00,2740.881385,2679.665165,bull_trend,14.25,18.287500,0.779221,small_range
2018-01-19,ES,2812.75,2747.726015,2684.884178,bull_trend,23.25,18.625000,1.248322,large_range
2018-01-22,ES,2835.50,2756.085443,2690.790681,bull_trend,36.25,19.675000,1.842440,large_range
2018-01-23,ES,2838.25,2763.910638,2696.573400,bull_trend,16.00,20.012500,0.799500,small_range
2018-01-24,ES,2840.75,2771.228673,2702.227384,bull_trend,29.75,21.200000,1.403302,large_range
2018-01-25,ES,2842.25,2777.992609,2707.718467,bull_trend,23.00,21.875000,1.051429,normal_range
2018-01-26,ES,2874.75,2787.207598,2714.268723,bull_trend,34.75,23.312500,1.490617,large_range
2018-01-29,ES,2853.25,2793.497351,2719.718969,bull_trend,27.00,23.137500,1.166937,normal_range
2018-01-30,ES,2823.25,2796.330937,2723.779010,bull_trend,39.50,23.725000,1.664910,large_range
2018-01-31,ES,2826.25,2799.180371,2727.797480,bull_trend,26.75,23.962500,1.116328,normal_range
2018-02-01,ES,2823.50,2801.496526,2731.550520,bull_trend,27.75,24.325000,1.140802,normal_range
2018-02-02,ES,2757.25,2797.282571,2732.558343,range,75.75,27.137500,2.791340,large_range
2018-02-05,ES,2620.50,2780.446136,2728.163898,range,167.25,34.900000,4.792264,large_range
2018-02-06,ES,2684.50,2771.308409,2726.451588,range,170.75,42.575000,4.010570,large_range
2018-02-07,ES,2668.50,2761.517132,2724.178977,range,66.25,45.112500,1.468551,large_range
2018-02-08,ES,2597.25,2745.872643,2719.201370,range,109.50,49.450000,2.214358,large_range
2018-02-09,ES,2621.50,2734.027629,2715.369944,range,107.50,53.662500,2.003261,large_range
2018-02-12,ES,2652.50,2726.263093,2712.904456,range,51.50,55.825000,0.922526,normal_range
2018-02-13,ES,2663.75,2720.309465,2710.976830,range,33.25,55.525000,0.598829,small_range
2018-02-14,ES,2696.25,2718.018088,2710.399307,range,74.75,57.737500,1.294653,large_range
2018-02-15,ES,2734.50,2719.587794,2711.344432,bull_trend,48.25,59.437500,0.811777,normal_range
2018-02-16,ES,2736.25,2721.174670,2712.321121,bull_trend,32.50,59.900000,0.542571,small_range
2018-02-19,ES,2728.50,2721.872321,2712.955587,bull_trend,28.25,59.500000,0.474790,small_range
2018-02-20,ES,2715.00,2721.217814,2713.035760,range,32.00,60.300000,0.530680,small_range
2018-02-21,ES,2698.50,2719.054213,2712.465730,range,54.25,61.525000,0.881755,normal_range
2018-02-22,ES,2713.50,2718.525240,2712.506290,range,49.00,62.825000,0.779944,small_range
2018-02-23,ES,2746.00,2721.141884,2713.819769,bull_trend,40.25,63.100000,0.637876,small_range
2018-02-26,ES,2784.00,2727.128371,2716.571935,bull_trend,43.50,63.925000,0.680485,small_range
2018-02-27,ES,2747.25,2729.044717,2717.774996,bull_trend,47.75,64.337500,0.742180,small_range
2018-02-28,ES,2718.75,2728.064268,2717.813232,range,50.00,65.500000,0.763359,small_range
2018-03-01,ES,2679.75,2723.462909,2716.320556,range,72.50,67.737500,1.070308,normal_range
2018-03-02,ES,2690.50,2720.323584,2715.307985,range,49.00,66.400000,0.737952,small_range
2018-03-05,ES,2718.75,2720.173719,2715.442966,range,64.00,61.237500,1.045111,normal_range
2018-03-06,ES,2724.00,2720.538127,2715.778536,bull_trend,24.25,53.912500,0.449803,small_range
2018-03-07,ES,2722.75,2720.748781,2716.051927,bull_trend,49.00,53.050000,0.923657,normal_range
2018-03-08,ES,2738.25,2722.415564,2716.922439,bull_trend,20.50,48.600000,0.421811,small_range
2018-03-09,ES,2783.50,2728.233129,2719.533324,bull_trend,57.00,46.075000,1.237113,large_range
2018-03-12,ES,2783.00,2733.449022,2722.022213,bull_trend,21.50,44.575000,0.482333,small_range
2018-03-13,ES,2763.75,2736.334829,2723.658597,bull_trend,44.00,45.112500,0.975339,normal_range
2018-03-14,ES,2755.25,2738.136274,2724.897476,bull_trend,35.25,43.137500,0.817154,normal_range
2018-03-15,ES,2758.50,2740.075677,2726.215222,bull_trend,22.25,41.837500,0.531820,small_range
2018-03-16,ES,2755.50,2741.544660,2727.363644,bull_trend,16.00,41.012500,0.390125,small_range
2018-03-19,ES,2722.75,2739.754692,2727.182717,range,59.25,42.562500,1.392070,large_range
2018-03-20,ES,2723.75,2738.230436,2727.048101,range,16.25,41.775000,0.388989,small_range
2018-03-21,ES,2718.00,2736.303728,2726.693273,range,31.50,40.637500,0.775146,small_range
2018-03-22,ES,2646.75,2727.774801,2723.558243,range,84.50,42.412500,1.992337,large_range
2018-03-23,ES,2596.50,2715.272439,2718.575567,bear_trend,72.75,44.037500,1.652001,large_range
2018-03-26,ES,2659.75,2709.984588,2716.268682,bear_trend,71.75,45.450000,1.578658,large_range
2018-03-27,ES,2612.75,2700.724151,2712.209126,bear_trend,83.75,47.250000,1.772487,large_range
2018-03-28,ES,2608.00,2691.893279,2708.122493,bear_trend,40.75,46.787500,0.870959,normal_range
2018-03-29,ES,2637.50,2686.712967,2705.352984,bear_trend,58.50,46.087500,1.269325,large_range
2018-04-02,ES,2582.75,2676.811732,2700.545024,bear_trend,89.50,48.112500,1.860223,large_range
2018-04-03,ES,2612.75,2670.710615,2697.102082,bear_trend,45.25,47.175000,0.959194,normal_range
2018-04-04,ES,2645.00,2668.261985,2695.058863,bear_trend,90.25,50.475000,1.788014,large_range
2018-04-05,ES,2662.00,2667.665605,2693.762437,bear_trend,28.25,49.437500,0.571429,small_range
2018-04-06,ES,2605.00,2661.697452,2690.281557,bear_trend,79.50,52.387500,1.517538,large_range
2018-04-09,ES,2618.00,2657.535790,2687.446986,bear_trend,46.25,51.975000,0.889851,normal_range
2018-04-10,ES,2654.50,2657.246667,2686.154947,bear_trend,54.00,53.600000,1.007463,normal_range
2018-04-11,ES,2642.50,2655.842223,2684.442989,bear_trend,35.25,53.162500,0.663061,small_range
2018-04-12,ES,2665.00,2656.714392,2683.680518,range,35.25,53.162500,0.663061,small_range
2018-04-13,ES,2659.25,2656.955879,2682.722459,range,35.75,53.837500,0.664035,small_range
2018-04-16,ES,2679.50,2659.102938,2682.596088,range,26.25,54.425000,0.482315,small_range
2018-04-17,ES,2705.50,2663.521706,2683.494281,range,35.00,53.212500,0.657740,small_range
2018-04-18,ES,2710.50,2667.995829,2684.553328,range,14.75,53.137500,0.277582,small_range
2018-04-19,ES,2692.75,2670.353369,2684.874766,range,31.75,53.150000,0.597366,small_range
2018-04-20,ES,2671.25,2670.438762,2684.340462,range,38.50,50.850000,0.757129,small_range
2018-04-23,ES,2672.00,2670.587452,2683.856522,range,27.50,48.587500,0.565989,small_range
2018-04-24,ES,2635.50,2667.245790,2681.960188,bear_trend,72.50,48.625000,1.491003,large_range
2018-04-25,ES,2646.25,2665.246191,2680.559788,bear_trend,37.00,46.287500,0.799352,small_range
2018-04-26,ES,2673.00,2665.984649,2680.263326,range,38.00,46.150000,0.823402,normal_range
2018-04-27,ES,2671.50,2666.509920,2679.919666,range,18.50,44.150000,0.419026,small_range
2018-04-30,ES,2645.50,2664.508975,2678.569876,bear_trend,37.25,41.537500,0.896780,normal_range
2018-05-01,ES,2655.50,2663.650978,2677.665175,bear_trend,34.75,41.012500,0.847303,normal_range
2018-05-02,ES,2625.75,2660.041361,2675.629285,bear_trend,34.25,38.212500,0.896304,normal_range
2018-05-03,ES,2631.50,2657.323136,2673.898725,bear_trend,45.00,39.050000,1.152369,normal_range
2018-05-04,ES,2664.00,2657.959028,2673.510540,range,57.25,37.937500,1.509061,large_range
2018-05-07,ES,2668.75,2658.986739,2673.323852,range,20.25,36.512500,0.554605,small_range
2018-05-08,ES,2670.25,2660.059431,2673.203309,range,22.00,34.912500,0.630147,small_range
2018-05-09,ES,2695.75,2663.458533,2674.087493,range,33.50,34.825000,0.961953,normal_range
2018-05-10,ES,2716.25,2668.486292,2675.740924,range,32.25,34.675000,0.930065,normal_range
2018-05-11,ES,2728.00,2674.154264,2677.790300,range,16.25,33.700000,0.482196,small_range
2018-05-14,ES,2729.00,2679.377667,2679.798523,range,17.00,33.162500,0.512627,small_range
2018-05-15,ES,2710.00,2682.294080,2680.982895,bull_trend,30.75,32.950000,0.933232,normal_range
2018-05-16,ES,2721.75,2686.051787,2682.581605,bull_trend,23.50,33.387500,0.703856,small_range
2018-05-17,ES,2718.50,2689.142093,2683.990170,bull_trend,21.00,32.850000,0.639269,small_range
2018-05-18,ES,2712.25,2691.342846,2685.098398,bull_trend,18.25,31.837500,0.573223,small_range
2018-05-21,ES,2732.50,2695.262575,2686.957285,bull_trend,15.00,31.812500,0.471513,small_range
2018-05-22,ES,2725.50,2698.142329,2688.468764,bull_trend,20.25,29.200000,0.693493,small_range
2018-05-23,ES,2730.00,2701.176393,2690.097440,bull_trend,28.50,28.775000,0.990443,normal_range
2018-05-24,ES,2727.25,2703.659594,2691.554403,bull_trend,27.50,28.250000,0.973451,normal_range
2018-05-25,ES,2720.75,2705.287252,2692.699328,bull_trend,24.00,28.525000,0.841367,normal_range
2018-05-28,ES,2723.25,2706.997990,2693.897394,bull_trend,13.50,27.337500,0.493827,small_range
2018-05-29,ES,2692.75,2705.641038,2693.852398,range,49.25,28.062500,1.755011,large_range
2018-05-30,ES,2723.25,2707.318082,2695.005245,bull_trend,43.50,28.525000,1.524978,large_range
2018-05-31,ES,2707.50,2707.335408,2695.495235,bull_trend,28.50,27.700000,1.028881,normal_range
2018-06-01,ES,2734.75,2709.946321,2697.034638,bull_trend,31.00,26.387500,1.174799,normal_range
2018-06-04,ES,2746.50,2713.427624,2698.974456,bull_trend,20.25,26.387500,0.767409,small_range
2018-06-05,ES,2751.25,2717.029755,2701.024477,bull_trend,14.25,26.000000,0.548077,small_range
2018-06-06,ES,2773.50,2722.407874,2703.866655,bull_trend,26.75,25.662500,1.042377,normal_range
2018-06-07,ES,2773.00,2727.226171,2706.577766,bull_trend,19.75,25.037500,0.788817,small_range
2018-06-08,ES,2779.25,2732.180822,2709.427658,bull_trend,27.75,25.612500,1.083455,normal_range
2018-06-11,ES,2782.00,2736.925505,2712.273632,bull_trend,20.00,25.762500,0.776322,small_range
2018-06-12,ES,2788.25,2741.813552,2715.253097,bull_trend,11.25,24.787500,0.453858,small_range
2018-06-13,ES,2775.25,2744.997976,2717.605917,bull_trend,18.00,24.512500,0.734319,small_range
2018-06-14,ES,2788.25,2749.117216,2720.376273,bull_trend,21.75,24.550000,0.885947,normal_range
2018-06-15,ES,2781.50,2752.201291,2722.773282,bull_trend,23.00,24.787500,0.927887,normal_range
2018-06-18,ES,2778.25,2754.682120,2724.948840,bull_trend,25.50,24.712500,1.031866,normal_range
2018-06-19,ES,2766.25,2755.783823,2726.568493,bull_trend,44.50,25.925000,1.716490,large_range
2018-06-20,ES,2770.75,2757.209173,2728.301101,bull_trend,21.00,25.550000,0.821918,normal_range
2018-06-21,ES,2751.25,2756.641633,2729.201058,range,38.25,26.087500,1.466219,large_range
2018-06-22,ES,2756.50,2756.628144,2730.271605,range,19.25,25.850000,0.744681,small_range
2018-06-25,ES,2722.50,2753.377845,2729.966836,range,57.50,28.050000,2.049911,large_range
2018-06-26,ES,2724.25,2750.603764,2729.742646,range,20.50,26.612500,0.770315,small_range
2018-06-27,ES,2705.75,2746.331977,2728.801758,range,47.00,26.787500,1.754550,large_range
2018-06-28,ES,2720.50,2743.871789,2728.476199,range,33.00,27.012500,1.221657,large_range
2018-06-29,ES,2720.75,2741.669714,2728.173211,range,28.75,26.900000,1.068773,normal_range
2018-07-02,ES,2726.75,2740.248789,2728.117399,range,30.00,27.387500,1.095390,normal_range
2018-07-03,ES,2713.25,2737.677475,2727.534363,range,29.50,28.150000,1.047957,normal_range
2018-07-04,ES,2721.75,2736.160573,2727.307526,range,13.25,27.475000,0.482257,small_range
2018-07-05,ES,2738.50,2736.383376,2727.746446,bull_trend,27.25,27.850000,0.978456,normal_range
2018-07-06,ES,2762.50,2738.870673,2729.109331,bull_trend,35.00,28.212500,1.240585,large_range
2018-07-09,ES,2787.25,2743.478228,2731.389357,bull_trend,26.25,28.525000,0.920245,normal_range
2018-07-10,ES,2786.00,2747.527921,2733.530951,bull_trend,17.25,28.825000,0.598439,small_range
2018-07-11,ES,2775.75,2750.215738,2735.186600,bull_trend,22.00,29.025000,0.757967,small_range
2018-07-12,ES,2798.25,2754.790429,2737.659674,bull_trend,27.25,29.300000,0.930034,normal_range
2018-07-13,ES,2804.25,2759.500865,2740.271060,bull_trend,14.00,28.850000,0.485269,small_range
2018-07-16,ES,2796.50,2763.024592,2742.476116,bull_trend,14.00,28.275000,0.495137,small_range
2018-07-17,ES,2813.00,2767.784155,2745.241759,bull_trend,26.00,27.350000,0.950640,normal_range
2018-07-18,ES,2814.75,2772.257092,2747.967572,bull_trend,11.50,26.875000,0.427907,small_range
2018-07-19,ES,2805.00,2775.375464,2750.204138,bull_trend,17.75,25.850000,0.686654,small_range
2018-07-20,ES,2803.50,2778.053992,2752.294172,bull_trend,17.50,25.762500,0.679282,small_range
2018-07-23,ES,2811.25,2781.215516,2754.606165,bull_trend,20.00,23.887500,0.837258,normal_range
2018-07-24,ES,2819.00,2784.814038,2757.131413,bull_trend,21.00,23.912500,0.878202,normal_range
2018-07-25,ES,2845.25,2790.569844,2760.587044,bull_trend,35.50,23.337500,1.521157,large_range
2018-07-26,ES,2840.25,2795.301288,2763.711082,bull_trend,13.25,22.350000,0.592841,small_range
2018-07-27,ES,2817.25,2797.391641,2765.810647,bull_trend,38.25,22.825000,1.675794,large_range
2018-07-30,ES,2805.25,2798.140056,2767.357288,bull_trend,23.50,22.500000,1.044444,normal_range
2018-07-31,ES,2826.00,2800.793384,2769.657003,bull_trend,25.00,22.275000,1.122334,normal_range
2018-08-01,ES,2813.75,2802.027348,2771.386140,bull_trend,20.25,22.637500,0.894533,normal_range
2018-08-02,ES,2830.50,2804.739029,2773.704330,bull_trend,40.25,23.287500,1.728395,large_range
2018-08-03,ES,2841.25,2808.216264,2776.353180,bull_trend,16.75,22.375000,0.748603,small_range
2018-08-06,ES,2849.00,2812.100430,2779.202075,bull_trend,18.50,21.987500,0.841387,normal_range
2018-08-07,ES,2860.75,2816.733722,2782.400033,bull_trend,15.50,21.900000,0.707763,small_range
2018-08-08,ES,2853.50,2820.235272,2785.188267,bull_trend,10.00,21.300000,0.469484,small_range
2018-08-09,ES,2852.25,2823.284294,2787.818139,bull_trend,12.25,20.550000,0.596107,small_range
2018-08-10,ES,2839.25,2824.804837,2789.835074,bull_trend,26.75,21.187500,1.262537,large_range
2018-08-13,ES,2826.25,2824.942472,2791.263111,bull_trend,23.75,21.675000,1.095732,normal_range
2018-08-14,ES,2841.75,2826.543189,2793.242989,bull_trend,17.75,21.262500,0.834803,normal_range
2018-08-15,ES,2822.50,2826.158123,2794.390323,range,40.00,22.687500,1.763085,large_range
2018-08-16,ES,2844.00,2827.857350,2796.335800,bull_trend,34.25,23.512500,1.456672,large_range
2018-08-17,ES,2853.25,2830.275697,2798.567730,bull_trend,22.00,23.737500,0.926804,normal_range
2018-08-20,ES,2857.25,2832.844678,2800.868995,bull_trend,10.50,23.262500,0.451370,small_range
2018-08-21,ES,2855.00,2834.954709,2802.991780,bull_trend,22.00,23.312500,0.943700,normal_range
2018-08-22,ES,2862.00,2837.530451,2805.305827,bull_trend,22.00,22.637500,0.971839,normal_range
2018-08-23,ES,2858.25,2839.503741,2807.382069,bull_trend,15.00,22.725000,0.660066,small_range
2018-08-24,ES,2876.50,2843.027195,2810.092577,bull_trend,21.25,21.875000,0.971429,normal_range
2018-08-27,ES,2899.25,2848.381748,2813.588946,bull_trend,22.75,21.850000,1.041190,normal_range
2018-08-28,ES,2899.75,2853.273962,2816.967811,bull_trend,12.00,21.200000,0.566038,small_range
2018-08-29,ES,2915.50,2859.200251,2820.831818,bull_trend,20.00,21.175000,0.944510,normal_range
2018-08-30,ES,2899.00,2862.990704,2823.897237,bull_trend,20.75,20.200000,1.027228,normal_range
2018-08-31,ES,2907.00,2867.182065,2827.156169,bull_trend,15.75,20.150000,0.781638,small_range
2018-09-03,ES,2908.25,2871.093297,2830.336319,bull_trend,10.00,19.725000,0.506971,small_range
2018-09-04,ES,2898.75,2873.727269,2833.019209,bull_trend,26.50,20.275000,1.307028,large_range
2018-09-05,ES,2889.75,2875.253243,2835.243946,bull_trend,23.00,20.925000,1.099164,normal_range
2018-09-06,ES,2878.25,2875.538649,2836.930458,bull_trend,25.00,21.562500,1.159420,normal_range
2018-09-07,ES,2872.75,2875.273063,2838.335146,range,20.00,21.225000,0.942285,normal_range
2018-09-10,ES,2879.75,2875.699438,2839.959257,bull_trend,15.00,20.812500,0.720721,small_range
2018-09-11,ES,2890.00,2877.061396,2841.921640,bull_trend,25.75,21.212500,1.213907,large_range
2018-09-12,ES,2887.00,2878.007930,2843.689418,bull_trend,15.75,20.000000,0.787500,small_range
2018-09-13,ES,2905.00,2880.578603,2846.093755,bull_trend,22.25,19.400000,1.146907,normal_range
2018-09-14,ES,2911.25,2883.499689,2848.648902,bull_trend,15.25,19.062500,0.800000,normal_range
2018-09-17,ES,2896.00,2884.690195,2850.505808,bull_trend,19.00,19.487500,0.974984,normal_range
2018-09-18,ES,2912.75,2887.362557,2852.946756,bull_trend,34.25,20.100000,1.703980,large_range
2018-09-19,ES,2916.50,2890.137552,2855.439040,bull_trend,13.00,19.650000,0.661578,small_range
2018-09-20,ES,2940.25,2894.910166,2858.764960,bull_trend,27.50,20.275000,1.356350,large_range
2018-09-21,ES,2932.25,2898.466340,2861.646727,bull_trend,15.00,19.962500,0.751409,small_range
2018-09-24,ES,2926.50,2901.136213,2864.189992,bull_trend,12.50,19.537500,0.639795,small_range
2018-09-25,ES,2922.25,2903.147050,2866.466855,bull_trend,16.00,19.737500,0.810640,normal_range
2018-09-26,ES,2912.00,2903.990188,2868.252469,bull_trend,28.50,20.162500,1.413515,large_range
2018-09-27,ES,2922.00,2905.705408,2870.360215,bull_trend,24.50,20.350000,1.203931,large_range
2018-09-28,ES,2921.75,2907.233464,2872.375501,bull_trend,17.50,20.437500,0.856269,normal_range
2018-10-01,ES,2929.25,2909.330277,2874.605873,bull_trend,19.50,20.950000,0.930788,normal_range
2018-10-02,ES,2930.00,2911.298822,2876.778192,bull_trend,18.50,20.550000,0.900243,normal_range
2018-10-03,ES,2926.50,2912.746553,2878.728067,bull_trend,20.00,20.400000,0.980392,normal_range
2018-10-04,ES,2910.50,2912.532596,2879.974025,range,38.50,21.087500,1.825726,large_range
2018-10-05,ES,2895.00,2910.862825,2880.563279,range,42.25,22.200000,1.903153,large_range
2018-10-08,ES,2892.50,2909.113984,2881.031386,range,32.25,23.037500,1.399891,large_range
2018-10-09,ES,2887.50,2907.055510,2881.285057,range,25.50,23.025000,1.107492,normal_range
2018-10-10,ES,2772.75,2894.264509,2877.028780,range,119.75,28.225000,4.242693,large_range
2018-10-11,ES,2748.00,2880.334556,2871.968828,range,86.50,31.437500,2.751491,large_range
2018-10-12,ES,2772.25,2870.040788,2868.058286,range,52.75,33.312500,1.583490,large_range
2018-10-15,ES,2747.00,2858.322618,2863.310902,bear_trend,33.50,34.037500,0.984209,normal_range
2018-10-16,ES,2816.50,2854.339512,2861.475180,bear_trend,73.50,36.000000,2.041667,large_range
2018-10-17,ES,2816.25,2850.711939,2859.701644,bear_trend,41.00,37.400000,1.096257,normal_range
2018-10-18,ES,2775.25,2843.525088,2856.389815,bear_trend,58.25,39.012500,1.493111,large_range
2018-10-19,ES,2767.50,2836.284603,2852.903940,bear_trend,38.25,40.175000,0.952085,normal_range
2018-10-22,ES,2756.75,2828.709879,2849.133197,bear_trend,32.25,41.062500,0.785388,small_range
2018-10-23,ES,2746.00,2820.832748,2845.088758,bear_trend,65.25,43.525000,1.499138,large_range
2018-10-24,ES,2674.75,2806.920105,2838.408806,bear_trend,97.75,46.987500,2.080341,large_range
2018-10-25,ES,2681.50,2794.975333,2832.255520,bear_trend,65.00,49.012500,1.326192,large_range
2018-10-26,ES,2662.25,2782.334825,2825.588637,bear_trend,65.50,51.412500,1.274009,large_range
2018-10-29,ES,2639.50,2768.731509,2818.291043,bear_trend,104.00,55.600000,1.870504,large_range
2018-10-30,ES,2689.75,2761.209460,2813.250218,bear_trend,57.00,57.525000,0.990874,normal_range
2018-10-31,ES,2706.00,2755.951416,2809.044327,bear_trend,55.25,59.287500,0.931900,normal_range
2018-11-01,ES,2734.00,2753.860805,2806.101412,bear_trend,35.75,59.137500,0.604523,small_range
2018-11-02,ES,2722.50,2750.874062,2802.822925,bear_trend,66.75,60.362500,1.105819,normal_range
2018-11-05,ES,2740.00,2749.838437,2800.359281,bear_trend,31.00,60.300000,0.514096,small_range
2018-11-06,ES,2758.00,2750.615729,2798.698133,range,31.25,60.587500,0.515783,small_range
2018-11-07,ES,2816.50,2756.890421,2799.396245,range,73.00,58.250000,1.253219,large_range
2018-11-08,ES,2805.50,2761.519905,2799.635608,range,23.00,55.075000,0.417612,small_range
2018-11-09,ES,2778.75,2763.160866,2798.816565,range,46.75,54.775000,0.853492,normal_range
2018-11-12,ES,2730.50,2760.050308,2796.137484,bear_trend,73.00,56.750000,1.286344,large_range
2018-11-13,ES,2728.75,2757.069326,2793.494838,bear_trend,41.25,55.137500,0.748130,small_range
2018-11-14,ES,2702.00,2751.824628,2789.906805,bear_trend,62.00,56.187500,1.103448,normal_range
2018-11-15,ES,2734.00,2750.127045,2787.714381,bear_trend,65.50,56.475000,1.159805,normal_range
2018-11-16,ES,2742.25,2749.376850,2785.931464,bear_trend,40.00,56.562500,0.707182,small_range
2018-11-19,ES,2697.25,2744.412388,2782.453760,bear_trend,66.50,58.275000,1.141141,normal_range
2018-11-20,ES,2637.00,2734.182637,2776.749691,bear_trend,65.00,58.287500,1.115162,normal_range
2018-11-21,ES,2649.00,2726.070005,2771.739899,bear_trend,39.00,55.350000,0.704607,small_range
2018-11-22,ES,2632.75,2717.182385,2766.289315,bear_trend,29.25,53.562500,0.546091,small_range
2018-11-23,ES,2628.50,2708.736444,2760.885812,bear_trend,21.50,51.362500,0.418593,small_range
2018-11-26,ES,2661.00,2704.190116,2756.968721,bear_trend,44.75,48.550000,0.921730,normal_range
2018-11-27,ES,2686.00,2702.457724,2754.185634,bear_trend,31.50,47.275000,0.666314,small_range
2018-11-28,ES,2741.00,2706.128417,2753.668551,range,64.00,47.712500,1.341368,large_range
2018-11-29,ES,2742.00,2709.544758,2753.210960,range,31.25,47.487500,0.658068,small_range
2018-11-30,ES,2764.00,2714.730972,2753.634060,range,35.75,45.937500,0.778231,small_range
2018-12-03,ES,2789.75,2721.875641,2755.050371,range,40.50,46.887500,0.863770,normal_range
2018-12-04,ES,2701.75,2719.958913,2752.960161,bear_trend,94.50,50.050000,1.888112,large_range
2018-12-05,ES,2718.00,2719.772350,2751.589174,bear_trend,22.75,47.537500,0.478570,small_range
2018-12-06,ES,2695.00,2717.413079,2749.369991,bear_trend,92.75,51.225000,1.810639,large_range
2018-12-07,ES,2636.75,2709.730881,2744.953520,bear_trend,86.50,53.212500,1.625558,large_range
2018-12-10,ES,2641.50,2703.232702,2740.896520,bear_trend,65.50,52.837500,1.239650,large_range
2018-12-11,ES,2631.75,2696.424825,2736.616264,bear_trend,56.75,53.612500,1.058522,normal_range
2018-12-12,ES,2651.25,2692.122461,2733.268567,bear_trend,54.75,53.250000,1.028169,normal_range
2018-12-13,ES,2644.75,2687.610798,2729.797251,bear_trend,33.75,51.662500,0.653278,small_range
2018-12-14,ES,2600.25,2679.290722,2724.716967,bear_trend,51.50,52.237500,0.985882,normal_range
2018-12-17,ES,2556.75,2667.620177,2718.130027,bear_trend,83.25,53.075000,1.568535,large_range
2018-12-18,ES,2532.00,2654.703970,2710.830810,bear_trend,47.75,52.187500,0.914970,normal_range
2018-12-19,ES,2503.25,2640.279782,2702.690386,bear_trend,102.50,55.362500,1.851434,large_range
2018-12-20,ES,2487.75,2625.753136,2694.261351,bear_trend,76.50,57.725000,1.325249,large_range
2018-12-21,ES,2421.25,2606.276647,2683.555024,bear_trend,98.75,61.587500,1.603410,large_range
2018-12-24,ES,2342.25,2581.131252,2670.170513,bear_trend,94.00,63.900000,1.471049,large_range
2018-12-26,ES,2468.00,2570.356847,2662.242258,bear_trend,161.00,70.375000,2.287744,large_range
2018-12-27,ES,2489.25,2562.632385,2655.458248,bear_trend,101.75,72.262500,1.408061,large_range
2018-12-28,ES,2488.00,2555.524539,2648.891257,bear_trend,50.25,73.212500,0.686358,small_range
2018-12-31,ES,2508.75,2551.069821,2643.395522,bear_trend,30.25,72.937500,0.414739,small_range
2019-01-02,ES,2490.00,2545.253648,2637.380011,bear_trend,69.00,73.887500,0.933852,normal_range
2019-01-03,ES,2451.75,2536.348538,2630.100403,bear_trend,50.25,71.675000,0.701081,small_range
2019-01-04,ES,2529.50,2535.696297,2626.155289,bear_trend,100.75,75.575000,1.333113,large_range
2019-01-07,ES,2553.75,2537.415697,2623.315866,range,44.25,72.950000,0.606580,small_range
2019-01-08,ES,2569.75,2540.495154,2621.215244,range,33.75,70.312500,0.480000,small_range
2019-01-09,ES,2581.75,2544.424187,2619.667587,range,28.25,68.450000,0.412710,small_range
2019-01-10,ES,2594.50,2549.193312,2618.680623,range,39.00,67.562500,0.577243,small_range
2019-01-11,ES,2595.50,2553.603473,2617.771579,range,20.75,65.862500,0.315050,small_range
2019-01-14,ES,2581.50,2556.260285,2616.349164,range,24.75,65.587500,0.377358,small_range
2019-01-15,ES,2605.75,2560.973591,2615.933511,range,33.75,64.700000,0.521638,small_range
2019-01-16,ES,2615.00,2566.118964,2615.896902,range,23.75,61.725000,0.384771,small_range
2019-01-17,ES,2638.25,2572.988586,2616.773494,range,49.00,61.787500,0.793041,small_range
2019-01-18,ES,2677.00,2582.894435,2619.135318,range,45.00,58.912500,0.763845,small_range
2019-01-21,ES,2663.25,2590.547346,2620.865306,range,17.75,56.150000,0.316118,small_range
2019-01-22,ES,2632.50,2594.542837,2621.321568,range,49.75,53.700000,0.926443,normal_range
2019-01-23,ES,2637.75,2598.657805,2621.965820,range,41.25,51.062500,0.807834,normal_range
2019-01-24,ES,2637.00,2602.309442,2622.555396,range,21.50,44.087500,0.487667,small_range
2019-01-25,ES,2665.50,2608.327591,2624.239498,range,38.00,40.900000,0.929095,normal_range
2019-01-28,ES,2640.75,2611.415439,2624.886969,range,41.25,40.550000,1.017263,normal_range
2019-01-29,ES,2647.25,2614.828255,2625.763950,range,21.50,40.112500,0.535993,small_range
2019-01-30,ES,2683.25,2621.344611,2628.018305,range,53.50,39.337500,1.360025,large_range
2019-01-31,ES,2712.00,2629.978458,2631.311705,range,37.25,38.687500,0.962843,normal_range
2019-02-01,ES,2704.50,2637.075748,2634.181834,bull_trend,20.50,34.675000,0.591204,small_range
2019-02-04,ES,2721.00,2645.068534,2637.586468,bull_trend,28.00,33.862500,0.826873,normal_range
2019-02-05,ES,2731.00,2653.252483,2641.249744,bull_trend,21.50,33.250000,0.646617,small_range
2019-02-06,ES,2727.75,2660.347484,2644.641911,bull_trend,14.25,32.550000,0.437788,small_range
2019-02-07,ES,2703.25,2664.433438,2646.940267,bull_trend,43.75,32.787500,1.334350,large_range
2019-02-08,ES,2708.00,2668.582635,2649.334767,bull_trend,28.25,33.162500,0.851866,normal_range
2019-02-11,ES,2707.75,2672.312860,2651.625560,bull_trend,21.00,32.800000,0.640244,small_range
2019-02-12,ES,2744.75,2679.211635,2655.277499,bull_trend,42.50,33.237500,1.278676,large_range
2019-02-13,ES,2749.25,2685.881956,2658.962695,bull_trend,19.25,33.012500,0.583112,small_range
2019-02-14,ES,2741.25,2691.155103,2662.189648,bull_trend,32.75,32.200000,1.017081,normal_range
2019-02-15,ES,2777.75,2699.402236,2666.721427,bull_trend,49.50,32.425000,1.526600,large_range
2019-02-18,ES,2778.25,2706.911547,2671.095096,bull_trend,9.25,31.825000,0.290652,small_range
2019-02-19,ES,2777.75,2713.658066,2675.277642,bull_trend,21.50,30.412500,0.706946,small_range
2019-02-20,ES,2786.75,2720.619203,2679.649107,bull_trend,17.50,29.225000,0.598802,small_range
2019-02-21,ES,2774.00,2725.703088,2683.349142,bull_trend,33.75,29.837500,1.131127,normal_range
2019-02-22,ES,2795.25,2732.326603,2687.737411,bull_trend,25.00,29.187500,0.856531,normal_range
2019-02-25,ES,2795.50,2738.343117,2691.963394,bull_trend,19.50,28.000000,0.696429,small_range
2019-02-26,ES,2789.00,2743.167582,2695.768752,bull_trend,20.25,27.937500,0.724832,small_range
2019-02-27,ES,2796.50,2748.246860,2699.718997,bull_trend,22.25,26.375000,0.843602,normal_range
2019-02-28,ES,2787.00,2751.937635,2703.141781,bull_trend,14.00,25.250000,0.554455,small_range
2019-03-01,ES,2807.00,2757.181670,2707.214652,bull_trend,25.25,25.487500,0.990682,normal_range
2019-03-04,ES,2791.25,2760.426273,2710.510156,bull_trend,52.25,26.700000,1.956929,large_range
2019-03-05,ES,2788.75,2763.123771,2713.578385,bull_trend,15.75,26.412500,0.596309,small_range
2019-03-06,ES,2771.00,2763.873888,2715.830213,bull_trend,24.25,26.912500,0.901068,normal_range
2019-03-07,ES,2749.50,2762.504946,2717.150597,range,37.75,26.612500,1.418506,large_range
2019-03-08,ES,2748.75,2761.194951,2718.389789,range,29.50,26.675000,1.105904,normal_range
2019-03-11,ES,2786.00,2763.557337,2721.041170,bull_trend,50.75,28.162500,1.802042,large_range
2019-03-12,ES,2793.75,2766.432829,2723.892497,bull_trend,17.75,26.925000,0.659239,small_range
2019-03-13,ES,2815.50,2771.105893,2727.484948,bull_trend,38.25,27.875000,1.372197,large_range
2019-03-14,ES,2812.50,2775.048189,2730.818872,bull_trend,16.50,27.062500,0.609700,small_range
2019-03-15,ES,2830.00,2780.281694,2734.708328,bull_trend,24.00,25.787500,0.930683,normal_range
2019-03-18,ES,2841.75,2786.135819,2738.906040,bull_trend,18.00,26.225000,0.686368,small_range
2019-03-19,ES,2837.75,2791.051455,2742.782274,bull_trend,29.75,26.637500,1.116847,normal_range
2019-03-20,ES,2823.25,2794.117983,2745.937871,bull_trend,32.00,27.362500,1.169484,normal_range
2019-03-21,ES,2860.25,2800.416270,2750.420700,bull_trend,52.25,28.287500,1.847106,large_range
2019-03-22,ES,2807.50,2801.090911,2752.659104,bull_trend,59.50,30.012500,1.982507,large_range
2019-03-25,ES,2808.25,2801.772729,2754.839139,bull_trend,29.00,30.487500,0.951210,normal_range
2019-03-26,ES,2824.25,2803.913422,2757.561133,bull_trend,29.00,30.925000,0.937753,normal_range
2019-03-27,ES,2807.25,2804.231191,2759.509716,bull_trend,40.00,31.812500,1.257367,large_range
2019-03-28,ES,2822.25,2805.947268,2761.970120,bull_trend,29.25,32.537500,0.898963,normal_range
2019-03-29,ES,2839.50,2809.142766,2765.010507,bull_trend,20.50,32.300000,0.634675,small_range
2019-04-01,ES,2870.50,2814.986312,2769.147350,bull_trend,29.00,31.387500,0.923935,normal_range
2019-04-02,ES,2866.50,2819.892378,2772.965101,bull_trend,11.50,31.175000,0.368885,small_range
2019-04-03,ES,2880.00,2825.616913,2777.162548,bull_trend,24.00,31.162500,0.770156,small_range
2019-04-04,ES,2882.75,2831.058160,2781.303232,bull_trend,14.75,30.012500,0.491462,small_range
2019-04-05,ES,2897.75,2837.409764,2785.869772,bull_trend,17.50,29.412500,0.594985,small_range
2019-04-08,ES,2899.00,2843.275500,2790.306252,bull_trend,15.50,27.650000,0.560579,small_range
2019-04-09,ES,2882.25,2846.987357,2793.911889,bull_trend,22.75,27.900000,0.815412,normal_range
2019-04-10,ES,2895.25,2851.583800,2797.885933,bull_trend,18.00,26.887500,0.669456,small_range
2019-04-11,ES,2892.25,2855.456771,2801.586484,bull_trend,14.75,26.800000,0.550373,small_range
2019-04-12,ES,2911.75,2860.818031,2805.906622,bull_trend,24.00,26.800000,0.895522,normal_range
2019-04-15,ES,2910.50,2865.549647,2810.008323,bull_trend,14.00,26.600000,0.526316,small_range
2019-04-16,ES,2911.00,2869.878252,2813.968781,bull_trend,16.75,25.950000,0.645472,small_range
2019-04-17,ES,2900.75,2872.818419,2817.371966,bull_trend,25.00,25.600000,0.976562,normal_range
2019-04-18,ES,2910.50,2876.407141,2821.024046,bull_trend,22.25,24.100000,0.923237,normal_range
2019-04-22,ES,2913.00,2879.892175,2824.630946,bull_trend,16.75,21.962500,0.762664,small_range
2019-04-23,ES,2937.75,2885.402444,2829.066987,bull_trend,31.75,22.100000,1.436652,large_range
2019-04-24,ES,2928.25,2889.483164,2832.956517,bull_trend,12.00,21.250000,0.564706,small_range
2019-04-25,ES,2923.50,2892.722862,2836.507242,bull_trend,21.50,20.325000,1.057811,normal_range
2019-04-26,ES,2939.00,2897.130209,2840.526566,bull_trend,25.50,20.137500,1.266294,large_range
2019-04-29,ES,2943.25,2901.522570,2844.554936,bull_trend,13.75,19.800000,0.694444,small_range
2019-04-30,ES,2955.00,2906.615658,2848.886115,bull_trend,30.50,19.625000,1.554140,large_range
2019-05-01,ES,2917.00,2907.604643,2851.557248,bull_trend,45.25,21.312500,2.123167,large_range
2019-05-02,ES,2919.00,2908.689915,2854.202061,bull_trend,31.75,21.700000,1.463134,large_range
2019-05-03,ES,2949.25,2912.552781,2857.929432,bull_trend,33.00,22.612500,1.459370,large_range
2019-05-06,ES,2909.75,2912.285849,2859.961611,range,54.75,25.025000,2.187812,large_range
2019-05-07,ES,2890.75,2910.234816,2861.168999,range,68.00,27.650000,2.459313,large_range
2019-05-08,ES,2884.50,2907.783881,2862.083940,range,30.75,28.050000,1.096257,normal_range
2019-05-09,ES,2872.25,2904.399702,2862.482609,range,49.25,29.612500,1.663149,large_range
2019-05-10,ES,2887.25,2902.766397,2863.453879,range,67.00,32.225000,2.079131,large_range
2019-05-13,ES,2808.25,2893.764835,2861.289021,range,67.25,35.287500,1.905774,large_range
2019-05-14,ES,2840.25,2888.668184,2860.463961,range,54.00,37.287500,1.448207,large_range
2019-05-15,ES,2854.50,2885.414072,2860.230081,range,45.00,38.700000,1.162791,normal_range
2019-05-16,ES,2879.75,2884.874636,2860.995568,range,53.50,40.125000,1.333333,large_range
2019-05-17,ES,2861.25,2882.624671,2861.005545,range,35.00,40.762500,0.858632,normal_range
2019-05-20,ES,2847.75,2879.303274,2860.485720,range,44.00,42.125000,1.044510,normal_range
2019-05-21,ES,2864.50,2877.893438,2860.643143,range,24.50,41.762500,0.586651,small_range
2019-05-22,ES,2856.75,2875.879777,2860.490471,range,21.25,42.225000,0.503256,small_range
2019-05-23,ES,2821.00,2870.653132,2858.941825,range,52.75,43.787500,1.204682,large_range
2019-05-24,ES,2831.00,2866.876643,2857.846067,range,22.75,43.650000,0.521191,small_range
2019-05-27,ES,2831.75,2863.531248,2856.822692,range,13.25,43.625000,0.303725,small_range
2019-05-28,ES,2805.00,2857.956844,2854.790429,range,40.75,44.137500,0.923251,normal_range
2019-05-29,ES,2780.75,2850.603811,2851.886883,bear_trend,39.75,43.862500,0.906241,normal_range
2019-05-30,ES,2789.75,2844.808210,2849.450142,bear_trend,22.50,43.400000,0.518433,small_range
2019-05-31,ES,2752.50,2836.016952,2845.648176,bear_trend,41.00,43.800000,0.936073,normal_range
2019-06-03,ES,2753.75,2828.182004,2842.044326,bear_trend,35.00,42.262500,0.828157,normal_range
2019-06-04,ES,2805.50,2826.021813,2840.611215,bear_trend,62.25,41.975000,1.483026,large_range
2019-06-05,ES,2828.25,2826.234022,2840.126462,range,28.50,41.862500,0.680800,small_range
2019-06-06,ES,2840.50,2827.592686,2840.141110,range,40.25,41.412500,0.971929,normal_range
2019-06-07,ES,2877.50,2832.345764,2841.606165,range,48.25,40.475000,1.192094,normal_range
2019-06-10,ES,2890.00,2837.836643,2843.503962,range,25.25,37.625000,0.671096,small_range
2019-06-11,ES,2887.50,2842.566487,2845.229297,range,32.25,36.537500,0.882655,normal_range
2019-06-12,ES,2881.50,2846.274440,2846.651678,range,15.75,35.075000,0.449038,small_range
2019-06-13,ES,2894.50,2850.867351,2848.528082,bull_trend,29.25,33.862500,0.863787,normal_range
2019-06-14,ES,2896.25,2855.189508,2850.399530,bull_trend,17.75,33.000000,0.537879,small_range
2019-06-17,ES,2897.75,2859.242888,2852.256411,bull_trend,12.75,31.437500,0.405567,small_range
2019-06-18,ES,2926.00,2865.600708,2855.148317,bull_trend,47.50,32.587500,1.457614,large_range
2019-06-19,ES,2931.50,2871.876831,2858.142500,bull_trend,21.50,32.600000,0.659509,small_range
2019-06-20,ES,2958.25,2880.102847,2862.068285,bull_trend,34.00,31.662500,1.073826,normal_range
2019-06-21,ES,2948.25,2886.593052,2865.447960,bull_trend,21.50,31.600000,0.680380,small_range
2019-06-24,ES,2951.50,2892.774666,2868.822550,bull_trend,14.50,31.662500,0.457955,small_range
2019-06-25,ES,2923.00,2895.653270,2870.947155,bull_trend,38.25,31.537500,1.212842,large_range
2019-06-26,ES,2915.25,2897.519625,2872.684522,bull_trend,24.50,30.775000,0.796101,small_range
2019-06-27,ES,2933.50,2900.946327,2875.069443,bull_trend,21.00,30.700000,0.684039,small_range
2019-06-28,ES,2953.75,2905.975249,2878.154955,bull_trend,25.25,29.912500,0.844129,normal_range
2019-07-01,ES,2968.00,2911.882368,2881.678290,bull_trend,26.25,29.562500,0.887949,normal_range
2019-07-02,ES,2979.00,2918.274523,2885.494827,bull_trend,21.50,27.525000,0.781108,small_range
2019-07-03,ES,3001.00,2926.153140,2890.024442,bull_trend,27.75,27.487500,1.009550,normal_range
2019-07-04,ES,3002.25,2933.400460,2894.425444,bull_trend,8.75,25.912500,0.337675,small_range
2019-07-05,ES,2991.75,2938.957559,2898.242094,bull_trend,32.75,25.137500,1.302834,large_range
2019-07-08,ES,2978.50,2942.723506,2901.389462,bull_trend,21.50,24.800000,0.866935,normal_range
2019-07-09,ES,2982.25,2946.487934,2904.560464,bull_trend,22.75,24.325000,0.935252,normal_range
2019-07-10,ES,2996.25,2951.227178,2908.156132,bull_trend,36.25,25.350000,1.429980,large_range
2019-07-11,ES,3004.00,2956.253161,2911.914715,bull_trend,14.25,24.600000,0.579268,small_range
2019-07-12,ES,3014.25,2961.776670,2915.927863,bull_trend,15.75,24.500000,0.642857,small_range
2019-07-15,ES,3017.50,2967.083654,2919.911085,bull_trend,12.75,24.500000,0.520408,small_range
2019-07-16,ES,3005.75,2970.766163,2923.277317,bull_trend,17.25,22.987500,0.750408,small_range
2019-07-17,ES,2981.25,2971.764623,2925.550755,bull_trend,32.50,23.537500,1.380775,large_range
2019-07-18,ES,3003.50,2974.787040,2928.607588,bull_trend,30.75,23.375000,1.315508,large_range
2019-07-19,ES,2971.00,2974.426370,2930.270036,range,40.25,24.312500,1.655527,large_range
2019-07-22,ES,2989.00,2975.814335,2932.573172,bull_trend,21.00,24.712500,0.849772,normal_range
2019-07-23,ES,3003.00,2978.403446,2935.335008,bull_trend,21.00,23.850000,0.880503,normal_range
2019-07-24,ES,3017.75,2982.150736,2938.566968,bull_trend,26.00,23.925000,1.086729,normal_range
2019-07-25,ES,3005.00,2984.326857,2941.172185,bull_trend,29.75,24.362500,1.221139,large_range
2019-07-26,ES,3023.00,2988.010013,2944.381119,bull_trend,23.50,24.325000,0.966084,normal_range
2019-07-29,ES,3022.75,2991.318583,2947.454409,bull_trend,11.75,23.512500,0.499734,small_range
2019-07-30,ES,3015.25,2993.597766,2950.113059,bull_trend,26.00,23.737500,1.095313,normal_range
2019-07-31,ES,2973.50,2991.683693,2951.030194,range,62.75,25.487500,2.461991,large_range
2019-08-01,ES,2948.75,2987.594770,2950.940775,range,69.75,28.537500,2.444152,large_range
2019-08-02,ES,2934.50,2982.538125,2950.296039,range,47.50,29.275000,1.622545,large_range
2019-08-05,ES,2824.75,2967.510685,2945.372665,range,113.00,33.900000,3.333333,large_range
2019-08-06,ES,2875.50,2958.747762,2942.632560,range,108.00,38.162500,2.830003,large_range
2019-08-07,ES,2880.00,2951.247975,2940.176381,range,68.25,39.762500,1.716441,large_range
2019-08-08,ES,2939.00,2950.081502,2940.130249,range,70.25,42.562500,1.650514,large_range
2019-08-09,ES,2923.75,2947.573740,2939.487886,range,36.75,43.775000,0.839520,normal_range
2019-08-12,ES,2882.25,2941.352431,2937.243263,range,58.50,46.062500,1.270014,large_range
2019-08-13,ES,2931.75,2940.437914,2937.027841,range,77.50,49.075000,1.579215,large_range
2019-08-14,ES,2835.75,2930.467636,2933.056161,bear_trend,100.75,52.487500,1.919505,large_range
2019-08-15,ES,2851.75,2922.970719,2929.867684,bear_trend,54.00,53.650000,1.006524,normal_range
2019-08-16,ES,2891.50,2919.973507,2928.363069,bear_trend,45.25,53.900000,0.839518,normal_range
2019-08-19,ES,2922.25,2920.190316,2928.123341,range,39.75,54.812500,0.725200,small_range
2019-08-20,ES,2895.50,2917.838857,2926.843994,bear_trend,38.00,55.662500,0.682686,small_range
2019-08-21,ES,2932.25,2919.211347,2927.055994,range,39.50,56.337500,0.701132,small_range
2019-08-22,ES,2920.00,2919.286457,2926.779289,range,35.50,56.625000,0.626932,small_range
2019-08-23,ES,2851.50,2912.830604,2923.827160,bear_trend,102.75,60.537500,1.697295,large_range
2019-08-26,ES,2882.00,2909.894356,2922.186879,bear_trend,78.25,63.862500,1.225289,large_range
2019-08-27,ES,2866.75,2905.785370,2920.012884,bear_trend,39.50,64.537500,0.612047,small_range
2019-08-28,ES,2883.25,2903.639144,2918.571202,bear_trend,38.75,63.337500,0.611802,small_range
2019-08-29,ES,2924.00,2905.578273,2918.784096,range,55.50,62.625000,0.886228,normal_range
2019-08-30,ES,2923.75,2907.308914,2918.978837,range,33.25,61.912500,0.537048,small_range
2019-09-02,ES,2898.75,2906.493779,2918.185550,bear_trend,37.50,58.087500,0.645578,small_range
2019-09-03,ES,2904.50,2906.303895,2917.648861,bear_trend,24.50,53.912500,0.454440,small_range
2019-09-04,ES,2937.75,2909.298762,2918.437141,range,37.50,52.375000,0.715990,small_range
2019-09-05,ES,2970.00,2915.079833,2920.459214,range,50.00,51.362500,0.973473,normal_range
2019-09-06,ES,2983.00,2921.548420,2922.911794,range,18.00,50.275000,0.358031,small_range
2019-09-09,ES,2979.00,2927.019999,2925.111332,bull_trend,22.00,48.450000,0.454076,small_range
2019-09-10,ES,2979.50,2932.018094,2927.244220,bull_trend,27.75,45.962500,0.603753,small_range
2019-09-11,ES,3002.25,2938.706847,2930.185624,bull_trend,32.25,42.537500,0.758155,small_range
2019-09-12,ES,3008.50,2945.353814,2933.256776,bull_trend,20.75,40.875000,0.507645,small_range
2019-09-13,ES,3007.00,2951.224880,2936.148667,bull_trend,20.25,39.625000,0.511041,small_range
2019-09-16,ES,3004.50,2956.298701,2938.829111,bull_trend,21.75,38.762500,0.561109,small_range
2019-09-17,ES,3008.25,2961.246443,2941.551499,bull_trend,15.25,37.625000,0.405316,small_range
2019-09-18,ES,3009.75,2965.865830,2944.225950,bull_trend,33.00,37.300000,0.884718,normal_range
2019-09-19,ES,3007.50,2969.830989,2946.707285,bull_trend,33.25,37.187500,0.894118,normal_range
2019-09-20,ES,2989.25,2971.680418,2948.375627,bull_trend,32.75,33.687500,0.972171,normal_range
2019-09-23,ES,3001.00,2974.472760,2950.439328,bull_trend,26.25,31.087500,0.844391,normal_range
2019-09-24,ES,2972.00,2974.237259,2951.284845,range,53.75,31.800000,1.690252,large_range
2019-09-25,ES,2986.00,2975.357520,2952.646223,bull_trend,38.00,31.762500,1.196379,normal_range
2019-09-26,ES,2979.50,2975.752042,2953.699312,bull_trend,30.75,30.525000,1.007371,normal_range
2019-09-27,ES,2968.50,2975.061371,2954.279732,range,46.75,31.200000,1.498397,large_range
2019-09-30,ES,2984.50,2975.960288,2955.464840,bull_trend,21.75,30.412500,0.715166,small_range
2019-10-01,ES,2942.50,2972.773594,2954.956415,range,57.50,32.062500,1.793372,large_range
2019-10-02,ES,2883.75,2964.295156,2952.164007,range,75.00,33.937500,2.209945,large_range
2019-10-03,ES,2911.25,2959.243237,2950.559536,range,57.50,34.312500,1.675774,large_range
2019-10-04,ES,2950.75,2958.434357,2950.567005,range,56.50,36.225000,1.559696,large_range
2019-10-07,ES,2935.75,2956.273942,2949.985946,range,31.50,36.700000,0.858311,normal_range
2019-10-08,ES,2893.50,2950.295471,2947.770811,range,59.50,38.287500,1.554032,large_range
2019-10-09,ES,2920.50,2947.457807,2946.701367,range,46.00,38.975000,1.180244,normal_range
2019-10-10,ES,2949.50,2947.652302,2946.811118,bull_trend,72.25,41.550000,1.738869,large_range
2019-10-11,ES,2970.25,2949.804464,2947.730289,bull_trend,52.25,43.150000,1.210892,large_range
2019-10-14,ES,2966.25,2951.370705,2948.456553,bull_trend,28.75,43.412500,0.662252,small_range
2019-10-15,ES,2996.50,2955.668733,2950.340609,bull_trend,36.75,44.500000,0.825843,normal_range
2019-10-16,ES,2992.25,2959.152664,2951.984115,bull_trend,13.00,43.500000,0.298851,small_range
2019-10-17,ES,2998.25,2962.876219,2953.798463,bull_trend,22.75,42.975000,0.529378,small_range
2019-10-18,ES,2989.25,2965.388008,2955.188720,bull_trend,26.25,42.650000,0.615475,small_range
2019-10-21,ES,3006.50,2969.303436,2957.200927,bull_trend,23.75,42.525000,0.558495,small_range
2019-10-22,ES,2990.25,2971.298347,2958.496969,bull_trend,26.00,41.137500,0.632027,small_range
2019-10-23,ES,3006.00,2974.603266,2960.359833,bull_trend,24.00,40.437500,0.593509,small_range
2019-10-24,ES,3002.75,2977.283907,2962.022192,bull_trend,16.50,39.725000,0.415356,small_range
2019-10-25,ES,3019.75,2981.328297,2964.286028,bull_trend,26.50,38.712500,0.684533,small_range
2019-10-28,ES,3037.00,2986.630364,2967.137556,bull_trend,20.00,38.775000,0.515796,small_range
2019-10-29,ES,3036.25,2991.356044,2969.847848,bull_trend,16.75,36.737500,0.455937,small_range
2019-10-30,ES,3050.50,2996.988801,2973.010678,bull_trend,31.75,34.575000,0.918294,normal_range
2019-10-31,ES,3035.50,3000.656535,2975.461239,bull_trend,31.75,33.287500,0.953811,normal_range
2019-11-01,ES,3063.00,3006.594008,2978.894132,bull_trend,32.00,32.062500,0.998051,normal_range
2019-11-04,ES,3075.75,3013.180293,2982.692401,bull_trend,19.00,31.525000,0.602696,small_range
2019-11-05,ES,3071.25,3018.710741,2986.165248,bull_trend,16.00,29.350000,0.545145,small_range
2019-11-06,ES,3076.75,3024.238289,2989.717591,bull_trend,15.00,27.800000,0.539568,small_range
2019-11-07,ES,3085.75,3030.096548,2993.483568,bull_trend,26.75,25.525000,1.047992,normal_range
2019-11-08,ES,3092.00,3035.992114,2997.346958,bull_trend,20.00,23.912500,0.836383,normal_range
2019-11-11,ES,3087.50,3040.897627,3000.882371,bull_trend,17.75,23.362500,0.759765,small_range
2019-11-12,ES,3090.50,3045.621663,3004.396788,bull_trend,20.75,22.550000,0.920177,normal_range
2019-11-13,ES,3096.25,3050.443409,3007.998875,bull_trend,21.25,22.962500,0.925422,normal_range
2019-11-14,ES,3097.50,3054.924989,3011.508723,bull_trend,18.00,22.725000,0.792079,small_range
2019-11-15,ES,3119.00,3061.027371,3015.724067,bull_trend,23.75,22.600000,1.050885,normal_range
2019-11-18,ES,3121.50,3066.786669,3019.872143,bull_trend,16.75,22.250000,0.752809,small_range
2019-11-19,ES,3117.00,3071.568891,3023.681078,bull_trend,19.75,21.937500,0.900285,normal_range
2019-11-20,ES,3108.75,3075.109949,3027.017114,bull_trend,27.75,22.125000,1.254237,large_range
2019-11-21,ES,3103.75,3077.837573,3030.026247,bull_trend,23.25,22.462500,1.035058,normal_range
2019-11-22,ES,3112.00,3081.091138,3033.240904,bull_trend,16.75,21.975000,0.762230,small_range
2019-11-25,ES,3131.50,3085.891982,3037.094202,bull_trend,17.00,21.900000,0.776256,small_range
2019-11-26,ES,3144.00,3091.426079,3041.286586,bull_trend,17.00,21.912500,0.775813,small_range
2019-11-27,ES,3154.50,3097.433119,3045.726328,bull_trend,13.25,20.987500,0.631328,small_range
2019-11-28,ES,3150.25,3102.463298,3049.825296,bull_trend,14.00,20.100000,0.696517,small_range
2019-11-29,ES,3143.75,3106.395365,3053.508617,bull_trend,12.25,19.112500,0.640942,small_range
2019-12-02,ES,3113.00,3107.024378,3055.841613,bull_trend,47.75,20.462500,2.333537,large_range
2019-12-03,ES,3091.75,3105.569675,3057.249785,range,52.25,22.275000,2.345679,large_range
2019-12-04,ES,3110.75,3106.063039,3059.347832,bull_trend,37.75,23.412500,1.612387,large_range
2019-12-05,ES,3118.00,3107.199893,3061.647917,bull_trend,21.50,23.150000,0.928726,normal_range
2019-12-06,ES,3146.50,3110.942760,3064.975450,bull_trend,34.00,23.850000,1.425577,large_range
2019-12-09,ES,3133.00,3113.043450,3067.643079,bull_trend,18.25,23.875000,0.764398,small_range
2019-12-10,ES,3137.00,3115.325026,3070.362959,bull_trend,26.75,24.175000,1.106515,normal_range
2019-12-11,ES,3144.25,3118.079785,3073.260490,bull_trend,15.00,23.862500,0.628601,small_range
2019-12-12,ES,3169.75,3123.000758,3077.044392,bull_trend,40.25,24.975000,1.611612,large_range
2019-12-13,ES,3172.00,3127.667353,3080.768141,bull_trend,28.25,25.200000,1.121032,normal_range
2019-12-16,ES,3197.75,3134.341890,3085.355665,bull_trend,25.50,25.887500,0.985031,normal_range
2019-12-17,ES,3193.50,3139.975996,3089.596620,bull_trend,11.50,25.475000,0.451423,small_range
2019-12-18,ES,3199.25,3145.621139,3093.896752,bull_trend,11.00,24.637500,0.446474,small_range
2019-12-19,ES,3212.75,3152.014364,3098.557664,bull_trend,19.25,24.437500,0.787724,small_range
2019-12-20,ES,3224.50,3158.917758,3103.496579,bull_trend,21.00,24.650000,0.851927,normal_range
2019-12-23,ES,3228.00,3165.497019,3108.379066,bull_trend,10.00,24.075000,0.415369,small_range
2019-12-24,ES,3226.50,3171.306827,3113.011260,bull_trend,8.75,23.662500,0.369783,small_range
2019-12-26,ES,3242.25,3178.063320,3118.079445,bull_trend,17.75,23.912500,0.742290,small_range
2019-12-27,ES,3236.50,3183.628718,3122.723389,bull_trend,18.50,24.137500,0.766442,small_range
2019-12-30,ES,3223.25,3187.402173,3126.665609,bull_trend,27.00,24.875000,1.085427,normal_range
2019-12-31,ES,3236.00,3192.030538,3130.953232,bull_trend,23.25,23.650000,0.983087,normal_range
2020-01-02,ES,3261.50,3198.646677,3136.072713,bull_trend,27.50,22.412500,1.226994,large_range
2020-01-03,ES,3235.50,3202.156517,3139.971822,bull_trend,56.75,23.362500,2.429106,large_range
2020-01-06,ES,3242.75,3206.022563,3144.002339,bull_trend,40.75,24.325000,1.675231,large_range
2020-01-07,ES,3233.00,3208.591843,3147.492444,bull_trend,28.50,24.050000,1.185031,normal_range
2020-01-08,ES,3259.75,3213.464048,3151.894701,bull_trend,86.75,27.475000,3.157416,large_range
2020-01-09,ES,3275.25,3219.348425,3156.732163,bull_trend,19.00,27.087500,0.701431,small_range
2020-01-10,ES,3263.50,3223.553337,3160.919137,bull_trend,26.25,27.650000,0.949367,normal_range
2020-01-13,ES,3289.00,3229.786352,3165.941916,bull_trend,25.50,27.012500,0.944007,normal_range
2020-01-14,ES,3287.75,3235.306700,3170.718704,bull_trend,21.50,26.675000,0.805998,normal_range
2020-01-15,ES,3294.25,3240.920347,3175.563068,bull_trend,21.25,26.212500,0.810682,normal_range
2020-01-16,ES,3317.25,3248.189838,3181.119419,bull_trend,24.00,26.837500,0.894271,normal_range
2020-01-17,ES,3323.75,3255.386044,3186.712775,bull_trend,14.25,27.000000,0.527778,small_range
2020-01-20,ES,3325.25,3262.039754,3192.145607,bull_trend,10.00,26.537500,0.376825,small_range
2020-01-21,ES,3320.25,3267.583587,3197.169309,bull_trend,22.50,26.612500,0.845467,normal_range
2020-01-22,ES,3317.25,3272.313722,3201.878356,bull_trend,22.25,27.225000,0.817264,normal_range
2020-01-23,ES,3326.00,3277.426700,3206.745871,bull_trend,25.75,28.075000,0.917186,normal_range
2020-01-24,ES,3291.00,3278.719396,3210.049955,bull_trend,56.50,29.987500,1.884118,large_range
2020-01-27,ES,3240.75,3275.103263,3211.253878,range,36.75,31.962500,1.149785,normal_range
2020-01-28,ES,3283.00,3275.855333,3214.067451,bull_trend,46.25,32.925000,1.404708,large_range
2020-01-29,ES,3270.75,3275.369111,3216.290296,range,27.50,33.137500,0.829876,normal_range
2020-01-30,ES,3294.25,3277.167291,3219.347540,bull_trend,55.50,34.537500,1.606949,large_range
2020-01-31,ES,3227.00,3272.389453,3219.647636,range,84.75,35.937500,2.358261,large_range
2020-02-03,ES,3245.00,3269.780934,3220.641846,range,45.25,36.162500,1.251296,large_range
2020-02-04,ES,3300.25,3272.682750,3223.763735,bull_trend,69.25,38.200000,1.812827,large_range
2020-02-05,ES,3335.50,3278.665345,3228.145549,bull_trend,49.75,36.350000,1.368638,large_range
2020-02-06,ES,3348.00,3285.268646,3232.845724,bull_trend,25.25,36.662500,0.688715,small_range
2020-02-07,ES,3323.00,3288.862108,3236.381186,bull_trend,29.25,36.812500,0.794567,small_range
2020-02-10,ES,3352.25,3294.899050,3240.925061,bull_trend,50.00,37.937500,1.317957,large_range
2020-02-11,ES,3359.25,3301.027712,3245.565254,bull_trend,25.25,38.125000,0.662295,small_range
2020-02-12,ES,3380.50,3308.596501,3250.856813,bull_trend,26.00,38.362500,0.677745,small_range
2020-02-13,ES,3378.75,3315.277787,3255.872232,bull_trend,36.25,38.975000,0.930083,normal_range
2020-02-14,ES,3380.50,3321.489426,3260.759595,bull_trend,23.25,39.425000,0.589727,small_range
2020-02-17,ES,3388.00,3327.823767,3265.749415,bull_trend,10.50,39.525000,0.265655,small_range
2020-02-18,ES,3370.75,3331.911979,3269.867085,bull_trend,23.75,40.037500,0.593194,small_range
2020-02-19,ES,3388.25,3337.277505,3274.509553,bull_trend,23.00,40.075000,0.573924,small_range
2020-02-20,ES,3367.50,3340.155838,3278.156237,bull_trend,58.25,41.700000,1.396882,large_range
2020-02-21,ES,3338.25,3339.974330,3280.512855,range,41.25,40.937500,1.007634,normal_range
2020-02-24,ES,3227.00,3329.214870,3278.414312,range,98.25,44.262500,2.219712,large_range
2020-02-25,ES,3138.50,3311.051549,3272.927476,range,142.25,49.062500,2.899363,large_range
2020-02-26,ES,3100.00,3290.951401,3266.146006,range,91.00,52.237500,1.742044,large_range
2020-02-27,ES,2949.25,3258.408411,3253.718712,range,172.50,58.087500,2.969658,large_range
2020-02-28,ES,2988.00,3232.655229,3243.298370,bear_trend,142.75,60.987500,2.340644,large_range
2020-03-02,ES,3071.75,3217.330921,3236.570983,bear_trend,204.00,68.925000,2.959739,large_range
2020-03-03,ES,2989.50,3195.632738,3226.881925,bear_trend,164.00,73.662500,2.226370,large_range
2020-03-04,ES,3110.75,3187.548668,3222.327732,bear_trend,153.00,78.825000,1.941009,large_range
2020-03-05,ES,3022.50,3171.829747,3214.491350,bear_trend,117.25,83.425000,1.405454,large_range
2020-03-06,ES,2963.75,3152.012628,3204.658356,bear_trend,139.00,88.912500,1.563335,large_range
2020-03-09,ES,2733.50,3112.154283,3186.181558,bear_trend,201.00,98.850000,2.033384,large_range
2020-03-10,ES,2876.75,3089.734827,3174.046987,bear_trend,189.50,107.062500,1.769994,large_range
2020-03-11,ES,2741.00,3056.521987,3157.064752,bear_trend,166.75,114.462500,1.456809,large_range
2020-03-12,ES,2449.75,2998.734178,3129.326919,bear_trend,331.50,129.225000,2.565293,large_range
2020-03-13,ES,2664.75,2966.926161,3111.108216,bear_trend,314.25,143.775000,2.185707,large_range
2020-03-16,ES,2399.50,2912.885575,3083.202011,bear_trend,300.00,158.912500,1.887831,large_range
2020-03-17,ES,2474.75,2871.158377,3059.341148,bear_trend,190.75,166.812500,1.143499,normal_range
2020-03-18,ES,2405.75,2826.833770,3033.710123,bear_trend,224.25,176.875000,1.267845,large_range
2020-03-19,ES,2355.00,2781.897220,3007.094040,bear_trend,185.00,183.212500,1.009756,normal_range
2020-03-20,ES,2266.50,2732.811771,2978.051136,bear_trend,239.00,193.100000,1.237701,large_range
2020-03-23,ES,2217.25,2683.710650,2948.215797,bear_trend,212.00,197.475000,1.073554,normal_range
2020-03-24,ES,2442.50,2660.738207,2928.383805,bear_trend,217.25,201.887500,1.076094,normal_range
2020-03-25,ES,2467.25,2642.310759,2910.300127,bear_trend,174.75,206.075000,0.847992,normal_range
2020-03-26,ES,2619.25,2640.114496,2898.886396,bear_trend,223.50,208.625000,1.071300,normal_range
2020-03-27,ES,2520.00,2628.675020,2884.028106,bear_trend,129.25,207.950000,0.621544,small_range
2020-03-30,ES,2613.00,2627.182161,2873.399553,bear_trend,176.75,206.587500,0.855570,normal_range
2020-03-31,ES,2563.00,2621.069574,2861.227022,bear_trend,80.00,202.387500,0.395281,small_range
2020-04-01,ES,2457.00,2605.443900,2845.374981,bear_trend,128.00,201.175000,0.636262,small_range
2020-04-02,ES,2516.25,2596.949243,2832.468119,bear_trend,100.25,200.325000,0.500437,small_range
2020-04-03,ES,2480.25,2585.835030,2818.655644,bear_trend,80.50,197.400000,0.407801,small_range
2020-04-06,ES,2647.50,2591.707884,2811.943658,range,183.75,194.375000,0.945338,normal_range
2020-04-07,ES,2637.25,2596.045228,2805.092926,range,126.50,191.225000,0.661524,small_range
2020-04-08,ES,2739.50,2609.707588,2802.520655,range,131.75,189.112500,0.696675,small_range
2020-04-09,ES,2787.00,2626.592579,2801.912002,range,108.50,177.962500,0.609679,small_range
2020-04-13,ES,2760.25,2639.321857,2800.278198,range,108.50,167.675000,0.647085,small_range
2020-04-14,ES,2844.50,2658.862633,2802.012386,range,93.50,156.612500,0.597015,small_range
2020-04-15,ES,2768.75,2669.328096,2800.707979,range,94.25,151.787500,0.620934,small_range
2020-04-16,ES,2829.75,2684.606373,2801.846882,range,85.50,144.850000,0.590266,small_range
2020-04-17,ES,2869.00,2702.167671,2804.480337,range,64.00,138.800000,0.461095,small_range
2020-04-20,ES,2811.50,2712.580274,2804.755618,range,71.25,130.412500,0.546343,small_range
2020-04-21,ES,2733.25,2714.548819,2801.951476,range,116.00,125.612500,0.923475,normal_range
2020-04-22,ES,2790.00,2721.734646,2801.482791,range,90.75,118.625000,0.765016,small_range
2020-04-23,ES,2781.75,2727.450394,2800.708956,range,64.00,113.087500,0.565933,small_range
2020-04-24,ES,2828.00,2737.026547,2801.779193,range,79.75,105.900000,0.753069,small_range
2020-04-27,ES,2867.00,2749.404971,2804.336872,range,68.50,102.862500,0.665938,small_range
2020-04-28,ES,2860.50,2759.985450,2806.539347,range,62.50,97.150000,0.643335,small_range
2020-04-29,ES,2958.50,2778.891597,2812.498589,range,99.00,98.112500,1.009046,normal_range
2020-04-30,ES,2882.50,2788.759064,2815.243742,range,87.00,96.025000,0.906014,normal_range
2020-05-01,ES,2817.00,2791.448677,2815.312615,range,68.00,94.550000,0.719196,small_range
2020-05-04,ES,2827.50,2794.882137,2815.790551,range,64.75,93.762500,0.690575,small_range
2020-05-05,ES,2859.75,2801.060028,2817.514451,range,65.25,87.612500,0.744757,small_range
2020-05-06,ES,2834.00,2804.197168,2818.160944,range,54.25,84.000000,0.645833,small_range
2020-05-07,ES,2882.75,2811.678391,2820.693848,range,72.00,81.012500,0.888752,normal_range
2020-05-08,ES,2930.50,2822.994734,2824.999971,range,53.25,78.250000,0.680511,small_range
2020-05-11,ES,2919.00,2832.138093,2828.686247,bull_trend,57.25,75.687500,0.756400,small_range
2020-05-12,ES,2839.25,2832.815417,2829.100512,bull_trend,101.25,76.075000,1.330923,large_range
2020-05-13,ES,2819.00,2831.499663,2828.704413,range,90.75,75.900000,1.195652,normal_range
2020-05-14,ES,2848.00,2833.071124,2829.461103,bull_trend,93.50,76.300000,1.225426,large_range
2020-05-15,ES,2854.75,2835.135779,2830.452824,bull_trend,54.00,75.800000,0.712401,small_range
2020-05-18,ES,2944.50,2845.551419,2834.925263,bull_trend,114.75,77.975000,1.471626,large_range
2020-05-19,ES,2917.00,2852.356046,2838.143880,bull_trend,62.00,75.275000,0.823647,normal_range
2020-05-20,ES,2971.50,2863.703089,2843.373532,bull_trend,67.25,74.100000,0.907557,normal_range
2020-05-21,ES,2936.50,2870.636128,2847.025550,bull_trend,40.50,72.925000,0.555365,small_range
2020-05-22,ES,2956.25,2878.789830,2851.308862,bull_trend,53.75,71.625000,0.750436,small_range
2020-05-25,ES,2989.50,2889.333656,2856.728122,bull_trend,42.50,70.325000,0.604337,small_range
2020-05-26,ES,2995.00,2899.397117,2862.150549,bull_trend,39.00,69.150000,0.563991,small_range
2020-05-27,ES,3037.00,2912.502154,2869.007390,bull_trend,74.00,67.887500,1.090039,normal_range
2020-05-28,ES,3037.25,2924.382901,2875.605139,bull_trend,46.00,65.837500,0.698690,small_range
2020-05-29,ES,3057.25,2937.036910,2882.728467,bull_trend,66.25,65.612500,1.009716,normal_range
2020-06-01,ES,3053.50,2948.128633,2889.425390,bull_trend,51.00,64.925000,0.785522,small_range
2020-06-02,ES,3078.00,2960.497335,2896.820473,bull_trend,44.00,63.862500,0.688980,small_range
2020-06-03,ES,3117.75,2975.473779,2905.484376,bull_trend,55.25,63.912500,0.864463,normal_range
2020-06-04,ES,3113.75,2988.642943,2913.651655,bull_trend,39.25,62.275000,0.630269,small_range
2020-06-05,ES,3185.25,3007.367425,2924.302571,bull_trend,104.00,64.812500,1.604629,large_range
2020-06-08,ES,3226.75,3028.261003,2936.163254,bull_trend,48.00,64.350000,0.745921,small_range
2020-06-09,ES,3205.25,3045.117098,2946.715676,bull_trend,41.00,61.337500,0.668433,small_range
2020-06-10,ES,3184.00,3058.344041,2956.020943,bull_trend,47.50,59.175000,0.802704,normal_range
2020-06-11,ES,3013.75,3054.096990,2958.284828,range,192.25,64.112500,2.998635,large_range
2020-06-12,ES,3035.75,3052.349657,2961.322678,range,105.75,66.700000,1.585457,large_range
2020-06-15,ES,3065.50,3053.602071,2965.408063,bull_trend,144.50,68.187500,2.119157,large_range
2020-06-16,ES,3116.00,3059.544731,2971.313629,bull_trend,96.00,69.887500,1.373636,large_range
2020-06-17,ES,3106.50,3064.016661,2976.615055,bull_trend,52.50,69.150000,0.759219,small_range
2020-06-18,ES,3099.25,3067.372217,2981.424269,bull_trend,55.50,69.900000,0.793991,small_range
2020-06-19,ES,3057.75,3066.455816,2984.417435,range,88.00,71.612500,1.228836,large_range
2020-06-22,ES,3110.00,3070.602881,2989.342241,bull_trend,87.00,73.837500,1.178263,normal_range
2020-06-23,ES,3112.75,3074.616892,2994.181761,bull_trend,85.75,76.175000,1.125697,normal_range
2020-06-24,ES,3050.00,3072.272426,2996.370712,range,108.75,77.912500,1.395797,large_range
2020-06-25,ES,3073.50,3072.389338,2999.395390,bull_trend,74.50,79.337500,0.939026,normal_range
2020-06-26,ES,3003.00,3065.780830,2999.536747,range,89.50,80.500000,1.111801,normal_range
2020-06-29,ES,3046.00,3063.896941,3001.358835,range,67.75,81.337500,0.832949,normal_range
2020-06-30,ES,3084.75,3065.882947,3004.629077,bull_trend,71.00,82.687500,0.858655,normal_range
2020-07-01,ES,3100.75,3069.203618,3008.398525,bull_trend,55.00,82.675000,0.665256,small_range
2020-07-02,ES,3125.75,3074.588988,3013.000544,bull_trend,61.00,83.762500,0.728250,small_range
2020-07-03,ES,3115.50,3078.485275,3017.020130,bull_trend,33.00,80.212500,0.411407,small_range
2020-07-06,ES,3168.50,3087.058106,3022.960517,bull_trend,53.25,80.762500,0.659341,small_range
2020-07-07,ES,3135.50,3091.671620,3027.373830,bull_trend,51.50,81.287500,0.633554,small_range
2020-07-08,ES,3165.00,3098.655275,3032.770935,bull_trend,40.75,80.950000,0.503397,small_range
2020-07-09,ES,3141.75,3102.759534,3037.044624,bull_trend,65.50,74.612500,0.877869,normal_range
2020-07-10,ES,3179.50,3110.068150,3042.631109,bull_trend,69.75,72.812500,0.957940,normal_range
2020-07-13,ES,3148.50,3113.728326,3046.782830,bull_trend,85.75,69.875000,1.227191,large_range
2020-07-14,ES,3184.00,3120.420867,3052.163896,bull_trend,73.25,68.737500,1.065648,normal_range
2020-07-15,ES,3221.25,3130.023641,3058.794723,bull_trend,41.25,68.575000,0.601531,small_range
2020-07-16,ES,3196.75,3136.378533,3064.204734,bull_trend,40.00,67.800000,0.589971,small_range
2020-07-17,ES,3213.75,3143.747244,3070.069255,bull_trend,30.50,64.925000,0.469773,small_range
2020-07-20,ES,3243.75,3153.271316,3076.880264,bull_trend,60.25,63.587500,0.947513,normal_range
2020-07-21,ES,3249.75,3162.459762,3083.659469,bull_trend,34.00,61.000000,0.557377,small_range
2020-07-22,ES,3266.75,3172.392166,3090.839490,bull_trend,44.50,57.787500,0.770063,small_range
2020-07-23,ES,3229.50,3177.831007,3096.277157,bull_trend,70.25,57.575000,1.220148,large_range
2020-07-24,ES,3203.50,3180.275673,3100.481975,bull_trend,47.50,55.475000,0.856242,normal_range
2020-07-27,ES,3234.50,3185.439895,3105.737584,bull_trend,43.00,54.237500,0.792809,small_range
2020-07-28,ES,3213.00,3188.064667,3109.943953,bull_trend,38.75,52.625000,0.736342,small_range
2020-07-29,ES,3256.25,3194.558508,3115.681445,bull_trend,52.75,52.512500,1.004523,normal_range
2020-07-30,ES,3267.75,3201.529126,3121.644918,bull_trend,74.00,53.162500,1.391959,large_range
2020-07-31,ES,3269.50,3208.002543,3127.443156,bull_trend,61.25,54.575000,1.122309,normal_range
2020-08-03,ES,3289.25,3215.740396,3133.788523,bull_trend,40.75,53.662500,0.759376,small_range
2020-08-04,ES,3299.25,3223.693691,3140.277208,bull_trend,29.50,52.562500,0.561237,small_range
2020-08-05,ES,3317.75,3232.651435,3147.236925,bull_trend,31.25,52.087500,0.599952,small_range
2020-08-06,ES,3344.00,3243.256060,3154.953124,bull_trend,45.00,51.062500,0.881273,normal_range
2020-08-07,ES,3347.25,3253.160245,3162.494178,bull_trend,25.50,48.850000,0.522006,small_range
2020-08-10,ES,3352.50,3262.621174,3169.945387,bull_trend,28.25,45.975000,0.614464,small_range
2020-08-11,ES,3336.25,3269.633443,3176.467136,bull_trend,59.50,45.287500,1.313828,large_range
2020-08-12,ES,3369.00,3279.096925,3184.017445,bull_trend,56.25,45.637500,1.232539,large_range
2020-08-13,ES,3369.50,3287.706741,3191.291271,bull_trend,24.50,44.862500,0.546113,small_range
2020-08-14,ES,3363.75,3294.948957,3198.054358,bull_trend,30.50,44.862500,0.679855,small_range
2020-08-17,ES,3379.25,3302.977627,3205.160069,bull_trend,18.00,42.800000,0.420561,small_range
2020-08-18,ES,3388.25,3311.098806,3212.340067,bull_trend,25.50,42.375000,0.601770,small_range
2020-08-19,ES,3369.00,3316.613205,3218.483593,bull_trend,30.25,41.662500,0.726073,small_range
2020-08-20,ES,3383.25,3322.959567,3224.945021,bull_trend,42.25,40.262500,1.049364,normal_range
2020-08-21,ES,3391.50,3329.487227,3231.476589,bull_trend,39.50,39.862500,0.990906,normal_range
2020-08-24,ES,3426.75,3338.750348,3239.134370,bull_trend,36.00,39.612500,0.908804,normal_range
2020-08-25,ES,3444.50,3348.821744,3247.187924,bull_trend,27.00,39.025000,0.691864,small_range
2020-08-26,ES,3480.00,3361.314911,3256.317809,bull_trend,46.75,38.725000,1.207230,large_range
2020-08-27,ES,3487.75,3373.356348,3265.393581,bull_trend,33.50,36.700000,0.912807,normal_range
2020-08-28,ES,3506.75,3386.060505,3274.858539,bull_trend,28.75,35.075000,0.819672,normal_range
2020-08-31,ES,3494.00,3396.340457,3283.452322,bull_trend,34.50,34.762500,0.992449,normal_range
2020-09-01,ES,3529.50,3409.022318,3293.101250,bull_trend,45.75,35.575000,1.286015,large_range
2020-09-02,ES,3577.25,3425.044002,3304.244339,bull_trend,60.75,37.050000,1.639676,large_range
2020-09-03,ES,3462.50,3428.611240,3310.450443,bull_trend,162.00,42.900000,3.776224,large_range
2020-09-04,ES,3415.00,3427.314932,3314.550426,range,136.50,48.450000,2.817337,large_range
2020-09-07,ES,3433.00,3427.856367,3319.195507,bull_trend,58.25,49.950000,1.166166,normal_range
2020-09-08,ES,3335.75,3419.084332,3319.844703,range,119.50,52.950000,2.256846,large_range
2020-09-09,ES,3395.25,3416.814395,3322.801773,range,128.50,56.562500,2.271823,large_range
2020-09-10,ES,3341.75,3409.665405,3323.544841,range,97.00,60.187500,1.611630,large_range
2020-09-11,ES,3337.25,3402.768700,3324.082298,range,66.25,61.975000,1.068979,normal_range
2020-09-14,ES,3368.50,3399.505014,3325.824169,range,47.00,63.787500,0.736821,small_range
2020-09-15,ES,3395.00,3399.075965,3328.536947,range,42.75,64.650000,0.661253,small_range
2020-09-16,ES,3380.50,3397.306826,3330.574713,range,45.75,65.425000,0.699274,small_range
2020-09-17,ES,3347.50,3392.563319,3331.238450,range,76.25,67.125000,1.135940,normal_range
2020-09-18,ES,3317.25,3385.390622,3330.689883,range,82.25,69.262500,1.187511,normal_range
2020-09-21,ES,3273.75,3374.758181,3328.456947,range,108.50,72.787500,1.490641,large_range
2020-09-22,ES,3300.75,3367.709783,3327.370400,range,53.00,74.087500,0.715370,small_range
2020-09-23,ES,3231.00,3354.689804,3323.591168,range,98.75,76.687500,1.287694,large_range
2020-09-24,ES,3240.75,3343.838394,3320.342495,range,70.25,78.525000,0.894620,normal_range
2020-09-25,ES,3285.50,3338.282356,3318.976123,range,89.75,81.575000,1.100215,normal_range
2020-09-28,ES,3348.75,3339.279275,3320.143726,bull_trend,63.75,83.137500,0.766802,small_range
2020-09-29,ES,3329.75,3338.371725,3320.520443,range,46.50,83.175000,0.559062,small_range
2020-09-30,ES,3338.50,3338.383942,3321.225523,bull_trend,92.75,84.775000,1.094073,normal_range
2020-10-01,ES,3368.00,3341.204519,3323.059816,bull_trend,44.75,79.150000,0.565382,small_range
2020-10-02,ES,3345.50,3341.613612,3323.939824,bull_trend,75.25,76.087500,0.988993,normal_range
2020-10-05,ES,3392.25,3346.436125,3326.618654,bull_trend,53.50,75.900000,0.704875,small_range
2020-10-06,ES,3334.00,3345.251732,3326.908119,range,91.25,74.487500,1.225038,large_range
2020-10-07,ES,3407.75,3351.203948,3330.078388,bull_trend,84.50,72.287500,1.168943,normal_range
2020-10-08,ES,3446.25,3360.255953,3334.634138,bull_trend,41.75,69.525000,0.600503,small_range
2020-10-09,ES,3476.50,3371.326815,3340.197505,bull_trend,34.75,67.950000,0.511405,small_range
2020-10-12,ES,3531.75,3386.605213,3347.709368,bull_trend,76.75,69.025000,1.111916,normal_range
2020-10-13,ES,3501.75,3397.571384,3353.750177,bull_trend,44.25,69.100000,0.640376,small_range
2020-10-14,ES,3479.50,3405.374109,3358.681542,bull_trend,52.00,69.412500,0.749145,small_range
2020-10-15,ES,3476.00,3412.100384,3363.282266,bull_trend,55.00,68.350000,0.804682,normal_range
2020-10-16,ES,3464.75,3417.114633,3367.261393,bull_trend,47.25,66.600000,0.709459,small_range
2020-10-19,ES,3433.75,3418.698954,3369.868789,bull_trend,85.75,65.462500,1.309910,large_range
2020-10-20,ES,3428.00,3419.584768,3372.148445,bull_trend,51.00,65.362500,0.780264,small_range
2020-10-21,ES,3431.50,3420.719552,3374.475957,bull_trend,37.50,62.300000,0.601926,small_range
2020-10-22,ES,3450.50,3423.555785,3377.457292,bull_trend,50.50,61.312500,0.823649,normal_range
2020-10-23,ES,3452.75,3426.336186,3380.409947,bull_trend,31.00,58.375000,0.531049,small_range
2020-10-26,ES,3394.75,3423.327978,3380.972302,range,90.25,59.925000,1.506049,large_range
2020-10-27,ES,3368.50,3418.106266,3380.483192,range,41.75,59.687500,0.699476,small_range
2020-10-28,ES,3274.75,3404.453288,3376.336792,range,109.50,60.525000,1.809170,large_range
2020-10-29,ES,3275.50,3392.172023,3372.382408,range,83.50,62.225000,1.341904,large_range
2020-10-30,ES,3278.25,3381.322306,3368.690941,range,71.25,62.025000,1.148730,normal_range
2020-11-02,ES,3303.50,3373.910658,3366.134434,range,80.25,63.312500,1.267522,large_range
2020-11-03,ES,3360.00,3372.585834,3365.893868,range,81.50,62.825000,1.297254,large_range
2020-11-04,ES,3441.00,3379.101468,3368.839206,bull_trend,161.00,66.650000,2.415604,large_range
2020-11-05,ES,3511.75,3391.734662,3374.443551,bull_trend,94.25,69.275000,1.360520,large_range
2020-11-06,ES,3510.00,3402.998027,3379.759490,bull_trend,62.25,70.650000,0.881104,normal_range
2020-11-09,ES,3547.00,3416.712501,3386.317942,bull_trend,152.25,74.712500,2.037812,large_range
2020-11-10,ES,3545.75,3429.001787,3392.570179,bull_trend,56.25,75.312500,0.746888,small_range
2020-11-11,ES,3573.50,3442.763521,3399.665466,bull_trend,45.75,75.000000,0.610000,small_range
2020-11-12,ES,3538.75,3451.905091,3405.119762,bull_trend,61.50,75.325000,0.816462,normal_range
2020-11-13,ES,3582.00,3464.295082,3412.056242,bull_trend,72.00,76.562500,0.940408,normal_range
2020-11-16,ES,3628.25,3479.909836,3420.534428,bull_trend,50.50,75.025000,0.673109,small_range
2020-11-17,ES,3604.00,3491.727947,3427.729157,bull_trend,45.75,74.762500,0.611938,small_range
2020-11-18,ES,3560.00,3498.230047,3432.916249,bull_trend,66.75,76.225000,0.875697,normal_range
2020-11-19,ES,3562.25,3504.327186,3437.988160,bull_trend,40.50,75.725000,0.534830,small_range
2020-11-20,ES,3551.50,3508.819835,3442.439605,bull_trend,39.75,76.162500,0.521910,small_range
2020-11-23,ES,3576.00,3515.217946,3447.677268,bull_trend,42.50,73.450000,0.578625,small_range
2020-11-24,ES,3638.25,3526.935284,3455.150708,bull_trend,64.75,74.600000,0.867962,normal_range
2020-11-25,ES,3629.00,3536.655733,3461.968327,bull_trend,39.75,71.112500,0.558973,small_range
2020-11-26,ES,3617.75,3544.378997,3468.077413,bull_trend,25.50,68.212500,0.373832,small_range
2020-11-27,ES,3637.00,3553.200045,3474.701828,bull_trend,30.00,66.150000,0.453515,small_range
2020-11-30,ES,3632.50,3560.752421,3480.889991,bull_trend,59.75,65.125000,0.917466,normal_range
2020-12-01,ES,3660.00,3570.204572,3487.913913,bull_trend,51.50,63.625000,0.809430,normal_range
2020-12-02,ES,3670.25,3579.732708,3495.064348,bull_trend,30.50,57.100000,0.534151,small_range
2020-12-03,ES,3667.50,3588.091497,3501.826530,bull_trend,26.75,53.725000,0.497906,small_range
2020-12-04,ES,3690.25,3597.820879,3509.215686,bull_trend,34.50,52.337500,0.659183,small_range
2020-12-07,ES,3681.50,3605.790319,3515.971934,bull_trend,32.75,46.075000,0.710798,small_range
2020-12-08,ES,3703.00,3615.048384,3523.306368,bull_trend,43.75,45.450000,0.962596,normal_range
2020-12-09,ES,3671.25,3620.400919,3529.108079,bull_trend,55.25,45.925000,1.203048,large_range
2020-12-10,ES,3666.25,3624.767498,3534.486193,bull_trend,37.25,44.712500,0.833100,normal_range
2020-12-11,ES,3660.00,3628.122974,3539.408303,bull_trend,46.50,43.437500,1.070504,normal_range
2020-12-14,ES,3644.50,3629.682691,3543.529546,bull_trend,54.00,43.387500,1.244598,large_range
2020-12-15,ES,3686.75,3635.117673,3549.146035,bull_trend,52.25,43.712500,1.195310,normal_range
2020-12-16,ES,3693.75,3640.701704,3554.816779,bull_trend,24.50,41.600000,0.588942,small_range
2020-12-17,ES,3714.50,3647.730113,3561.078866,bull_trend,25.50,40.850000,0.624235,small_range
2020-12-18,ES,3716.50,3654.279626,3567.173812,bull_trend,45.75,41.150000,1.111786,normal_range
2020-12-21,ES,3684.25,3657.133947,3571.765035,bull_trend,128.00,45.425000,2.817832,large_range
2020-12-22,ES,3674.75,3658.811667,3575.803661,bull_trend,31.25,43.750000,0.714286,small_range
2020-12-23,ES,3685.00,3661.305794,3580.085871,bull_trend,50.75,44.300000,1.145598,normal_range
2020-12-24,ES,3692.75,3664.300480,3584.504072,bull_trend,17.50,43.900000,0.398633,small_range
2020-12-28,ES,3729.50,3670.509958,3590.190187,bull_trend,56.25,45.212500,1.244125,large_range
2020-12-29,ES,3724.25,3675.628057,3595.447434,bull_trend,33.25,43.887500,0.757619,small_range
2020-12-30,ES,3724.75,3680.306338,3600.518123,bull_trend,21.75,42.400000,0.512972,small_range
2020-12-31,ES,3748.75,3686.824782,3606.331138,bull_trend,38.00,42.775000,0.888369,normal_range
2021-01-04,ES,3696.00,3687.698612,3609.847564,bull_trend,120.75,47.475000,2.543444,large_range
2021-01-05,ES,3717.50,3690.536839,3614.069228,bull_trend,56.75,48.587500,1.167996,normal_range
2021-01-06,ES,3749.25,3696.128569,3619.370435,bull_trend,89.25,51.412500,1.735959,large_range
2021-01-07,ES,3796.00,3705.640134,3626.297084,bull_trend,62.00,52.325000,1.184902,normal_range
2021-01-08,ES,3822.00,3716.722026,3633.971708,bull_trend,49.50,52.037500,0.951237,normal_range
2021-01-11,ES,3791.75,3723.867547,3640.159092,bull_trend,44.25,52.450000,0.843661,normal_range
2021-01-12,ES,3792.50,3730.403971,3646.133246,bull_trend,38.75,52.062500,0.744298,small_range
2021-01-13,ES,3805.75,3737.579784,3652.392726,bull_trend,37.00,51.212500,0.722480,small_range
2021-01-14,ES,3789.75,3742.548376,3657.779286,bull_trend,31.50,50.175000,0.627803,small_range
2021-01-15,ES,3746.25,3742.900911,3661.248726,bull_trend,56.25,51.762500,1.086694,normal_range
2021-01-18,ES,3768.50,3745.338920,3665.454658,bull_trend,28.50,51.912500,0.549001,small_range
2021-01-19,ES,3794.00,3749.973308,3670.495652,bull_trend,29.25,51.087500,0.572547,small_range
2021-01-20,ES,3840.25,3758.571088,3677.152685,bull_trend,64.00,47.887500,1.336466,large_range
2021-01-21,ES,3846.50,3766.945271,3683.793756,bull_trend,23.25,47.487500,0.489603,small_range
2021-01-22,ES,3830.00,3772.950483,3689.527334,bull_trend,35.75,46.737500,0.764910,small_range
2021-01-25,ES,3847.00,3780.002818,3695.702733,bull_trend,64.75,49.100000,1.318737,large_range
2021-01-26,ES,3846.50,3786.335883,3701.616351,bull_trend,40.75,48.325000,0.843249,normal_range
2021-01-27,ES,3733.75,3781.327703,3702.876495,range,146.50,53.987500,2.713591,large_range
2021-01-28,ES,3768.00,3780.058398,3705.430357,range,120.00,58.900000,2.037351,large_range
2021-01-29,ES,3696.50,3772.100456,3705.080147,range,91.75,61.587500,1.489750,large_range
2021-02-01,ES,3763.75,3771.305174,3707.380926,range,120.50,61.575000,1.956963,large_range
2021-02-02,ES,3828.25,3776.728491,3712.120890,bull_trend,75.75,62.525000,1.211515,large_range
2021-02-03,ES,3832.50,3782.040063,3716.841639,bull_trend,35.75,59.850000,0.597327,small_range
2021-02-04,ES,3866.50,3790.083867,3722.710594,bull_trend,58.50,59.675000,0.980310,normal_range
2021-02-05,ES,3884.75,3799.099689,3729.065081,bull_trend,28.25,58.612500,0.481979,small_range
2021-02-08,ES,3910.50,3809.709242,3736.180176,bull_trend,25.75,57.662500,0.446564,small_range
2021-02-09,ES,3910.75,3819.332172,3743.026051,bull_trend,18.25,56.637500,0.322225,small_range
2021-02-10,ES,3908.25,3827.800536,3749.505422,bull_trend,50.25,57.300000,0.876963,normal_range
2021-02-11,ES,3905.75,3835.224295,3755.632660,bull_trend,36.00,57.525000,0.625815,small_range
2021-02-12,ES,3935.75,3844.798171,3762.696085,bull_trend,46.00,57.012500,0.806841,normal_range
2021-02-15,ES,3950.50,3854.865012,3770.060945,bull_trend,17.25,56.450000,0.305580,small_range
2021-02-16,ES,3929.25,3861.949297,3776.303653,bull_trend,40.50,57.012500,0.710371,small_range
2021-02-17,ES,3927.00,3868.144602,3782.213313,bull_trend,35.75,55.600000,0.642986,small_range
2021-02-18,ES,3910.75,3872.202259,3787.253968,bull_trend,55.50,57.212500,0.970068,normal_range
2021-02-19,ES,3899.25,3874.778234,3791.645969,bull_trend,40.75,57.462500,0.709158,small_range
2021-02-22,ES,3877.50,3875.037450,3795.012794,bull_trend,53.25,56.887500,0.936058,normal_range
2021-02-23,ES,3876.00,3875.129121,3798.188763,bull_trend,91.25,59.412500,1.535872,large_range
2021-02-24,ES,3923.50,3879.735872,3803.102929,bull_trend,76.00,55.887500,1.359875,large_range
2021-02-25,ES,3822.00,3874.237217,3803.843990,range,124.25,56.100000,2.214795,large_range
2021-02-26,ES,3807.75,3867.905101,3803.997167,range,73.50,55.187500,1.331823,large_range
2021-03-01,ES,3903.25,3871.271282,3807.889435,bull_trend,99.50,54.375000,1.829885,large_range
2021-03-02,ES,3866.75,3870.840684,3810.197693,range,41.00,52.637500,0.778912,small_range
2021-03-03,ES,3815.00,3865.522524,3810.386018,range,85.00,55.100000,1.542650,large_range
2021-03-04,ES,3766.75,3856.115617,3808.674802,range,121.75,58.262500,2.089680,large_range
2021-03-05,ES,3840.50,3854.628415,3809.922849,range,121.50,62.925000,1.930870,large_range
2021-03-08,ES,3829.50,3852.235233,3810.690580,range,82.50,65.725000,1.255230,large_range
2021-03-09,ES,3871.75,3854.093782,3813.085067,bull_trend,75.00,68.562500,1.093892,normal_range
2021-03-10,ES,3907.75,3859.203898,3816.797418,bull_trend,60.00,69.050000,0.868936,normal_range
2021-03-11,ES,3935.00,3866.422574,3821.432813,bull_trend,65.50,70.525000,0.928749,normal_range
2021-03-12,ES,3941.75,3873.596615,3826.151134,bull_trend,37.25,70.087500,0.531479,small_range
2021-03-15,ES,3956.75,3881.515985,3831.272658,bull_trend,47.25,71.587500,0.660031,small_range
2021-03-16,ES,3957.50,3888.752558,3836.222750,bull_trend,28.00,70.962500,0.394575,small_range
2021-03-17,ES,3961.25,3895.657076,3841.125780,bull_trend,48.50,71.600000,0.677374,small_range
2021-03-18,ES,3910.50,3897.070688,3843.846337,bull_trend,78.00,72.725000,1.072534,normal_range
2021-03-19,ES,3896.75,3897.040146,3845.920991,range,48.50,73.112500,0.663361,small_range
2021-03-22,ES,3932.75,3900.441085,3849.326050,bull_trend,59.50,73.425000,0.810351,normal_range
2021-03-23,ES,3903.75,3900.756219,3851.460322,bull_trend,48.25,71.275000,0.676955,small_range
2021-03-24,ES,3882.75,3899.041341,3852.687369,range,54.00,70.175000,0.769505,small_range
2021-03-25,ES,3907.25,3899.823118,3854.827080,bull_trend,66.25,67.275000,0.984764,normal_range
2021-03-26,ES,3962.25,3905.768536,3859.039743,bull_trend,67.25,66.962500,1.004293,normal_range
2021-03-29,ES,3963.00,3911.219151,3863.116616,bull_trend,42.50,63.875000,0.665362,small_range
2021-03-30,ES,3949.50,3914.864946,3866.504200,bull_trend,34.75,63.562500,0.546706,small_range
2021-03-31,ES,3966.25,3919.758761,3870.415800,bull_trend,42.25,61.425000,0.687831,small_range
2021-04-01,ES,4014.25,3928.757927,3876.056357,bull_trend,50.75,57.875000,0.876890,normal_range
2021-04-02,ES,4027.25,3938.138124,3881.985519,bull_trend,25.50,53.075000,0.480452,small_range
2021-04-05,ES,4070.25,3950.720208,3889.368440,bull_trend,52.75,51.587500,1.022535,normal_range
2021-04-06,ES,4066.50,3961.746854,3896.314776,bull_trend,23.75,49.025000,0.484447,small_range
2021-04-07,ES,4075.25,3972.556678,3903.331843,bull_trend,19.00,46.975000,0.404470,small_range
2021-04-08,ES,4098.00,3984.503661,3910.965889,bull_trend,26.00,45.000000,0.577778,small_range
2021-04-09,ES,4114.00,3996.836646,3918.928011,bull_trend,40.50,45.162500,0.896762,normal_range
2021-04-12,ES,4122.50,4008.804584,3926.911226,bull_trend,20.00,43.800000,0.456621,small_range
2021-04-13,ES,4134.25,4020.751767,3935.042158,bull_trend,38.50,44.325000,0.868584,normal_range
2021-04-14,ES,4123.25,4030.513503,3942.422858,bull_trend,31.00,43.450000,0.713464,small_range
2021-04-15,ES,4162.50,4043.083646,3951.053334,bull_trend,47.00,41.900000,1.121718,normal_range
2021-04-16,ES,4172.25,4055.385203,3959.727713,bull_trend,29.25,40.937500,0.714504,small_range
2021-04-19,ES,4156.50,4065.015184,3967.444273,bull_trend,33.00,39.612500,0.833070,normal_range
2021-04-20,ES,4120.25,4070.275643,3973.436655,bull_trend,56.75,40.037500,1.417421,large_range
2021-04-21,ES,4156.75,4078.511296,3980.625413,bull_trend,54.25,40.050000,1.354557,large_range
2021-04-22,ES,4130.00,4083.414982,3986.483240,bull_trend,56.50,39.562500,1.428120,large_range
2021-04-23,ES,4166.00,4091.280222,3993.523113,bull_trend,59.25,39.162500,1.512927,large_range
2021-04-26,ES,4181.25,4099.848772,4000.884952,bull_trend,22.25,38.150000,0.583224,small_range
2021-04-27,ES,4180.25,4107.506032,4007.918875,bull_trend,25.75,37.700000,0.683024,small_range
2021-04-28,ES,4184.75,4114.862600,4014.853429,bull_trend,21.00,36.637500,0.573183,small_range
2021-04-29,ES,4200.00,4122.970924,4022.114079,bull_trend,43.00,36.250000,1.186207,normal_range
2021-04-30,ES,4180.50,4128.449884,4028.325292,bull_trend,34.25,36.687500,0.933560,normal_range
2021-05-03,ES,4183.50,4133.692752,4034.410574,bull_trend,21.50,35.150000,0.611664,small_range
2021-05-04,ES,4158.25,4136.031537,4039.267022,bull_trend,65.00,37.212500,1.746725,large_range
2021-05-05,ES,4158.25,4138.147581,4043.933022,bull_trend,27.00,37.612500,0.717846,small_range
2021-05-06,ES,4196.25,4143.681145,4049.906236,bull_trend,56.75,39.150000,1.449553,large_range
2021-05-07,ES,4226.75,4151.592465,4056.841286,bull_trend,40.50,39.150000,1.034483,normal_range
2021-05-10,ES,4175.75,4153.893182,4061.504373,bull_trend,66.25,41.462500,1.597829,large_range
2021-05-11,ES,4140.00,4152.570022,4064.582633,range,81.75,43.625000,1.873926,large_range
2021-05-12,ES,4052.00,4142.991925,4064.089196,range,99.50,47.050000,2.114772,large_range
2021-05-13,ES,4110.75,4139.921265,4065.919032,range,97.50,49.575000,1.966717,large_range
2021-05-14,ES,4173.25,4143.095430,4070.128089,bull_trend,73.00,51.762500,1.410287,large_range
2021-05-17,ES,4160.50,4144.753008,4073.672086,bull_trend,42.25,52.225000,0.809000,normal_range
2021-05-18,ES,4114.75,4141.895579,4075.282984,range,68.00,52.787500,1.288184,large_range
2021-05-19,ES,4107.75,4138.643619,4076.556201,range,67.50,53.450000,1.262862,large_range
2021-05-20,ES,4152.00,4139.915655,4079.514781,bull_trend,84.75,54.862500,1.544771,large_range
2021-05-21,ES,4157.75,4141.614164,4082.582829,bull_trend,38.00,53.800000,0.706320,small_range
2021-05-24,ES,4199.25,4147.103292,4087.158012,bull_trend,63.75,55.875000,1.140940,normal_range
2021-05-25,ES,4188.50,4151.045835,4091.132208,bull_trend,33.50,56.262500,0.595423,small_range
2021-05-26,ES,4193.75,4155.112899,4095.156435,bull_trend,23.75,56.400000,0.421099,small_range
2021-05-27,ES,4211.25,4160.459289,4099.709124,bull_trend,33.75,55.937500,0.603352,small_range
2021-05-28,ES,4203.25,4164.534595,4103.769550,bull_trend,16.50,55.050000,0.299728,small_range
2021-05-31,ES,4191.25,4167.078919,4107.200156,bull_trend,20.25,54.962500,0.368433,small_range
2021-06-01,ES,4198.50,4170.071403,4110.780542,bull_trend,38.25,53.650000,0.712954,small_range
2021-06-02,ES,4206.75,4173.564603,4114.544050,bull_trend,24.25,53.512500,0.453165,small_range
2021-06-03,ES,4191.25,4175.248926,4117.552127,bull_trend,48.00,53.075000,0.904381,normal_range
2021-06-04,ES,4227.75,4180.249029,4121.873612,bull_trend,55.00,53.800000,1.022305,normal_range
2021-06-07,ES,4227.25,4184.725312,4126.006019,bull_trend,18.50,51.412500,0.359835,small_range
2021-06-08,ES,4225.25,4188.584806,4129.897940,bull_trend,31.00,48.875000,0.634271,small_range
2021-06-09,ES,4222.25,4191.791015,4133.519589,bull_trend,18.00,44.800000,0.401786,small_range
2021-06-10,ES,4238.50,4196.239490,4137.636468,bull_trend,42.00,42.025000,0.999405,normal_range
2021-06-11,ES,4245.00,4200.883348,4141.846803,bull_trend,17.00,39.225000,0.433397,small_range
2021-06-14,ES,4246.25,4205.203981,4145.941046,bull_trend,28.00,38.512500,0.727037,small_range
2021-06-15,ES,4237.50,4208.279793,4149.531593,bull_trend,30.00,36.612500,0.819392,normal_range
2021-06-16,ES,4202.50,4207.729336,4151.608786,range,51.25,35.800000,1.431564,large_range
2021-06-17,ES,4215.50,4208.469399,4154.114323,bull_trend,39.75,33.550000,1.184799,normal_range
2021-06-18,ES,4141.75,4202.115171,4153.629448,range,79.25,35.612500,2.225342,large_range
2021-06-21,ES,4218.50,4203.675631,4156.173391,bull_trend,93.00,37.075000,2.508429,large_range
2021-06-22,ES,4236.75,4206.825571,4159.333258,bull_trend,39.75,37.387500,1.063190,normal_range
2021-06-23,ES,4233.50,4209.365993,4162.241758,bull_trend,17.75,37.087500,0.478598,small_range
2021-06-24,ES,4262.25,4214.402565,4166.163650,bull_trend,32.00,37.000000,0.864865,normal_range
2021-06-25,ES,4274.50,4220.126130,4170.412134,bull_trend,23.25,37.337500,0.622698,small_range
2021-06-28,ES,4281.25,4225.947451,4174.758717,bull_trend,17.75,37.212500,0.476990,small_range
2021-06-29,ES,4284.25,4231.500075,4179.052493,bull_trend,19.25,36.237500,0.531218,small_range
2021-06-30,ES,4293.50,4237.404829,4183.540630,bull_trend,25.00,36.275000,0.689180,small_range
2021-07-01,ES,4309.50,4244.271036,4188.480213,bull_trend,26.00,35.175000,0.739161,small_range
2021-07-02,ES,4338.75,4253.269033,4194.373146,bull_trend,39.00,34.375000,1.134545,normal_range
2021-07-05,ES,4341.50,4261.671982,4200.142827,bull_trend,13.00,34.100000,0.381232,small_range
2021-07-06,ES,4328.25,4268.012746,4205.166638,bull_trend,42.75,34.687500,1.232432,large_range
2021-07-07,ES,4351.75,4275.987722,4210.915005,bull_trend,33.00,35.437500,0.931217,normal_range
2021-07-08,ES,4310.25,4279.250796,4214.810495,bull_trend,73.00,36.987500,1.973640,large_range
2021-07-09,ES,4362.00,4287.131673,4220.582632,bull_trend,70.75,39.675000,1.783239,large_range
2021-07-12,ES,4375.75,4295.571514,4226.667627,bull_trend,37.50,40.150000,0.933998,normal_range
2021-07-13,ES,4359.25,4301.636131,4231.866936,bull_trend,27.25,40.012500,0.681037,small_range
2021-07-14,ES,4366.25,4307.789833,4237.136860,bull_trend,34.50,39.175000,0.880664,normal_range
2021-07-15,ES,4348.00,4311.619373,4241.484434,bull_trend,37.75,39.075000,0.966091,normal_range
2021-07-16,ES,4318.50,4312.274671,4244.504652,bull_trend,53.75,37.800000,1.421958,large_range
2021-07-19,ES,4261.00,4307.391369,4245.151529,range,96.75,37.987500,2.546890,large_range
2021-07-20,ES,4319.00,4308.496953,4248.047547,bull_trend,76.25,39.812500,1.915228,large_range
2021-07-21,ES,4355.25,4312.949624,4252.251565,bull_trend,45.25,41.187500,1.098634,normal_range
2021-07-22,ES,4371.00,4318.478231,4256.908366,bull_trend,30.00,41.087500,0.730149,small_range
2021-07-23,ES,4399.25,4326.170780,4262.490391,bull_trend,41.00,41.975000,0.976772,normal_range
2021-07-26,ES,4415.00,4334.630706,4268.471160,bull_trend,41.25,43.150000,0.955968,normal_range
2021-07-27,ES,4383.50,4339.284925,4272.982095,bull_trend,51.25,44.750000,1.145251,normal_range
2021-07-28,ES,4392.00,4344.305408,4277.649464,bull_trend,30.25,45.012500,0.672036,small_range
2021-07-29,ES,4397.00,4349.323941,4282.329877,bull_trend,42.00,45.812500,0.916780,normal_range
2021-07-30,ES,4395.25,4353.697851,4286.758117,bull_trend,34.25,45.575000,0.751509,small_range
2021-08-02,ES,4383.75,4356.559960,4290.561720,bull_trend,42.50,47.050000,0.903294,normal_range
2021-08-03,ES,4408.75,4361.530440,4295.196555,bull_trend,51.75,47.500000,1.089474,normal_range
2021-08-04,ES,4396.50,4364.860875,4299.169239,bull_trend,23.75,47.037500,0.504916,small_range
2021-08-05,ES,4421.00,4370.207458,4303.946916,bull_trend,29.00,44.837500,0.646780,small_range
2021-08-06,ES,4430.25,4375.925795,4308.899978,bull_trend,17.25,42.162500,0.409131,small_range
2021-08-09,ES,4427.50,4380.837624,4313.550959,bull_trend,19.75,41.275000,0.478498,small_range
2021-08-10,ES,4429.50,4385.472136,4318.097980,bull_trend,21.75,41.000000,0.530488,small_range
2021-08-11,ES,4441.50,4390.808123,4322.937275,bull_trend,22.50,40.400000,0.556931,small_range
2021-08-12,ES,4456.00,4397.016873,4328.155421,bull_trend,26.00,39.812500,0.653061,small_range
2021-08-13,ES,4459.75,4402.991457,4333.315993,bull_trend,12.25,37.737500,0.324611,small_range
2021-08-16,ES,4472.00,4409.563699,4338.754582,bull_trend,44.00,35.100000,1.253561,large_range
2021-08-17,ES,4437.50,4412.224299,4342.626951,bull_trend,60.50,34.312500,1.763206,large_range
2021-08-18,ES,4388.50,4409.964842,4344.425894,range,68.25,35.462500,1.924568,large_range
2021-08-19,ES,4403.25,4409.325333,4346.732722,range,67.00,37.312500,1.795645,large_range
2021-08-20,ES,4437.50,4412.008635,4350.292223,bull_trend,68.75,38.700000,1.776486,large_range
2021-08-23,ES,4481.25,4418.603051,4355.427822,bull_trend,52.25,39.250000,1.331210,large_range
2021-08-24,ES,4483.75,4424.807522,4360.460064,bull_trend,15.25,37.450000,0.407210,small_range
2021-08-25,ES,4493.50,4431.349663,4365.677317,bull_trend,21.75,37.025000,0.587441,small_range
2021-08-26,ES,4470.00,4435.030647,4369.768402,bull_trend,29.25,36.387500,0.803847,normal_range
2021-08-27,ES,4507.50,4441.932490,4375.169641,bull_trend,47.75,37.062500,1.288364,large_range
2021-08-30,ES,4530.00,4450.319872,4381.241420,bull_trend,33.75,36.625000,0.921502,normal_range
2021-08-31,ES,4528.00,4457.717980,4386.996659,bull_trend,29.75,35.525000,0.837438,normal_range
2021-09-01,ES,4522.75,4463.911505,4392.320319,bull_trend,20.75,35.375000,0.586572,small_range
2021-09-02,ES,4536.50,4470.824695,4397.974424,bull_trend,28.00,35.325000,0.792640,small_range
2021-09-03,ES,4533.75,4476.817582,4403.298957,bull_trend,30.25,35.975000,0.840862,normal_range
2021-09-06,ES,4544.50,4483.263526,4408.836252,bull_trend,24.25,36.200000,0.669890,small_range
2021-09-07,ES,4517.75,4486.547952,4413.107380,bull_trend,34.50,36.837500,0.936546,normal_range
2021-09-08,ES,4511.25,4488.900528,4416.956110,bull_trend,32.75,37.350000,0.876841,normal_range
2021-09-09,ES,4490.75,4489.076668,4419.849988,bull_trend,44.00,38.250000,1.150327,normal_range
2021-09-10,ES,4461.00,4486.402700,4421.463714,range,61.75,40.725000,1.516268,large_range
2021-09-13,ES,4476.00,4485.411967,4423.602392,range,48.00,40.925000,1.172877,normal_range
2021-09-14,ES,4437.25,4480.825113,4424.137592,range,55.75,40.687500,1.370200,large_range
2021-09-15,ES,4476.50,4480.413197,4426.191020,range,50.25,39.787500,1.262959,large_range
2021-09-16,ES,4460.25,4478.492893,4427.526666,range,45.25,38.700000,1.169251,normal_range
2021-09-17,ES,4408.25,4471.803093,4426.770718,range,66.00,38.562500,1.711507,large_range
2021-09-20,ES,4343.00,4459.536132,4423.485592,range,124.25,42.162500,2.946932,large_range
2021-09-21,ES,4336.25,4447.794596,4420.064589,range,66.50,44.725000,1.486864,large_range
2021-09-22,ES,4386.25,4441.933206,4418.738526,range,85.25,47.900000,1.779749,large_range
2021-09-23,ES,4439.00,4441.653853,4419.533094,range,69.25,49.900000,1.387776,large_range
2021-09-24,ES,4446.00,4442.067772,4420.571012,bull_trend,42.25,49.625000,0.851385,normal_range
2021-09-27,ES,4429.25,4440.847031,4420.911364,range,47.00,50.287500,0.934626,normal_range
2021-09-28,ES,4346.50,4431.861600,4417.993272,range,107.25,54.162500,1.980152,large_range
2021-09-29,ES,4356.50,4424.684305,4415.581771,range,34.50,54.850000,0.628988,small_range
2021-09-30,ES,4298.50,4412.666752,4410.990329,range,94.75,58.187500,1.628357,large_range
2021-10-01,ES,4350.75,4406.769918,4408.627963,bear_trend,105.75,61.962500,1.706677,large_range
2021-10-04,ES,4294.00,4396.029926,4404.132749,bear_trend,94.50,65.475000,1.443299,large_range
2021-10-05,ES,4336.00,4390.312790,4401.460876,bear_trend,90.75,68.287500,1.328940,large_range
2021-10-06,ES,4355.25,4386.973477,4399.648685,bear_trend,83.75,70.837500,1.182283,normal_range
2021-10-07,ES,4390.25,4387.285527,4399.280109,range,66.50,71.962500,0.924092,normal_range
2021-10-08,ES,4380.50,4386.639286,4398.543634,bear_trend,31.50,70.450000,0.447126,small_range
2021-10-11,ES,4347.25,4382.887925,4396.532119,bear_trend,63.50,71.225000,0.891541,normal_range
2021-10-12,ES,4328.75,4377.731933,4393.873997,bear_trend,47.75,70.825000,0.674197,small_range
2021-10-13,ES,4355.25,4375.590796,4392.359330,bear_trend,46.00,70.612500,0.651443,small_range
2021-10-14,ES,4435.50,4381.296435,4394.051121,range,83.25,72.512500,1.148078,normal_range
2021-10-15,ES,4465.25,4389.292012,4396.843234,range,41.25,71.275000,0.578744,small_range
2021-10-18,ES,4476.00,4397.549916,4399.947421,range,43.50,67.237500,0.646960,small_range
2021-10-19,ES,4515.25,4408.759448,4404.469091,bull_trend,45.75,66.200000,0.691088,small_range
2021-10-20,ES,4525.00,4419.829976,4409.195793,bull_trend,28.25,63.350000,0.445935,small_range
2021-10-21,ES,4532.00,4430.512836,4414.011644,bull_trend,33.00,61.537500,0.536258,small_range
2021-10-22,ES,4529.25,4439.916375,4418.530796,bull_trend,36.25,61.237500,0.591958,small_range
2021-10-25,ES,4565.25,4451.852911,4424.284490,bull_trend,43.75,61.075000,0.716332,small_range
2021-10-26,ES,4563.25,4462.462158,4429.734118,bull_trend,29.25,57.175000,0.511587,small_range
2021-10-27,ES,4547.75,4470.584809,4434.362192,bull_trend,33.00,57.100000,0.577933,small_range
2021-10-28,ES,4578.50,4480.862446,4440.014655,bull_trend,44.50,54.587500,0.815205,normal_range
2021-10-29,ES,4602.50,4492.446975,4446.386629,bull_trend,44.25,51.512500,0.859015,normal_range
2021-11-01,ES,4605.75,4503.237740,4452.636173,bull_trend,33.00,48.437500,0.681290,small_range
2021-11-02,ES,4621.50,4514.500812,4459.258284,bull_trend,33.75,45.587500,0.740335,small_range
2021-11-03,ES,4651.75,4527.572163,4466.806979,bull_trend,44.00,43.600000,1.009174,normal_range
2021-11-04,ES,4672.75,4541.398624,4474.883175,bull_trend,25.50,41.550000,0.613718,small_range
2021-11-05,ES,4685.75,4555.146374,4483.152463,bull_trend,44.25,42.187500,1.048889,normal_range
2021-11-08,ES,4692.00,4568.180053,4491.342562,bull_trend,30.75,40.550000,0.758323,small_range
2021-11-09,ES,4675.25,4578.377191,4498.554619,bull_trend,37.25,40.025000,0.930668,normal_range
2021-11-10,ES,4644.25,4584.650791,4504.268163,bull_trend,55.00,40.475000,1.358863,large_range
2021-11-11,ES,4646.50,4590.541192,4509.845882,bull_trend,23.50,37.487500,0.626876,small_range
2021-11-12,ES,4681.00,4599.156317,4516.557808,bull_trend,41.75,37.512500,1.112962,normal_range
2021-11-15,ES,4681.00,4606.950953,4523.006522,bull_trend,30.50,36.862500,0.827399,normal_range
2021-11-16,ES,4696.50,4615.479434,4529.810187,bull_trend,39.00,36.525000,1.067762,normal_range
2021-11-17,ES,4685.25,4622.124250,4535.905866,bull_trend,21.75,36.200000,0.600829,small_range
2021-11-18,ES,4705.25,4630.040988,4542.546813,bull_trend,38.50,36.475000,1.055517,normal_range
2021-11-19,ES,4697.75,4636.489465,4548.633212,bull_trend,39.25,36.625000,1.071672,normal_range
2021-11-22,ES,4684.00,4641.014278,4553.941714,bull_trend,66.25,37.750000,1.754967,large_range
2021-11-23,ES,4684.75,4645.179585,4559.071450,bull_trend,46.50,38.612500,1.204273,large_range
2021-11-24,ES,4700.50,4650.448196,4564.617668,bull_trend,46.00,39.262500,1.171601,normal_range
2021-11-25,ES,4705.50,4655.691225,4570.142465,bull_trend,16.75,37.875000,0.442244,small_range
2021-11-26,ES,4579.00,4648.387299,4570.489820,range,131.25,42.225000,3.108348,large_range
2021-11-29,ES,4655.75,4649.088508,4573.833356,bull_trend,81.00,45.112500,1.795511,large_range
2021-11-30,ES,4585.50,4643.032460,4574.290872,range,110.50,48.950000,2.257406,large_range
2021-12-01,ES,4507.50,4630.124607,4571.671622,range,153.00,54.400000,2.812500,large_range
2021-12-02,ES,4585.25,4625.850835,4572.204107,range,88.25,57.537500,1.533782,large_range
2021-12-03,ES,4533.25,4617.031707,4570.676495,range,114.50,61.050000,1.875512,large_range
2021-12-06,ES,4595.25,4614.957259,4571.640162,range,80.25,63.525000,1.263282,large_range
2021-12-07,ES,4695.00,4622.580377,4576.477803,bull_trend,110.00,67.162500,1.637819,large_range
2021-12-08,ES,4697.75,4629.739389,4581.233575,bull_trend,40.25,66.425000,0.605947,small_range
2021-12-09,ES,4668.50,4633.430876,4584.655788,bull_trend,43.75,67.437500,0.648749,small_range
2021-12-10,ES,4712.25,4640.937459,4589.659482,bull_trend,48.50,67.775000,0.715603,small_range
2021-12-13,ES,4672.75,4643.967225,4592.917934,bull_trend,66.25,69.562500,0.952381,normal_range
2021-12-14,ES,4629.25,4642.565584,4594.342721,range,83.00,71.762500,1.156593,normal_range
2021-12-15,ES,4702.50,4648.273624,4598.584183,bull_trend,103.75,75.862500,1.367606,large_range
2021-12-16,ES,4665.25,4649.890422,4601.198529,bull_trend,101.25,79.000000,1.281646,large_range
2021-12-17,ES,4619.25,4646.972286,4601.906430,range,78.00,80.937500,0.963707,normal_range
2021-12-20,ES,4569.25,4639.570164,4600.625785,range,101.25,82.687500,1.224490,large_range
2021-12-21,ES,4642.00,4639.801577,4602.248304,bull_trend,77.25,84.225000,0.917186,normal_range
2021-12-22,ES,4689.25,4644.510950,4605.660135,bull_trend,68.25,85.337500,0.799766,small_range
2021-12-23,ES,4716.75,4651.390860,4610.016600,bull_trend,47.00,86.850000,0.541163,small_range
2021-12-27,ES,4782.25,4663.853635,4616.770851,bull_trend,71.00,83.837500,0.846876,normal_range
2021-12-28,ES,4781.00,4675.010432,4623.211210,bull_trend,27.50,80.675000,0.340874,small_range
2021-12-29,ES,4784.00,4685.390391,4629.516653,bull_trend,26.00,76.450000,0.340092,small_range
2021-12-30,ES,4772.50,4693.686544,4635.123843,bull_trend,32.50,70.425000,0.461484,small_range
2021-12-31,ES,4761.50,4700.144968,4640.079770,bull_trend,28.00,67.412500,0.415353,small_range
2022-01-03,ES,4784.50,4708.178781,4645.743309,bull_trend,43.75,63.875000,0.684932,small_range
2022-01-04,ES,4783.75,4715.376040,4651.155336,bull_trend,43.75,62.050000,0.705077,small_range
2022-01-05,ES,4692.00,4713.149750,4652.757087,range,98.75,61.487500,1.606017,large_range
2022-01-06,ES,4693.75,4711.302155,4654.364653,range,53.75,62.162500,0.864669,normal_range
2022-01-07,ES,4667.50,4707.130521,4654.879764,range,52.00,62.575000,0.831003,normal_range
2022-01-10,ES,4662.50,4702.879995,4655.178597,range,109.00,65.600000,1.661585,large_range
2022-01-11,ES,4704.25,4703.010472,4657.102966,bull_trend,80.25,66.300000,1.210407,large_range
2022-01-12,ES,4718.75,4704.509475,4659.520497,bull_trend,44.50,64.375000,0.691262,small_range
2022-01-13,ES,4652.50,4699.556191,4659.245183,range,93.75,63.875000,1.467710,large_range
2022-01-14,ES,4664.00,4696.169887,4659.431646,range,61.00,61.862500,0.986058,normal_range
2022-01-17,ES,4654.50,4692.201327,4659.238248,range,33.00,59.612500,0.553575,small_range
2022-01-18,ES,4577.00,4681.229772,4656.013219,range,101.75,59.637500,1.706141,large_range
2022-01-19,ES,4524.50,4666.303127,4650.855838,range,85.75,60.062500,1.427680,large_range
2022-01-20,ES,4456.25,4646.298067,4643.224237,range,156.50,64.475000,2.427297,large_range
2022-01-21,ES,4381.50,4621.079204,4632.960541,bear_trend,105.75,67.412500,1.568700,large_range
2022-01-24,ES,4407.50,4600.738327,4624.118951,bear_trend,214.75,74.600000,2.878686,large_range
2022-01-25,ES,4306.25,4572.691820,4611.653502,bear_trend,130.25,79.775000,1.632717,large_range
2022-01-26,ES,4338.75,4550.411646,4600.951404,bear_trend,152.00,86.075000,1.765902,large_range
2022-01-27,ES,4344.00,4530.753394,4590.874878,bear_trend,158.75,92.387500,1.718306,large_range
2022-01-28,ES,4419.75,4520.181643,4584.164099,bear_trend,159.75,98.975000,1.614044,large_range
2022-01-31,ES,4491.75,4517.473867,4580.540016,bear_trend,112.25,102.400000,1.096191,normal_range
2022-02-01,ES,4549.50,4520.523975,4579.322761,range,80.75,104.250000,0.774580,small_range
2022-02-02,ES,4548.50,4523.188358,4578.114025,range,50.75,101.850000,0.498282,small_range
2022-02-03,ES,4522.00,4523.075181,4575.913475,bear_trend,86.25,103.487500,0.833434,normal_range
2022-02-04,ES,4485.50,4519.496593,4572.367849,bear_trend,94.00,105.587500,0.890257,normal_range
2022-02-07,ES,4483.50,4516.068346,4568.882835,bear_trend,51.75,102.725000,0.503772,small_range
2022-02-08,ES,4518.25,4516.276122,4566.897234,range,67.50,102.087500,0.661198,small_range
2022-02-09,ES,4581.25,4522.464111,4567.460087,range,67.75,103.250000,0.656174,small_range
2022-02-10,ES,4495.00,4519.848481,4564.618515,bear_trend,107.75,103.950000,1.036556,normal_range
2022-02-11,ES,4418.00,4510.148626,4558.868769,bear_trend,127.25,107.262500,1.186342,normal_range
2022-02-14,ES,4394.50,4499.134471,4552.422935,bear_trend,74.00,109.312500,0.676958,small_range
2022-02-15,ES,4457.00,4495.121664,4548.680859,bear_trend,86.25,108.537500,0.794656,small_range
2022-02-16,ES,4465.00,4492.252934,4545.399257,bear_trend,61.75,107.337500,0.575288,small_range
2022-02-17,ES,4374.75,4481.062179,4538.707129,bear_trend,107.50,104.887500,1.024908,normal_range
2022-02-18,ES,4344.25,4468.032447,4531.081360,bear_trend,90.50,104.125000,0.869148,normal_range
2022-02-21,ES,4289.50,4451.029357,4521.607581,bear_trend,106.00,98.687500,1.074098,normal_range
2022-02-22,ES,4312.25,4437.812275,4513.397480,bear_trend,108.75,97.575000,1.114527,normal_range
2022-02-23,ES,4215.00,4416.592059,4501.695618,bear_trend,133.00,96.625000,1.376455,large_range
2022-02-24,ES,4269.25,4402.559482,4492.580103,bear_trend,188.25,98.100000,1.918960,large_range
2022-02-25,ES,4380.50,4400.458579,4488.184805,bear_trend,156.75,97.950000,1.600306,large_range
2022-02-28,ES,4370.25,4397.581571,4483.559911,bear_trend,134.00,99.037500,1.353023,large_range
2022-03-01,ES,4310.25,4389.264279,4476.763444,bear_trend,124.00,101.200000,1.225296,large_range
2022-03-02,ES,4373.75,4387.786728,4472.723701,bear_trend,121.00,104.712500,1.155545,normal_range
2022-03-03,ES,4365.25,4385.640373,4468.509046,bear_trend,77.75,104.275000,0.745625,small_range
2022-03-04,ES,4320.25,4379.412719,4462.694966,bear_trend,93.25,104.237500,0.894592,normal_range
2022-03-07,ES,4186.00,4360.992460,4451.844183,bear_trend,140.00,108.650000,1.288541,large_range
2022-03-08,ES,4152.25,4341.112225,4440.095391,bear_trend,136.25,112.087500,1.215568,large_range
2022-03-09,ES,4279.75,4335.268204,4433.807337,bear_trend,146.25,116.012500,1.260640,large_range
2022-03-10,ES,4257.25,4327.837899,4426.883520,bear_trend,75.25,114.387500,0.657852,small_range
2022-03-11,ES,4205.75,4316.210480,4418.211617,bear_trend,137.50,114.900000,1.196693,normal_range
2022-03-14,ES,4171.25,4302.404720,4408.526848,bear_trend,92.50,115.825000,0.798619,small_range
2022-03-15,ES,4250.00,4297.413794,4402.310108,bear_trend,133.75,118.200000,1.131557,normal_range
2022-03-16,ES,4362.25,4303.588671,4400.739124,range,128.50,121.537500,1.057287,normal_range
2022-03-17,ES,4384.25,4311.270702,4400.092491,range,86.50,120.487500,0.717917,small_range
2022-03-18,ES,4465.00,4325.911588,4402.637884,range,101.25,121.025000,0.836604,normal_range
2022-03-21,ES,4458.50,4338.539056,4404.828555,range,58.00,118.625000,0.488936,small_range
2022-03-22,ES,4505.75,4354.463907,4408.786259,range,81.75,117.275000,0.697080,small_range
2022-03-23,ES,4449.00,4363.467345,4410.363268,range,69.25,114.087500,0.606990,small_range
2022-03-24,ES,4516.25,4378.018074,4414.515689,range,71.75,108.262500,0.662741,small_range
2022-03-25,ES,4536.00,4393.063972,4419.279780,range,45.75,102.712500,0.445418,small_range
2022-03-28,ES,4570.00,4409.915022,4425.190377,range,62.50,99.137500,0.630438,small_range
2022-03-29,ES,4621.25,4430.042163,4432.878989,range,65.75,96.225000,0.683294,small_range
2022-03-30,ES,4601.50,4446.371481,4439.491578,bull_trend,52.75,92.812500,0.568350,small_range
2022-03-31,ES,4541.00,4455.383721,4443.472300,bull_trend,88.00,93.325000,0.942941,normal_range
2022-04-01,ES,4538.50,4463.299557,4447.198877,bull_trend,54.25,91.375000,0.593707,small_range
2022-04-04,ES,4576.00,4474.032932,4452.249901,bull_trend,52.25,86.987500,0.600661,small_range
2022-04-05,ES,4526.25,4479.005986,4455.151866,bull_trend,81.00,84.225000,0.961710,normal_range
2022-04-06,ES,4471.00,4478.243511,4455.773361,range,84.25,81.125000,1.038521,normal_range
2022-04-07,ES,4495.00,4479.839367,4457.311661,bull_trend,72.75,81.000000,0.898148,normal_range
2022-04-08,ES,4483.50,4480.187999,4458.338655,bull_trend,51.00,76.675000,0.665145,small_range
2022-04-11,ES,4410.00,4473.503428,4456.443021,range,87.75,76.437500,1.147997,normal_range
2022-04-12,ES,4394.50,4465.979292,4454.013883,range,91.25,74.312500,1.227923,large_range
2022-04-13,ES,4438.25,4463.338407,4453.395692,range,65.50,71.162500,0.920429,normal_range
2022-04-14,ES,4389.00,4456.258559,4450.870370,range,70.75,70.375000,1.005329,normal_range
2022-04-18,ES,4399.50,4450.852982,4448.855846,range,50.75,67.850000,0.747973,small_range
2022-04-19,ES,4441.00,4449.914602,4448.547774,range,95.25,69.712500,1.366326,large_range
2022-04-20,ES,4469.25,4451.756069,4449.359626,bull_trend,51.50,68.200000,0.755132,small_range
2022-04-21,ES,4385.75,4445.469777,4446.865131,bear_trend,129.00,71.187500,1.812116,large_range
2022-04-22,ES,4251.25,4426.972655,4439.193949,bear_trend,145.75,74.887500,1.946253,large_range
2022-04-25,ES,4294.25,4414.332402,4433.509872,bear_trend,101.25,77.662500,1.303718,large_range
2022-04-26,ES,4140.75,4388.276935,4422.029093,bear_trend,166.75,82.875000,2.012066,large_range
2022-04-27,ES,4211.50,4371.441037,4413.773050,bear_trend,87.25,84.362500,1.034227,normal_range
2022-04-28,ES,4260.25,4360.851414,4407.752539,bear_trend,121.00,87.775000,1.378525,large_range
2022-04-29,ES,4137.00,4339.532232,4397.134792,bear_trend,161.00,91.425000,1.761006,large_range
2022-05-02,ES,4146.25,4321.124400,4387.296173,bear_trend,109.75,94.200000,1.165074,normal_range
2022-05-03,ES,4174.25,4307.136362,4378.941421,bear_trend,66.75,94.925000,0.703187,small_range
2022-05-04,ES,4286.25,4305.147185,4375.306463,bear_trend,160.25,98.887500,1.620528,large_range
2022-05-05,ES,4151.00,4290.466500,4366.510131,bear_trend,201.50,104.750000,1.923628,large_range
2022-05-06,ES,4110.75,4273.350643,4356.480322,bear_trend,91.25,105.675000,0.863497,normal_range
2022-05-09,ES,3989.50,4246.317249,4342.088937,bear_trend,129.00,110.162500,1.170997,normal_range
2022-05-10,ES,3991.50,4222.048939,4328.340351,bear_trend,112.50,111.400000,1.009874,normal_range
2022-05-11,ES,3943.00,4195.472850,4313.228965,bear_trend,126.75,113.175000,1.119947,normal_range
2022-05-12,ES,3910.00,4168.284959,4297.416064,bear_trend,106.75,115.237500,0.926348,normal_range
2022-05-13,ES,4014.00,4153.591154,4286.301709,bear_trend,120.50,118.000000,1.021186,normal_range
2022-05-16,ES,4000.25,4138.987234,4275.083995,bear_trend,64.00,118.662500,0.539345,small_range
2022-05-17,ES,4090.50,4134.369402,4267.845407,bear_trend,91.00,118.462500,0.768176,small_range
2022-05-18,ES,3914.00,4113.381840,4253.969116,bear_trend,189.50,125.362500,1.511616,large_range
2022-05-19,ES,3898.25,4092.893094,4240.019347,bear_trend,87.50,123.287500,0.709723,small_range
2022-05-20,ES,3902.00,4074.712799,4226.763686,bear_trend,142.00,123.100000,1.153534,normal_range
2022-05-23,ES,3978.00,4065.502056,4217.008248,bear_trend,75.75,122.050000,0.620647,small_range
2022-05-24,ES,3950.00,4054.501860,4206.537336,bear_trend,82.50,119.012500,0.693204,small_range
2022-05-25,ES,3970.00,4046.454064,4197.261362,bear_trend,84.25,118.450000,0.711271,small_range
2022-05-26,ES,4050.75,4046.863201,4191.515818,range,113.00,118.050000,0.957222,normal_range
2022-05-27,ES,4168.00,4058.400039,4190.593629,range,127.00,116.350000,1.091534,normal_range
2022-05-30,ES,4177.50,4069.742892,4190.080154,range,44.75,113.100000,0.395668,small_range
2022-05-31,ES,4132.25,4075.695950,4187.812305,range,77.25,113.625000,0.679868,small_range
2022-06-01,ES,4097.00,4077.724907,4184.251038,range,93.50,110.287500,0.847784,normal_range
2022-06-02,ES,4177.75,4087.251107,4183.996095,range,106.75,105.550000,1.011369,normal_range
2022-06-03,ES,4109.50,4089.370049,4181.074680,range,92.25,105.600000,0.873580,normal_range
2022-06-06,ES,4120.75,4092.358616,4178.709006,range,63.75,101.750000,0.626536,small_range
2022-06-07,ES,4150.75,4097.919700,4177.612574,range,88.00,100.525000,0.875404,normal_range
2022-06-08,ES,4116.25,4099.665443,4175.206199,range,54.75,96.925000,0.564870,small_range
2022-06-09,ES,4023.00,4092.363972,4169.237328,bear_trend,129.50,98.062500,1.320586,large_range
2022-06-10,ES,3905.50,4074.567403,4158.894688,bear_trend,134.25,98.475000,1.363290,large_range
2022-06-13,ES,3754.25,4044.060984,4143.026269,bear_trend,144.00,103.925000,1.385615,large_range
2022-06-14,ES,3742.50,4015.340890,4127.319356,bear_trend,99.00,104.312500,0.949071,normal_range
2022-06-15,ES,3793.75,3994.236996,4114.238205,bear_trend,119.50,100.812500,1.185369,normal_range
2022-06-16,ES,3680.00,3964.309663,4097.209256,bear_trend,191.25,106.000000,1.804245,large_range
2022-06-17,ES,3683.75,3937.589695,4080.995167,bear_trend,74.50,102.625000,0.725944,small_range
2022-06-20,ES,3716.00,3916.485915,4066.681631,bear_trend,63.50,101.787500,0.623849,small_range
2022-06-21,ES,3769.50,3902.487256,4055.027450,bear_trend,73.25,100.150000,0.731403,small_range
2022-06-22,ES,3760.25,3888.940851,4043.467550,bear_trend,112.25,101.550000,1.105367,normal_range
2022-06-23,ES,3784.25,3878.970293,4033.302156,bear_trend,70.75,99.437500,0.711502,small_range
2022-06-24,ES,3914.75,3882.377885,4028.653052,range,138.50,100.012500,1.384827,large_range
2022-06-27,ES,3910.00,3885.008562,4023.999991,range,55.50,100.550000,0.551964,small_range
2022-06-28,ES,3828.00,3879.579175,4016.313717,bear_trend,128.25,103.100000,1.243938,large_range
2022-06-29,ES,3823.00,3874.190682,4008.732787,bear_trend,38.75,100.362500,0.386100,small_range
2022-06-30,ES,3781.00,3865.315379,3999.802089,bear_trend,83.75,99.212500,0.844148,normal_range
2022-07-01,ES,3825.50,3861.523438,3992.966713,bear_trend,89.00,99.050000,0.898536,normal_range
2022-07-04,ES,3813.50,3856.949778,3985.928803,bear_trend,35.50,97.637500,0.363590,small_range
2022-07-05,ES,3833.75,3854.740275,3979.961006,bear_trend,113.75,98.925000,1.149861,normal_range
2022-07-06,ES,3854.00,3854.669773,3975.021359,bear_trend,66.25,99.500000,0.665829,small_range
2022-07-07,ES,3899.25,3858.915509,3972.049933,range,81.75,97.112500,0.841807,normal_range
2022-07-08,ES,3905.50,3863.352127,3969.440132,range,54.00,93.100000,0.580021,small_range
2022-07-11,ES,3862.00,3863.223353,3965.226793,bear_trend,50.75,87.225000,0.581829,small_range
2022-07-12,ES,3823.50,3859.440176,3959.668880,bear_trend,71.75,85.862500,0.835638,normal_range
2022-07-13,ES,3796.00,3853.398255,3953.250493,bear_trend,121.00,85.937500,1.408000,large_range
2022-07-14,ES,3796.00,3847.931754,3947.083807,bear_trend,82.50,80.500000,1.024845,normal_range
2022-07-15,ES,3866.75,3849.723968,3943.933461,range,88.00,81.175000,1.084078,normal_range
2022-07-18,ES,3838.25,3848.631209,3939.789012,bear_trend,89.25,82.462500,1.082310,normal_range
2022-07-19,ES,3945.25,3857.832999,3940.003168,range,114.00,84.500000,1.349112,large_range
2022-07-20,ES,3953.75,3866.967951,3940.542260,range,55.00,81.637500,0.673710,small_range
2022-07-21,ES,3991.25,3878.804337,3942.530798,range,74.50,81.825000,0.910480,normal_range
2022-07-22,ES,3963.25,3886.846781,3943.343316,range,74.75,78.637500,0.950564,normal_range
2022-07-25,ES,3962.25,3894.028040,3944.084755,range,42.75,78.000000,0.548077,small_range
2022-07-26,ES,3939.25,3898.334893,3943.895157,range,51.25,74.150000,0.691167,small_range
2022-07-27,ES,4020.50,3909.969665,3946.899268,range,104.00,77.412500,1.343452,large_range
2022-07-28,ES,4105.00,3928.543983,3953.099297,range,116.50,79.050000,1.473751,large_range
2022-07-29,ES,4132.50,3947.968366,3960.134618,range,63.00,77.750000,0.810289,normal_range
2022-08-01,ES,4123.00,3964.638045,3966.521496,range,50.25,78.487500,0.640229,small_range
2022-08-02,ES,4096.25,3977.172517,3971.608888,bull_trend,62.50,75.925000,0.823181,normal_range
2022-08-03,ES,4152.50,3993.870372,3978.702658,bull_trend,85.50,76.887500,1.112014,normal_range
2022-08-04,ES,4151.75,4008.906527,3985.488828,bull_trend,37.25,74.662500,0.498912,small_range
2022-08-05,ES,4141.75,4021.558287,3991.616717,bull_trend,62.50,75.087500,0.832362,normal_range
2022-08-08,ES,4150.75,4033.862259,3997.857238,bull_trend,58.75,75.250000,0.780731,small_range
2022-08-09,ES,4129.25,4042.946806,4003.009895,bull_trend,42.00,73.762500,0.569395,small_range
2022-08-10,ES,4211.00,4058.951872,4011.166370,bull_trend,99.75,72.700000,1.372077,large_range
2022-08-11,ES,4218.75,4074.170742,4019.306904,bull_trend,57.75,71.462500,0.808116,normal_range
2022-08-12,ES,4280.75,4093.844957,4029.559575,bull_trend,74.50,70.787500,1.052446,normal_range
2022-08-15,ES,4294.50,4112.954961,4039.949395,bull_trend,55.75,69.112500,0.806656,normal_range
2022-08-16,ES,4310.25,4131.744965,4050.549419,bull_trend,48.75,65.850000,0.740319,small_range
2022-08-17,ES,4280.75,4145.935920,4059.576893,bull_trend,60.00,66.100000,0.907716,normal_range
2022-08-18,ES,4288.25,4159.489642,4068.544466,bull_trend,37.50,64.250000,0.583658,small_range
2022-08-19,ES,4228.50,4166.062057,4074.817232,bull_trend,67.25,63.887500,1.052632,normal_range
2022-08-22,ES,4146.50,4164.199004,4077.628321,range,90.00,66.600000,1.351351,large_range
2022-08-23,ES,4128.00,4160.751480,4079.603681,range,43.75,66.225000,0.660627,small_range
2022-08-24,ES,4149.50,4159.679910,4082.344713,range,47.75,63.412500,0.753006,small_range
2022-08-25,ES,4195.25,4163.067538,4086.772371,bull_trend,59.75,60.575000,0.986381,normal_range
2022-08-26,ES,4042.75,4151.608725,4085.046004,range,174.50,66.150000,2.637944,large_range
2022-08-29,ES,4035.75,4140.574561,4083.112827,range,57.25,66.500000,0.860902,normal_range
2022-08-30,ES,3986.50,4125.900793,4079.324089,range,108.25,68.787500,1.573687,large_range
2022-08-31,ES,3960.50,4110.148336,4074.664321,range,65.25,67.775000,0.962744,normal_range
2022-09-01,ES,3968.00,4096.610400,4070.481406,range,67.75,69.300000,0.977633,normal_range
2022-09-02,ES,3933.25,4081.052266,4065.099782,range,113.25,71.837500,1.576475,large_range
2022-09-05,ES,3936.25,4067.261574,4060.046850,range,27.00,70.250000,0.384342,small_range
2022-09-06,ES,3908.25,4052.117615,4054.094032,bear_trend,76.50,71.975000,1.062869,normal_range
2022-09-07,ES,3978.50,4045.106413,4051.129560,bear_trend,105.25,72.250000,1.456747,large_range
2022-09-08,ES,4010.00,4041.762945,4049.516636,bear_trend,68.75,72.800000,0.944368,normal_range
2022-09-09,ES,4066.25,4044.095046,4050.172847,range,71.50,72.650000,0.984171,normal_range
2022-09-12,ES,4118.25,4051.157422,4052.842539,range,57.50,72.737500,0.790514,small_range
2022-09-13,ES,3936.75,4040.261477,4048.289890,bear_trend,238.25,82.212500,2.897978,large_range
2022-09-14,ES,3973.75,4033.927051,4045.366757,bear_trend,54.25,81.925000,0.662191,small_range
2022-09-15,ES,3910.00,4022.124475,4040.058257,bear_trend,72.50,83.675000,0.866448,normal_range
2022-09-16,ES,3902.50,4010.731668,4034.663816,bear_trend,52.00,83.150000,0.625376,small_range
2022-09-19,ES,3922.75,4002.352461,4030.275038,bear_trend,80.75,82.337500,0.980720,normal_range
2022-09-20,ES,3879.75,3990.676036,4024.372096,bear_trend,93.00,84.800000,1.096698,normal_range
2022-09-21,ES,3796.75,3972.206890,4015.445739,bear_trend,133.25,89.075000,1.495930,large_range
2022-09-22,ES,3773.75,3953.306234,4005.967475,bear_trend,69.50,89.562500,0.775994,small_range
2022-09-23,ES,3711.50,3930.277069,3994.419731,bear_trend,123.00,86.987500,1.413996,large_range
2022-09-26,ES,3667.25,3905.226872,3981.589545,bear_trend,73.00,87.775000,0.831672,normal_range
2022-09-27,ES,3665.25,3882.371932,3969.184073,bear_trend,97.75,87.250000,1.120344,normal_range
2022-09-28,ES,3729.75,3867.836509,3959.794501,bear_trend,138.25,90.900000,1.520902,large_range
2022-09-29,ES,3658.75,3847.923509,3947.988835,bear_trend,114.00,93.212500,1.223012,large_range
2022-09-30,ES,3604.25,3824.716508,3934.508880,bear_trend,98.50,92.475000,1.065153,normal_range
2022-10-03,ES,3694.50,3812.314936,3925.096767,bear_trend,140.00,98.125000,1.426752,large_range
2022-10-04,ES,3803.50,3811.475418,3920.328267,bear_trend,122.50,100.425000,1.219816,large_range
2022-10-05,ES,3795.75,3809.977759,3915.442844,bear_trend,86.00,99.462500,0.864647,normal_range
2022-10-06,ES,3751.00,3804.360830,3908.994105,bear_trend,69.50,99.500000,0.698492,small_range
2022-10-07,ES,3650.75,3789.731227,3898.866886,bear_trend,138.00,102.825000,1.342086,large_range
2022-10-10,ES,3627.50,3774.280634,3888.225047,bear_trend,67.50,103.325000,0.653278,small_range
2022-10-11,ES,3608.25,3758.468192,3877.245633,bear_trend,74.25,95.125000,0.780552,small_range
2022-10-12,ES,3593.25,3742.733127,3866.108550,bear_trend,49.75,94.900000,0.524236,small_range
2022-10-13,ES,3680.25,3736.782353,3858.819979,bear_trend,195.75,101.062500,1.936920,large_range
2022-10-14,ES,3596.50,3723.422129,3848.532921,bear_trend,142.50,105.337500,1.352795,large_range
2022-10-17,ES,3699.50,3721.143831,3842.688493,bear_trend,112.00,106.900000,1.047708,normal_range
2022-10-18,ES,3758.00,3724.653942,3839.367375,range,80.00,106.250000,0.752941,small_range
2022-10-19,ES,3710.25,3723.282138,3834.303949,bear_trend,97.50,104.462500,0.933349,normal_range
2022-10-20,ES,3676.75,3718.850506,3828.125363,bear_trend,81.75,105.075000,0.778016,small_range
2022-10-21,ES,3772.00,3723.912362,3825.924368,range,131.75,105.512500,1.248667,large_range
2022-10-24,ES,3805.50,3731.682614,3825.123413,range,85.50,106.137500,0.805559,normal_range
2022-10-25,ES,3853.25,3743.260460,3826.226416,range,84.25,105.462500,0.798862,small_range
2022-10-26,ES,3853.75,3753.783273,3827.305772,range,73.25,102.212500,0.716644,small_range
2022-10-27,ES,3791.50,3757.375342,3825.901624,range,113.25,102.175000,1.108392,normal_range
2022-10-28,ES,3923.00,3773.149119,3829.709404,range,147.50,104.625000,1.409797,large_range
2022-10-31,ES,3882.75,3783.587298,3831.789427,range,42.50,100.162500,0.424310,small_range
2022-11-01,ES,3861.75,3791.031365,3832.964352,range,75.50,97.812500,0.771885,small_range
2022-11-02,ES,3768.25,3788.861711,3830.426534,bear_trend,146.75,100.850000,1.455131,large_range
2022-11-03,ES,3725.50,3782.827263,3826.311768,bear_trend,78.25,101.287500,0.772553,small_range
2022-11-04,ES,3772.75,3781.867523,3824.211306,bear_trend,94.50,99.112500,0.953462,normal_range
2022-11-07,ES,3812.25,3784.761093,3823.742235,range,83.50,99.912500,0.835731,normal_range
2022-11-08,ES,3832.75,3789.331465,3824.095481,range,74.25,99.912500,0.743150,small_range
2022-11-09,ES,3756.25,3786.180849,3821.434874,bear_trend,98.75,102.362500,0.964709,normal_range
2022-11-10,ES,3973.00,3803.973149,3827.378604,range,222.00,103.675000,2.141307,large_range
2022-11-11,ES,3999.50,3822.594754,3834.128463,range,58.75,99.487500,0.590526,small_range
2022-11-14,ES,3975.00,3837.109539,3839.652837,range,53.50,96.562500,0.554045,small_range
2022-11-15,ES,3994.75,3852.122917,3845.735079,bull_trend,90.75,97.100000,0.934604,normal_range
2022-11-16,ES,3974.00,3863.730258,3850.765076,bull_trend,53.75,94.912500,0.566311,small_range
2022-11-17,ES,3961.00,3872.994043,3855.088014,bull_trend,77.75,94.712500,0.820905,normal_range
2022-11-18,ES,3971.50,3882.375563,3859.653190,bull_trend,51.50,90.700000,0.567806,small_range
2022-11-21,ES,3958.00,3889.577890,3863.509927,bull_trend,44.50,88.650000,0.501974,small_range
2022-11-22,ES,4009.25,3900.975234,3869.225224,bull_trend,67.25,87.800000,0.765945,small_range
2022-11-23,ES,4039.25,3914.144259,3875.892863,bull_trend,37.50,86.012500,0.435983,small_range
2022-11-24,ES,4043.50,3926.463853,3882.465692,bull_trend,12.00,80.950000,0.148240,small_range
2022-11-25,ES,4034.25,3936.729201,3888.418017,bull_trend,21.25,74.637500,0.284709,small_range
2022-11-28,ES,3971.50,3940.040705,3891.676134,bull_trend,63.75,75.800000,0.841029,normal_range
2022-11-29,ES,3962.25,3942.155876,3894.443737,bull_trend,49.00,74.475000,0.657939,small_range
2022-11-30,ES,4093.00,3956.521983,3902.230257,bull_trend,150.75,74.675000,2.018748,large_range
2022-12-01,ES,4077.50,3968.043699,3909.103580,bull_trend,55.50,73.537500,0.754717,small_range
2022-12-02,ES,4066.75,3977.444299,3915.285793,bull_trend,78.75,72.750000,1.082474,normal_range
2022-12-05,ES,4006.25,3980.187699,3918.853017,bull_trend,88.50,73.000000,1.212329,large_range
2022-12-06,ES,3945.00,3976.836490,3919.878389,range,93.25,73.950000,1.260987,large_range
2022-12-07,ES,3934.50,3972.804443,3920.451785,range,47.50,71.387500,0.665383,small_range
2022-12-08,ES,3964.25,3971.989734,3922.169362,range,61.25,63.350000,0.966851,normal_range
2022-12-09,ES,3931.50,3968.133569,3922.535270,range,60.00,63.412500,0.946186,normal_range
2022-12-12,ES,3986.75,3969.906563,3925.053494,bull_trend,68.25,64.150000,1.063913,normal_range
2022-12-13,ES,4020.50,3974.724985,3928.796494,bull_trend,160.00,67.612500,2.366426,large_range
2022-12-14,ES,4038.25,3980.774987,3933.088789,bull_trend,93.75,69.612500,1.346741,large_range
2022-12-15,ES,3922.25,3975.201178,3932.663738,range,135.00,72.475000,1.862711,large_range
2022-12-16,ES,3872.00,3965.372495,3930.284768,range,79.25,73.862500,1.072940,normal_range
2022-12-19,ES,3841.75,3953.598924,3926.812816,range,71.75,75.225000,0.953805,normal_range
2022-12-20,ES,3853.50,3944.065693,3923.937804,range,63.00,75.012500,0.839860,normal_range
2022-12-21,ES,3914.00,3941.202294,3923.548086,range,63.25,76.400000,0.827880,normal_range
2022-12-22,ES,3847.75,3932.302075,3920.575612,range,131.25,82.362500,1.593565,large_range
2022-12-23,ES,3868.25,3926.201878,3918.523627,range,51.25,83.862500,0.611119,small_range
2022-12-27,ES,3856.00,3919.515984,3916.071721,range,63.25,83.325000,0.759076,small_range
2022-12-28,ES,3810.25,3909.109700,3911.921849,bear_trend,70.50,84.400000,0.835308,normal_range
2022-12-29,ES,3869.25,3905.313538,3910.248443,bear_trend,76.50,80.687500,0.948102,normal_range
2022-12-30,ES,3868.00,3901.759868,3908.591642,bear_trend,49.50,80.387500,0.615767,small_range
2023-01-03,ES,3843.25,3896.187500,3906.029224,bear_trend,92.25,81.062500,1.138011,normal_range
2023-01-04,ES,3871.25,3893.812500,3904.665333,bear_trend,59.75,79.625000,0.750392,small_range
2023-01-05,ES,3832.75,3887.997023,3901.845124,bear_trend,63.00,78.112500,0.806529,normal_range
2023-01-06,ES,3913.75,3890.449688,3902.311982,range,109.75,81.225000,1.351185,large_range
2023-01-09,ES,3913.50,3892.644956,3902.750728,range,63.50,81.337500,0.780698,small_range
2023-01-10,ES,3941.25,3897.274008,3904.260503,range,52.25,80.950000,0.645460,small_range
2023-01-11,ES,3992.25,3906.319340,3907.711072,range,58.00,80.437500,0.721057,small_range
2023-01-12,ES,4002.75,3915.503213,3911.438088,bull_trend,67.50,75.812500,0.890354,normal_range
2023-01-13,ES,4019.00,3925.360049,3915.656203,bull_trend,62.50,74.250000,0.841751,normal_range
2023-01-16,ES,4009.75,3933.397188,3919.346155,bull_trend,31.50,69.075000,0.456026,small_range
2023-01-17,ES,4009.00,3940.597455,3922.861992,bull_trend,34.75,66.850000,0.519820,small_range
2023-01-18,ES,3945.75,3941.088174,3923.759561,bull_trend,89.75,67.750000,1.324723,large_range
2023-01-19,ES,3920.25,3939.103586,3923.621931,range,47.00,66.950000,0.702016,small_range
2023-01-20,ES,3988.00,3943.760387,3926.146562,bull_trend,78.75,67.625000,1.164510,normal_range
2023-01-23,ES,4037.00,3952.640350,3930.493755,bull_trend,76.50,64.887500,1.178964,normal_range
2023-01-24,ES,4038.75,3960.841269,3934.739098,bull_trend,42.25,64.437500,0.655674,small_range
2023-01-25,ES,4029.50,3967.380196,3938.455212,bull_trend,77.25,65.137500,1.185953,normal_range
2023-01-26,ES,4067.75,3976.939225,3943.525596,bull_trend,49.75,64.100000,0.776131,small_range
2023-01-27,ES,4084.00,3987.135489,3949.034396,bull_trend,52.00,62.875000,0.827038,normal_range
2023-01-30,ES,4039.75,3992.146395,3952.591871,bull_trend,56.50,63.225000,0.893634,normal_range
2023-01-31,ES,4085.75,4001.061024,3957.813758,bull_trend,83.75,62.800000,1.333599,large_range
2023-02-01,ES,4142.50,4014.531403,3965.056356,bull_trend,114.75,65.550000,1.750572,large_range
2023-02-02,ES,4164.75,4028.837936,3972.887479,bull_trend,71.75,65.987500,1.087327,normal_range
2023-02-03,ES,4146.00,4039.996228,3979.676205,bull_trend,61.50,63.575000,0.967361,normal_range
2023-02-06,ES,4123.25,4047.925158,3985.306550,bull_trend,39.00,62.500000,0.624000,small_range
2023-02-07,ES,4166.25,4059.194191,3992.402372,bull_trend,90.00,64.387500,1.397787,large_range
2023-02-08,ES,4132.50,4066.175697,3997.896397,bull_trend,58.00,64.387500,0.900796,normal_range
2023-02-09,ES,4097.75,4069.182773,4001.812224,bull_trend,92.00,65.612500,1.402172,large_range
2023-02-10,ES,4099.50,4072.070128,4005.643117,bull_trend,43.50,64.662500,0.672724,small_range
2023-02-13,ES,4149.50,4079.444402,4011.284564,bull_trend,72.00,66.687500,1.079663,normal_range
2023-02-14,ES,4141.00,4085.306839,4016.371444,bull_trend,82.75,69.087500,1.197756,normal_range
2023-02-15,ES,4159.50,4092.372855,4021.984328,bull_trend,48.75,67.037500,0.727205,small_range
2023-02-16,ES,4095.75,4092.694488,4024.877100,bull_trend,73.50,68.362500,1.075151,normal_range
2023-02-17,ES,4085.75,4092.033108,4027.264272,range,40.25,66.437500,0.605833,small_range
2023-02-20,ES,4075.75,4090.482336,4029.165673,range,16.00,63.412500,0.252316,small_range
2023-02-21,ES,4007.75,4082.603066,4028.325843,range,75.75,65.087500,1.163818,normal_range
2023-02-22,ES,4008.50,4075.545631,4027.548359,range,41.25,63.287500,0.651787,small_range
2023-02-23,ES,4015.25,4069.803190,4027.066070,range,60.00,63.800000,0.940439,normal_range
2023-02-24,ES,3974.50,4060.726696,4025.004656,range,75.75,64.987500,1.165609,normal_range
2023-02-27,ES,3991.50,4054.133677,4023.690748,range,51.75,64.750000,0.799228,small_range
2023-02-28,ES,3969.50,4046.073327,4021.565620,range,38.75,62.500000,0.620000,small_range
2023-03-01,ES,3961.00,4037.971105,4019.190498,range,48.00,59.162500,0.811325,normal_range
2023-03-02,ES,3983.00,4032.735762,4017.771263,range,70.25,59.087500,1.188915,normal_range
2023-03-03,ES,4052.50,4034.618070,4019.133174,bull_trend,79.00,59.962500,1.317490,large_range
2023-03-06,ES,4053.75,4036.440159,4020.490697,bull_trend,40.75,59.900000,0.680301,small_range
2023-03-07,ES,3989.75,4031.993477,4019.285179,range,82.00,59.500000,1.378151,large_range
2023-03-08,ES,3998.25,4028.779812,4018.460270,range,31.75,58.187500,0.545650,small_range
2023-03-09,ES,3919.00,4018.324592,4014.559867,range,110.25,59.100000,1.865482,large_range
2023-03-10,ES,3879.00,4005.055583,4009.243794,bear_trend,95.50,61.700000,1.547812,large_range
2023-03-13,ES,3863.00,3991.526480,4003.508743,bear_trend,130.00,64.600000,2.012384,large_range
2023-03-14,ES,3955.00,3988.047768,4001.606440,bear_trend,114.00,66.162500,1.723030,large_range
2023-03-15,ES,3925.50,3982.090838,3998.621873,bear_trend,99.00,68.675000,1.441573,large_range
2023-03-16,ES,3996.25,3983.439329,3998.528859,range,105.00,70.250000,1.494662,large_range
2023-03-17,ES,3947.75,3980.040346,3996.537531,bear_trend,76.75,72.075000,1.064863,normal_range
2023-03-20,ES,3987.50,3980.750789,3996.183118,range,92.25,75.887500,1.215615,large_range
2023-03-21,ES,4039.00,3986.298333,3997.862211,range,61.50,75.175000,0.818091,normal_range
2023-03-22,ES,3971.75,3984.912777,3996.838203,bear_trend,107.50,78.487500,1.369645,large_range
2023-03-23,ES,3987.50,3985.159179,3996.471999,range,91.00,80.037500,1.136967,normal_range
2023-03-24,ES,4010.50,3987.572591,3997.022117,range,73.75,79.937500,0.922596,normal_range
2023-03-27,ES,4015.00,3990.184725,3997.727132,range,36.75,79.187500,0.464088,small_range
2023-03-28,ES,4006.50,3991.738561,3998.071166,range,43.00,79.400000,0.541562,small_range
2023-03-29,ES,4058.00,3998.049174,4000.421316,range,55.25,79.762500,0.692681,small_range
2023-03-30,ES,4083.00,4006.139729,4003.659696,bull_trend,35.25,78.012500,0.451851,small_range
2023-03-31,ES,4139.50,4018.840707,4008.986767,bull_trend,64.50,77.287500,0.834546,normal_range
2023-04-03,ES,4153.50,4031.665402,4014.653952,bull_trend,35.00,77.000000,0.454545,small_range
2023-04-04,ES,4133.00,4041.316316,4019.294974,bull_trend,56.50,75.725000,0.746121,small_range
2023-04-05,ES,4114.50,4048.286190,4023.028504,bull_trend,36.50,75.962500,0.480500,small_range
2023-04-06,ES,4130.75,4056.139887,4027.252877,bull_trend,38.75,72.387500,0.535313,small_range
2023-04-07,ES,4141.50,4064.269421,4031.733156,bull_trend,25.75,68.900000,0.373730,small_range
2023-04-10,ES,4139.25,4071.410429,4035.949503,bull_trend,44.25,64.612500,0.684852,small_range
2023-04-11,ES,4138.25,4077.776102,4039.961287,bull_trend,23.00,60.062500,0.382934,small_range
2023-04-12,ES,4117.25,4081.535521,4042.992217,bull_trend,64.25,58.325000,1.101586,normal_range
2023-04-13,ES,4168.75,4089.841662,4047.923895,bull_trend,66.75,56.412500,1.183248,normal_range
2023-04-14,ES,4171.75,4097.642456,4052.779820,bull_trend,51.00,55.125000,0.925170,normal_range
2023-04-17,ES,4176.75,4105.176508,4057.641396,bull_trend,32.50,52.137500,0.623352,small_range
2023-04-18,ES,4179.00,4112.207317,4062.400557,bull_trend,33.75,50.750000,0.665025,small_range
2023-04-19,ES,4173.50,4118.044715,4066.757398,bull_trend,37.00,47.225000,0.783483,small_range
2023-04-20,ES,4153.75,4121.445218,4070.168872,bull_trend,36.50,44.500000,0.820225,normal_range
2023-04-21,ES,4153.25,4124.474245,4073.426956,bull_trend,25.75,42.100000,0.611639,small_range
2023-04-24,ES,4157.50,4127.619555,4076.723938,bull_trend,30.75,41.800000,0.735646,small_range
2023-04-25,ES,4109.25,4125.870074,4077.999470,range,67.00,43.000000,1.558140,large_range
2023-04-26,ES,4085.50,4122.025305,4078.293608,range,47.50,42.612500,1.114696,normal_range
2023-04-27,ES,4158.00,4125.451466,4081.419349,bull_trend,85.75,45.137500,1.899751,large_range
2023-04-28,ES,4190.75,4131.670374,4085.706826,bull_trend,62.25,45.025000,1.382565,large_range
2023-05-01,ES,4179.50,4136.225577,4089.384989,bull_trend,27.75,44.662500,0.621327,small_range
2023-05-02,ES,4133.25,4135.942188,4091.105186,range,86.00,46.137500,1.863993,large_range
2023-05-03,ES,4096.25,4132.161980,4091.306943,range,72.00,47.912500,1.502739,large_range
2023-05-04,ES,4074.50,4126.670363,4090.647847,range,55.75,48.762500,1.143297,normal_range
2023-05-05,ES,4149.00,4128.796995,4092.936167,bull_trend,86.50,51.912500,1.666265,large_range
2023-05-08,ES,4151.50,4130.959186,4095.232788,bull_trend,23.50,50.875000,0.461916,small_range
2023-05-09,ES,4135.25,4131.367835,4096.802091,bull_trend,22.00,50.825000,0.432858,small_range
2023-05-10,ES,4152.75,4133.404232,4098.996126,bull_trend,61.00,50.662500,1.204046,large_range
2023-05-11,ES,4145.25,4134.532400,4100.810004,bull_trend,47.00,49.675000,0.946150,normal_range
2023-05-12,ES,4132.00,4134.291219,4102.033141,range,52.75,49.762500,1.060035,normal_range
2023-05-15,ES,4148.75,4135.668246,4103.865174,bull_trend,33.25,49.800000,0.667671,small_range
2023-05-16,ES,4127.50,4134.890318,4104.792030,range,31.50,49.687500,0.633962,small_range
2023-05-17,ES,4171.00,4138.329335,4107.388421,bull_trend,57.00,50.687500,1.124538,normal_range
2023-05-18,ES,4215.50,4145.678922,4111.628091,bull_trend,54.50,51.587500,1.056457,normal_range
2023-05-19,ES,4198.25,4150.685691,4115.025029,bull_trend,35.75,52.087500,0.686345,small_range
2023-05-22,ES,4207.75,4156.120388,4118.661302,bull_trend,35.25,52.312500,0.673835,small_range
2023-05-23,ES,4159.25,4156.418446,4120.253016,bull_trend,69.75,52.450000,1.329838,large_range
2023-05-24,ES,4150.75,4155.878594,4121.448976,range,52.25,52.687500,0.991696,normal_range
2023-05-25,ES,4158.75,4156.152061,4122.911761,bull_trend,44.00,50.600000,0.869565,normal_range
2023-05-26,ES,4219.25,4162.161389,4126.689731,bull_trend,75.25,51.250000,1.468293,large_range
2023-05-29,ES,4224.75,4168.122209,4130.535232,bull_trend,23.00,51.062500,0.450428,small_range
2023-05-30,ES,4213.75,4172.467713,4133.798556,bull_trend,43.00,48.912500,0.879121,normal_range
2023-05-31,ES,4188.25,4173.970788,4135.933907,bull_trend,43.75,47.500000,0.921053,normal_range
2023-06-01,ES,4231.75,4179.473570,4139.691401,bull_trend,61.75,47.800000,1.291841,large_range
2023-06-02,ES,4288.75,4189.880849,4145.536836,bull_trend,68.75,46.800000,1.469017,large_range
2023-06-05,ES,4280.25,4198.487435,4150.819705,bull_trend,32.75,47.262500,0.692938,small_range
2023-06-06,ES,4292.25,4207.417203,4156.365991,bull_trend,26.25,47.475000,0.552923,small_range
2023-06-07,ES,4273.25,4213.686993,4160.949678,bull_trend,35.50,46.200000,0.768398,small_range
2023-06-08,ES,4298.25,4221.740613,4166.334004,bull_trend,39.75,45.837500,0.867194,normal_range
2023-06-09,ES,4304.75,4229.646269,4171.762083,bull_trend,41.50,45.275000,0.916621,normal_range
2023-06-12,ES,4345.75,4240.703767,4178.585138,bull_trend,41.25,45.700000,0.902626,normal_range
2023-06-13,ES,4372.50,4253.255789,4186.189643,bull_trend,42.00,46.225000,0.908599,normal_range
2023-06-14,ES,4424.75,4269.588571,4195.544951,bull_trend,71.50,46.950000,1.522897,large_range
2023-06-15,ES,4467.50,4288.437279,4206.209855,bull_trend,91.75,48.812500,1.879641,large_range
2023-06-16,ES,4459.00,4304.681347,4216.123194,bull_trend,42.75,49.162500,0.869565,normal_range
2023-06-19,ES,4448.25,4318.354552,4225.226206,bull_trend,19.00,48.350000,0.392968,small_range
2023-06-20,ES,4430.50,4329.035071,4233.276158,bull_trend,40.50,46.887500,0.863770,normal_range
2023-06-21,ES,4410.00,4336.746017,4240.206505,bull_trend,35.00,46.025000,0.760456,small_range
2023-06-22,ES,4425.25,4345.174968,4247.463113,bull_trend,34.00,45.525000,0.746842,small_range
2023-06-23,ES,4388.50,4349.301161,4252.993971,bull_trend,44.75,44.000000,1.017045,normal_range
2023-06-26,ES,4374.75,4351.724860,4257.768717,bull_trend,34.50,44.525000,0.774846,small_range
2023-06-27,ES,4414.75,4357.727254,4263.924846,bull_trend,53.25,45.037500,1.182348,normal_range
2023-06-28,ES,4422.75,4363.919897,4270.153283,bull_trend,31.00,44.400000,0.698198,small_range
2023-06-29,ES,4435.75,4370.760859,4276.647272,bull_trend,28.25,42.725000,0.661205,small_range
2023-06-30,ES,4482.50,4381.402682,4284.719928,bull_trend,65.00,42.537500,1.528063,large_range
2023-07-03,ES,4492.00,4391.935760,4292.848559,bull_trend,14.50,41.625000,0.348348,small_range
2023-07-04,ES,4490.50,4401.322830,4300.599595,bull_trend,7.50,40.687500,0.184332,small_range
2023-07-05,ES,4482.00,4409.006370,4307.713337,bull_trend,26.50,40.237500,0.658590,small_range
2023-07-06,ES,4444.75,4412.410526,4313.087324,bull_trend,64.00,41.450000,1.544029,large_range
2023-07-07,ES,4438.00,4414.847618,4317.985860,bull_trend,44.50,41.600000,1.069712,normal_range
2023-07-10,ES,4445.25,4417.743083,4322.976611,bull_trend,37.00,41.362500,0.894530,normal_range
2023-07-11,ES,4472.25,4422.934218,4328.830469,bull_trend,39.50,41.237500,0.957866,normal_range
2023-07-12,ES,4509.50,4431.178578,4335.915549,bull_trend,53.75,40.350000,1.332094,large_range
2023-07-13,ES,4539.50,4441.494904,4343.899253,bull_trend,42.25,37.875000,1.115512,normal_range
2023-07-14,ES,4535.25,4450.423961,4351.403203,bull_trend,29.50,37.212500,0.792744,small_range
2023-07-17,ES,4550.00,4459.907393,4359.191313,bull_trend,37.75,38.150000,0.989515,normal_range
2023-07-18,ES,4583.00,4471.630499,4367.968124,bull_trend,49.75,38.612500,1.288443,large_range
2023-07-19,ES,4595.75,4483.451404,4376.900747,bull_trend,27.00,38.212500,0.706575,small_range
2023-07-20,ES,4566.25,4491.336984,4384.326208,bull_trend,37.00,38.437500,0.962602,normal_range
2023-07-21,ES,4564.00,4498.257271,4391.372239,bull_trend,28.25,37.612500,0.751080,small_range
2023-07-24,ES,4585.50,4506.566103,4398.985092,bull_trend,32.50,37.512500,0.866378,normal_range
2023-07-25,ES,4604.50,4515.893141,4407.044500,bull_trend,29.50,36.325000,0.812113,normal_range
2023-07-26,ES,4592.25,4523.165222,4414.307461,bull_trend,37.00,36.625000,1.010239,normal_range
2023-07-27,ES,4567.25,4527.363773,4420.305208,bull_trend,80.75,39.250000,2.057325,large_range
2023-07-28,ES,4607.00,4534.948175,4427.626572,bull_trend,58.50,38.925000,1.502890,large_range
2023-07-31,ES,4617.25,4542.786444,4435.062785,bull_trend,24.00,39.400000,0.609137,small_range
2023-08-01,ES,4598.25,4548.068688,4441.462284,bull_trend,30.75,40.562500,0.758089,small_range
2023-08-02,ES,4534.50,4546.776432,4445.110822,range,65.75,42.762500,1.537562,large_range
2023-08-03,ES,4524.75,4544.678676,4448.233927,range,41.75,41.650000,1.002401,normal_range
2023-08-04,ES,4498.00,4540.233088,4450.185537,range,67.00,42.775000,1.566335,large_range
2023-08-07,ES,4540.00,4540.210889,4453.707673,range,41.25,43.112500,0.956799,normal_range
2023-08-08,ES,4517.25,4538.024138,4456.199529,range,59.00,44.087500,1.338248,large_range
2023-08-09,ES,4493.25,4533.759934,4457.652489,range,58.00,44.300000,1.309255,large_range
2023-08-10,ES,4486.75,4529.282798,4458.793568,range,71.25,45.750000,1.557377,large_range
2023-08-11,ES,4484.25,4524.993960,4459.791859,range,37.25,46.137500,0.807369,normal_range
2023-08-14,ES,4506.50,4523.232630,4461.623551,range,42.75,46.387500,0.921584,normal_range
2023-08-15,ES,4452.50,4516.496189,4461.265765,range,70.75,47.437500,1.491436,large_range
2023-08-16,ES,4419.50,4507.258457,4459.627891,range,50.25,48.600000,1.033951,normal_range
2023-08-17,ES,4378.50,4494.995747,4456.446406,range,59.00,49.625000,1.188917,normal_range
2023-08-18,ES,4380.00,4484.043771,4453.448507,range,46.00,50.512500,0.910666,normal_range
2023-08-21,ES,4409.50,4476.944364,4451.725036,range,48.75,51.325000,0.949830,normal_range
2023-08-22,ES,4400.25,4469.640139,4449.706408,range,45.75,52.137500,0.877487,normal_range
2023-08-23,ES,4475.50,4470.198221,4450.717921,bull_trend,76.75,54.125000,1.418014,large_range
2023-08-24,ES,4383.75,4461.965057,4448.091728,range,107.00,55.437500,1.930101,large_range
2023-08-25,ES,4413.25,4457.325528,4446.725386,range,63.75,55.700000,1.144524,normal_range
2023-08-28,ES,4444.25,4456.080239,4446.628312,range,35.00,56.312500,0.621532,small_range
2023-08-29,ES,4508.00,4461.024979,4449.035045,bull_trend,76.00,58.575000,1.297482,large_range
2023-08-30,ES,4527.00,4467.308314,4452.092494,bull_trend,34.50,56.775000,0.607662,small_range
2023-08-31,ES,4517.25,4472.064665,4454.647690,bull_trend,28.50,56.112500,0.507908,small_range
2023-09-01,ES,4519.00,4476.534697,4457.171310,bull_trend,40.50,54.787500,0.739220,small_range
2023-09-04,ES,4518.75,4480.555202,4459.586161,bull_trend,16.00,53.400000,0.299625,small_range
2023-09-05,ES,4500.50,4482.454707,4461.190625,bull_trend,22.25,51.562500,0.431515,small_range
2023-09-06,ES,4469.75,4481.244734,4461.526287,range,56.75,51.500000,1.101942,normal_range
2023-09-07,ES,4457.25,4478.959522,4461.358589,range,37.50,49.812500,0.752823,small_range
2023-09-08,ES,4463.50,4477.487186,4461.442566,range,34.50,49.675000,0.694514,small_range
2023-09-11,ES,4488.00,4478.488407,4462.484034,bull_trend,34.25,49.250000,0.695431,small_range
2023-09-12,ES,4465.00,4477.203796,4462.582699,range,32.25,47.325000,0.681458,small_range
2023-09-13,ES,4473.25,4476.827244,4463.001025,range,34.25,46.525000,0.736163,small_range
2023-09-14,ES,4557.75,4484.534174,4466.716671,bull_trend,91.75,48.162500,1.905009,large_range
2023-09-15,ES,4499.00,4485.911871,4467.982684,bull_trend,72.00,49.462500,1.455648,large_range
2023-09-18,ES,4502.50,4487.491693,4469.336304,bull_trend,27.50,48.400000,0.568182,small_range
2023-09-19,ES,4492.00,4487.921056,4470.225077,bull_trend,47.25,48.475000,0.974729,normal_range
2023-09-20,ES,4444.25,4483.761907,4469.206446,range,64.75,47.875000,1.352480,large_range
2023-09-21,ES,4369.00,4472.832202,4465.276782,range,80.50,46.550000,1.729323,large_range
2023-09-22,ES,4362.75,4462.348183,4461.256123,range,41.75,45.450000,0.918592,normal_range
2023-09-25,ES,4382.75,4454.767403,4458.177452,bear_trend,45.25,45.900000,0.985839,normal_range
2023-09-26,ES,4319.50,4441.884794,4452.739121,bear_trend,76.50,45.962500,1.664400,large_range
2023-09-27,ES,4321.75,4430.443385,4447.602292,bear_trend,59.50,47.212500,1.260259,large_range
2023-09-28,ES,4342.25,4422.044015,4443.470830,bear_trend,54.75,48.525000,1.128284,normal_range
2023-09-29,ES,4329.25,4413.206490,4438.991582,bear_trend,60.25,49.512500,1.216864,large_range
2023-10-02,ES,4326.00,4404.901110,4434.560539,bear_trend,60.00,51.712500,1.160261,normal_range
2023-10-03,ES,4262.75,4391.362909,4427.822871,bear_trend,84.50,54.825000,1.541268,large_range
2023-10-04,ES,4290.75,4381.780727,4422.447464,bear_trend,68.50,55.412500,1.236183,large_range
2023-10-05,ES,4288.50,4372.896848,4417.194623,bear_trend,44.00,55.737500,0.789415,small_range
2023-10-06,ES,4345.25,4370.263815,4414.373265,bear_trend,116.25,59.825000,1.943168,large_range
2023-10-09,ES,4368.75,4370.119642,4412.584117,bear_trend,76.25,61.925000,1.231328,large_range
2023-10-10,ES,4391.50,4372.155867,4411.757289,range,52.75,62.950000,0.837967,normal_range
2023-10-11,ES,4419.00,4376.617213,4412.041317,range,42.50,63.362500,0.670744,small_range
2023-10-12,ES,4380.75,4377.010811,4410.814206,range,75.00,62.525000,1.199520,normal_range
2023-10-13,ES,4351.50,4374.581210,4408.488159,bear_trend,67.00,62.275000,1.075873,normal_range
2023-10-16,ES,4406.00,4377.573476,4408.390584,range,59.75,64.037500,0.933047,normal_range
2023-10-17,ES,4400.00,4379.709335,4408.061542,range,57.50,64.550000,0.890782,normal_range
2023-10-18,ES,4347.50,4376.641780,4405.686579,bear_trend,68.50,64.775000,1.057507,normal_range
2023-10-19,ES,4296.50,4369.009229,4401.404753,bear_trend,73.75,64.437500,1.144520,normal_range
2023-10-20,ES,4244.50,4357.151207,4395.251625,bear_trend,60.75,65.387500,0.929077,normal_range
2023-10-23,ES,4250.75,4347.017759,4389.584895,bear_trend,67.50,66.500000,1.015038,normal_range
2023-10-24,ES,4270.25,4339.706544,4384.905095,bear_trend,48.50,65.062500,0.745437,small_range
2023-10-25,ES,4211.00,4327.448778,4378.085287,bear_trend,69.75,65.575000,1.063668,normal_range
2023-10-26,ES,4160.50,4311.548894,4369.552531,bear_trend,58.75,66.075000,0.889141,normal_range
2023-10-27,ES,4136.50,4294.877571,4360.413216,bear_trend,62.75,66.200000,0.947885,normal_range
2023-10-30,ES,4185.00,4284.413040,4353.534266,bear_trend,54.00,66.250000,0.815094,normal_range
2023-10-31,ES,4204.00,4276.754656,4347.670177,bear_trend,48.25,64.437500,0.748788,small_range
2023-11-01,ES,4258.25,4274.992307,4344.163504,bear_trend,73.50,64.687500,1.136232,normal_range
2023-11-02,ES,4333.25,4280.540659,4343.735523,range,82.00,66.587500,1.231462,large_range
2023-11-03,ES,4378.50,4289.870120,4345.098836,range,66.25,64.087500,1.033743,normal_range
2023-11-06,ES,4380.25,4298.477728,4346.477313,range,25.25,61.537500,0.410319,small_range
2023-11-07,ES,4397.50,4307.908420,4348.478203,range,37.25,60.762500,0.613043,small_range
2023-11-08,ES,4393.50,4316.059999,4350.243763,range,32.75,60.275000,0.543343,small_range
2023-11-09,ES,4364.75,4320.697142,4350.812635,range,55.25,59.287500,0.931900,normal_range
2023-11-10,ES,4424.50,4330.583129,4353.702336,range,81.25,60.000000,1.354167,large_range
2023-11-13,ES,4428.00,4339.860926,4356.615970,range,29.50,58.337500,0.505678,small_range
2023-11-14,ES,4514.50,4356.493219,4362.807501,range,104.00,60.662500,1.714403,large_range
2023-11-15,ES,4514.00,4371.493865,4368.736618,bull_trend,30.50,58.725000,0.519370,small_range
2023-11-16,ES,4528.50,4386.446830,4375.001849,bull_trend,27.75,56.425000,0.491803,small_range
2023-11-17,ES,4523.75,4399.523322,4380.835110,bull_trend,26.75,54.725000,0.488808,small_range
2023-11-20,ES,4561.25,4414.925863,4387.910203,bull_trend,51.00,53.900000,0.946197,normal_range
2023-11-21,ES,4548.00,4427.599590,4394.188235,bull_trend,30.25,52.987500,0.570889,small_range
2023-11-22,ES,4565.75,4440.756772,4400.916147,bull_trend,37.50,51.375000,0.729927,small_range
2023-11-23,ES,4569.50,4453.018032,4407.527278,bull_trend,10.75,48.675000,0.220853,small_range
2023-11-24,ES,4568.25,4463.992505,4413.830130,bull_trend,11.25,46.100000,0.244035,small_range
2023-11-27,ES,4561.50,4473.278933,4419.621106,bull_trend,18.00,43.950000,0.409556,small_range
2023-11-28,ES,4564.00,4481.919035,4425.283023,bull_trend,30.25,43.050000,0.702671,small_range
2023-11-29,ES,4563.00,4489.641032,4430.683689,bull_trend,41.50,41.450000,1.001206,normal_range
2023-11-30,ES,4571.75,4497.460933,4436.215701,bull_trend,34.75,39.087500,0.889031,normal_range
2023-12-01,ES,4604.00,4507.607511,4442.795477,bull_trend,45.25,38.037500,1.189616,normal_range
2023-12-04,ES,4572.50,4513.787748,4447.881929,bull_trend,51.00,39.325000,1.296885,large_range
2023-12-05,ES,4573.25,4519.450820,4452.798324,bull_trend,30.00,38.962500,0.769971,small_range
2023-12-06,ES,4556.50,4522.979313,4456.865057,bull_trend,46.50,39.650000,1.172762,normal_range
2023-12-07,ES,4585.75,4528.957474,4461.919368,bull_trend,47.25,39.250000,1.203822,large_range
2023-12-08,ES,4607.25,4536.413905,4467.618609,bull_trend,52.00,37.787500,1.376116,large_range
2023-12-11,ES,4624.50,4544.803057,4473.770820,bull_trend,27.75,37.700000,0.736074,small_range
2023-12-12,ES,4649.25,4554.750385,4480.652356,bull_trend,39.25,34.462500,1.138919,normal_range
2023-12-13,ES,4706.50,4569.202729,4489.509127,bull_trend,66.75,36.275000,1.840110,large_range
2023-12-14,ES,4768.50,4588.183421,4500.449945,bull_trend,84.00,39.150000,2.145594,large_range
2023-12-15,ES,4769.50,4605.451667,4511.000928,bull_trend,31.75,39.400000,0.805838,normal_range
2023-12-18,ES,4790.25,4623.051508,4521.951872,bull_trend,32.75,38.487500,0.850926,normal_range
2023-12-19,ES,4818.25,4641.641841,4533.571406,bull_trend,33.75,38.662500,0.872939,normal_range
2023-12-20,ES,4753.25,4652.271189,4542.186253,bull_trend,87.50,41.162500,2.125721,large_range
2023-12-21,ES,4795.75,4665.935838,4552.129929,bull_trend,47.25,42.987500,1.099157,normal_range
2023-12-22,ES,4799.25,4678.632425,4561.820913,bull_trend,37.00,44.275000,0.835686,normal_range
2023-12-26,ES,4827.00,4692.762670,4572.220093,bull_trend,34.25,45.137500,0.758793,small_range
2023-12-27,ES,4834.75,4706.285273,4582.515383,bull_trend,20.00,44.625000,0.448179,small_range
2023-12-28,ES,4833.50,4718.400961,4592.357917,bull_trend,13.50,43.225000,0.312319,small_range
2023-12-29,ES,4812.75,4727.386584,4601.000744,bull_trend,44.25,43.700000,1.012586,normal_range
2024-01-02,ES,4788.50,4733.206909,4608.353656,bull_trend,62.50,44.562500,1.402525,large_range
2024-01-03,ES,4748.75,4734.687204,4613.859395,bull_trend,49.75,44.500000,1.117978,normal_range
2024-01-04,ES,4732.25,4734.455089,4618.502164,range,39.50,44.975000,0.878266,normal_range
2024-01-05,ES,4735.50,4734.554604,4623.090314,bull_trend,58.25,45.562500,1.278464,large_range
2024-01-08,ES,4798.00,4740.597023,4629.949517,bull_trend,88.00,47.600000,1.848739,large_range
2024-01-09,ES,4790.50,4745.349687,4636.245615,bull_trend,36.50,46.825000,0.779498,small_range
2024-01-10,ES,4820.25,4752.483051,4643.461473,bull_trend,42.50,47.562500,0.893561,normal_range
2024-01-11,ES,4812.00,4758.151331,4650.070827,bull_trend,65.25,48.862500,1.335380,large_range
2024-01-12,ES,4811.25,4763.208348,4656.391579,bull_trend,45.00,47.775000,0.941915,normal_range
2024-01-15,ES,4813.50,4767.998029,4662.552693,bull_trend,16.50,44.337500,0.372145,small_range
2024-01-16,ES,4799.00,4770.950597,4667.903568,bull_trend,36.25,44.562500,0.813464,normal_range
2024-01-17,ES,4769.25,4770.788636,4671.877938,range,54.50,45.650000,1.193866,normal_range
2024-01-18,ES,4810.75,4774.594480,4677.323901,bull_trend,53.50,46.637500,1.147146,normal_range
2024-01-19,ES,4869.75,4783.656910,4684.870023,bull_trend,65.75,45.550000,1.443469,large_range
2024-01-22,ES,4880.75,4792.903871,4692.551591,bull_trend,25.75,44.612500,0.577192,small_range
2024-01-23,ES,4901.00,4803.198741,4700.726038,bull_trend,27.75,44.150000,0.628539,small_range
2024-01-24,ES,4901.50,4812.560765,4708.599527,bull_trend,44.25,44.600000,0.992152,normal_range
2024-01-25,ES,4919.00,4822.697835,4716.850526,bull_trend,33.25,45.262500,0.734604,small_range
2024-01-26,ES,4912.75,4831.274232,4724.532858,bull_trend,35.75,46.375000,0.770889,small_range
2024-01-29,ES,4950.25,4842.605258,4733.384511,bull_trend,54.25,46.875000,1.157333,normal_range
2024-01-30,ES,4933.50,4851.261900,4741.232177,bull_trend,24.25,44.962500,0.539338,small_range
2024-01-31,ES,4871.75,4853.213147,4746.350523,bull_trend,72.00,46.075000,1.562670,large_range
2024-02-01,ES,4959.00,4863.288086,4754.689718,bull_trend,91.25,48.700000,1.873717,large_range
2024-02-02,ES,4972.75,4873.713030,4763.241102,bull_trend,72.00,49.387500,1.457859,large_range
2024-02-05,ES,4960.25,4881.954646,4770.966941,bull_trend,43.00,47.137500,0.912225,normal_range
2024-02-06,ES,4972.25,4890.554204,4778.860394,bull_trend,23.75,46.500000,0.510753,small_range
2024-02-07,ES,5015.50,4902.453803,4788.140379,bull_trend,50.00,46.875000,1.066667,normal_range
2024-02-08,ES,5014.50,4913.124870,4797.017227,bull_trend,16.25,44.425000,0.365785,small_range
2024-02-09,ES,5042.00,4925.398692,4806.624394,bull_trend,35.50,43.950000,0.807736,normal_range
2024-02-12,ES,5035.75,4935.908340,4815.609712,bull_trend,35.00,44.875000,0.779944,small_range
2024-02-13,ES,4973.25,4939.464689,4821.791684,bull_trend,103.50,48.237500,2.145634,large_range
2024-02-14,ES,5017.50,4946.896623,4829.466520,bull_trend,53.75,48.200000,1.115145,normal_range
2024-02-15,ES,5050.50,4956.763611,4838.134500,bull_trend,40.75,47.562500,0.856767,normal_range
2024-02-16,ES,5014.50,4962.262315,4845.050794,bull_trend,46.50,46.600000,0.997854,normal_range
2024-02-19,ES,5024.50,4968.189714,4852.088018,bull_trend,13.25,45.925000,0.288514,small_range
2024-02-20,ES,4989.50,4970.219265,4857.476723,bull_trend,56.50,47.362500,1.192927,normal_range
2024-02-21,ES,5018.75,4974.841239,4863.801165,bull_trend,61.50,48.225000,1.275272,large_range
2024-02-22,ES,5093.25,4986.118264,4872.799159,bull_trend,92.50,51.187500,1.807082,large_range
2024-02-23,ES,5094.75,4996.464144,4881.503113,bull_trend,31.50,50.975000,0.617950,small_range
2024-02-26,ES,5077.50,5004.181844,4889.189265,bull_trend,31.75,49.850000,0.636911,small_range
2024-02-27,ES,5090.25,5012.378812,4897.074000,bull_trend,26.00,49.937500,0.520651,small_range
2024-02-28,ES,5069.50,5017.818925,4903.835804,bull_trend,28.00,47.737500,0.586541,small_range
2024-02-29,ES,5100.75,5025.717122,4911.557929,bull_trend,54.50,45.862500,1.188335,normal_range
2024-03-01,ES,5138.75,5036.482158,4920.467422,bull_trend,60.00,45.262500,1.325601,large_range
2024-03-04,ES,5134.25,5045.793381,4928.851053,bull_trend,25.75,44.400000,0.579955,small_range
2024-03-05,ES,5091.25,5050.122583,4935.219639,bull_trend,72.50,46.837500,1.547905,large_range
2024-03-06,ES,5113.25,5056.134718,4942.201222,bull_trend,50.75,46.875000,1.082667,normal_range
2024-03-07,ES,5157.25,5065.764745,4950.634507,bull_trend,84.00,50.262500,1.671226,large_range
2024-03-08,ES,5132.00,5072.072864,4957.746880,bull_trend,71.25,52.050000,1.368876,large_range
2024-03-11,ES,5128.25,5077.423068,4964.433276,bull_trend,38.50,52.225000,0.737195,small_range
2024-03-12,ES,5175.00,5086.716109,4972.690795,bull_trend,70.25,50.562500,1.389370,large_range
2024-03-13,ES,5172.50,5094.886003,4980.526450,bull_trend,30.75,49.412500,0.622312,small_range
2024-03-14,ES,5217.75,5106.587336,4989.829334,bull_trend,83.50,51.550000,1.619787,large_range
2024-03-15,ES,5183.25,5113.888542,4997.414459,bull_trend,63.00,52.375000,1.202864,large_range
2024-03-18,ES,5214.50,5123.470586,5005.927617,bull_trend,58.50,54.550000,1.072411,normal_range
2024-03-19,ES,5239.50,5134.521006,5015.087318,bull_trend,58.75,54.662500,1.074777,normal_range
2024-03-20,ES,5296.25,5149.923768,5026.113306,bull_trend,64.75,54.825000,1.181031,normal_range
2024-03-21,ES,5307.50,5164.931028,5037.148078,bull_trend,29.25,51.662500,0.566175,small_range
2024-03-22,ES,5289.75,5176.818549,5047.054036,bull_trend,24.00,51.287500,0.467950,small_range
2024-03-25,ES,5280.75,5186.716783,5056.218583,bull_trend,22.50,50.825000,0.442696,small_range
2024-03-26,ES,5272.50,5194.886613,5064.700208,bull_trend,37.50,51.400000,0.729572,small_range
2024-03-27,ES,5308.25,5205.683126,5074.251180,bull_trend,43.00,52.150000,0.824545,normal_range
2024-03-28,ES,5304.25,5215.070447,5083.270741,bull_trend,20.00,50.425000,0.396629,small_range
2024-04-01,ES,5293.75,5222.563738,5091.524830,bull_trend,51.25,49.987500,1.025256,normal_range
2024-04-02,ES,5262.00,5226.319572,5098.210131,bull_trend,61.00,51.750000,1.178744,normal_range
2024-04-03,ES,5269.00,5230.384375,5104.907773,bull_trend,36.25,49.937500,0.725907,small_range
2024-04-04,ES,5197.00,5227.204911,5108.519233,range,116.00,53.200000,2.180451,large_range
2024-04-05,ES,5255.75,5229.923491,5114.292988,bull_trend,81.00,53.050000,1.526861,large_range
2024-04-08,ES,5257.00,5232.502206,5119.889342,bull_trend,32.75,51.125000,0.640587,small_range
2024-04-09,ES,5265.50,5235.644853,5125.599564,bull_trend,66.00,52.500000,1.257143,large_range
2024-04-10,ES,5203.75,5232.607248,5128.664287,range,108.50,54.412500,1.994027,large_range
2024-04-11,ES,5243.25,5233.620843,5133.157844,bull_trend,84.00,57.075000,1.471748,large_range
2024-04-12,ES,5166.50,5227.228382,5134.465379,range,98.75,57.837500,1.707370,large_range
2024-04-15,ES,5101.00,5215.206631,5133.153012,range,119.25,60.650000,1.966200,large_range
2024-04-16,ES,5094.50,5203.710762,5131.637207,range,44.50,59.950000,0.742285,small_range
2024-04-17,ES,5061.50,5190.166880,5128.886729,range,73.50,60.687500,1.211123,large_range
2024-04-18,ES,5048.00,5176.627177,5125.714700,range,56.75,60.287500,0.941323,normal_range
2024-04-19,ES,5003.50,5160.138874,5120.921967,range,94.50,63.550000,1.487018,large_range
2024-04-22,ES,5049.00,5149.554220,5118.101497,range,70.75,66.012500,1.071767,normal_range
2024-04-23,ES,5112.25,5146.001437,5117.872027,range,75.75,68.675000,1.103021,normal_range
2024-04-24,ES,5079.75,5139.691776,5116.377045,range,56.50,69.625000,0.811490,normal_range
2024-04-25,ES,5131.75,5138.935416,5116.979906,range,110.50,73.000000,1.513699,large_range
2024-04-26,ES,5131.75,5138.251091,5117.559126,range,42.00,74.100000,0.566802,small_range
2024-04-29,ES,5147.25,5139.108130,5118.723474,bull_trend,35.50,73.312500,0.484228,small_range
2024-04-30,ES,5055.00,5131.097832,5116.224514,range,97.50,75.137500,1.297621,large_range
2024-05-01,ES,5053.75,5123.731372,5113.774533,range,89.00,77.775000,1.144327,normal_range
2024-05-02,ES,5111.00,5122.518860,5113.665728,range,76.75,75.812500,1.012366,normal_range
2024-05-03,ES,5161.50,5126.231350,5115.541582,bull_trend,67.50,75.137500,0.898353,normal_range
2024-05-06,ES,5205.25,5133.756935,5119.059559,bull_trend,52.00,76.100000,0.683311,small_range
2024-05-07,ES,5212.00,5141.208656,5122.704282,bull_trend,24.50,74.025000,0.330969,small_range
2024-05-08,ES,5210.00,5147.760212,5126.127644,bull_trend,29.25,70.062500,0.417484,small_range
2024-05-09,ES,5240.50,5156.592573,5130.612834,bull_trend,49.75,68.350000,0.727871,small_range
2024-05-10,ES,5241.50,5164.678995,5134.961350,bull_trend,31.25,64.975000,0.480954,small_range
2024-05-13,ES,5243.00,5172.138138,5139.198160,bull_trend,30.75,60.550000,0.507845,small_range
2024-05-14,ES,5269.00,5181.363077,5144.288428,bull_trend,57.50,61.200000,0.939542,normal_range
2024-05-15,ES,5330.25,5195.542784,5151.581039,bull_trend,71.00,61.075000,1.162505,normal_range
2024-05-16,ES,5316.25,5207.038710,5158.038645,bull_trend,33.50,59.912500,0.559149,small_range
2024-05-17,ES,5327.75,5218.535023,5164.693993,bull_trend,23.00,56.337500,0.408254,small_range
2024-05-20,ES,5331.75,5229.317402,5171.245208,bull_trend,24.50,53.900000,0.454545,small_range
2024-05-21,ES,5344.00,5240.239554,5178.019906,bull_trend,25.00,51.362500,0.486736,small_range
2024-05-22,ES,5331.00,5248.883406,5184.019126,bull_trend,42.50,50.662500,0.838885,normal_range
2024-05-23,ES,5286.50,5252.465939,5188.037983,bull_trend,94.75,49.875000,1.899749,large_range
2024-05-24,ES,5320.75,5258.969183,5193.242376,bull_trend,43.50,49.950000,0.870871,normal_range
2024-05-27,ES,5334.00,5266.114975,5198.762283,bull_trend,22.25,49.287500,0.451433,small_range
2024-05-28,ES,5324.00,5271.627834,5203.673566,bull_trend,42.25,46.525000,0.908114,normal_range
2024-05-29,ES,5270.00,5271.472802,5206.274603,range,55.75,44.862500,1.242686,large_range
2024-05-30,ES,5250.50,5269.475393,5208.008932,range,38.75,42.962500,0.901949,normal_range
2024-05-31,ES,5299.25,5272.311070,5211.587013,bull_trend,101.50,44.662500,2.272600,large_range
2024-06-03,ES,5300.50,5274.995730,5215.073797,bull_trend,66.50,45.387500,1.465161,large_range
2024-06-04,ES,5304.75,5277.829470,5218.590511,bull_trend,50.25,46.675000,1.076593,normal_range
2024-06-05,ES,5365.75,5286.202854,5224.361471,bull_trend,65.75,48.500000,1.355670,large_range
2024-06-06,ES,5363.25,5293.540677,5229.808080,bull_trend,28.00,47.412500,0.590562,small_range
2024-06-07,ES,5353.50,5299.251089,5234.658744,bull_trend,56.50,48.675000,1.160760,normal_range
2024-06-10,ES,5369.50,5305.941461,5239.946636,bull_trend,37.50,49.012500,0.765111,small_range
2024-06-11,ES,5383.75,5313.351798,5245.585984,bull_trend,51.75,48.725000,1.062083,normal_range
2024-06-12,ES,5438.50,5325.270675,5253.151239,bull_trend,74.50,48.900000,1.523517,large_range
2024-06-13,ES,5436.25,5335.840134,5260.331583,bull_trend,44.25,49.437500,0.895070,normal_range
2024-06-14,ES,5500.25,5351.498217,5269.740148,bull_trend,75.75,52.075000,1.454633,large_range
2024-06-17,ES,5547.25,5370.141244,5280.622887,bull_trend,71.25,54.412500,1.309442,large_range
2024-06-18,ES,5562.00,5388.413506,5291.657284,bull_trend,21.25,54.225000,0.391886,small_range
2024-06-19,ES,5561.75,5404.921744,5302.249155,bull_trend,7.25,52.462500,0.138194,small_range
2024-06-20,ES,5544.00,5418.167292,5311.729580,bull_trend,62.50,50.850000,1.229105,large_range
2024-06-21,ES,5536.50,5429.437074,5320.544107,bull_trend,31.75,50.262500,0.631684,small_range
2024-06-24,ES,5515.75,5437.657352,5328.199240,bull_trend,48.25,51.562500,0.935758,normal_range
2024-06-25,ES,5535.00,5446.928081,5336.309074,bull_trend,28.75,50.887500,0.564972,small_range
2024-06-26,ES,5533.50,5455.173025,5344.042051,bull_trend,35.50,49.875000,0.711779,small_range
2024-06-27,ES,5549.50,5464.156547,5352.099225,bull_trend,39.25,49.900000,0.786573,small_range
2024-06-28,ES,5532.25,5470.641638,5359.163962,bull_trend,74.25,48.537500,1.529745,large_range
2024-07-01,ES,5532.00,5476.485291,5365.941846,bull_trend,36.50,47.037500,0.775977,small_range
2024-07-02,ES,5562.75,5484.700978,5373.659812,bull_trend,67.00,47.875000,1.399478,large_range
2024-07-03,ES,5591.00,5494.824694,5382.182957,bull_trend,36.00,46.387500,0.776071,small_range
2024-07-04,ES,5588.50,5503.746152,5390.273821,bull_trend,11.75,45.575000,0.257817,small_range
2024-07-05,ES,5615.00,5514.341756,5399.086613,bull_trend,41.00,44.800000,0.915179,normal_range
2024-07-08,ES,5628.50,5525.213970,5408.083216,bull_trend,26.75,44.262500,0.604349,small_range
2024-07-09,ES,5632.00,5535.384068,5416.864267,bull_trend,19.50,42.650000,0.457210,small_range
2024-07-10,ES,5684.50,5549.585585,5427.359786,bull_trend,59.75,41.912500,1.425589,large_range
2024-07-11,ES,5640.00,5558.196482,5435.698617,bull_trend,77.75,43.587500,1.783768,large_range
2024-07-12,ES,5667.50,5568.606341,5444.788868,bull_trend,87.00,44.150000,1.970555,large_range
2024-07-15,ES,5688.25,5580.000975,5454.336363,bull_trend,53.25,43.250000,1.231214,large_range
2024-07-16,ES,5715.50,5592.905644,5464.578074,bull_trend,48.25,44.600000,1.081839,normal_range
2024-07-17,ES,5643.00,5597.676535,5471.575013,bull_trend,86.00,48.537500,1.771826,large_range
2024-07-18,ES,5600.00,5597.897818,5476.611287,bull_trend,93.75,50.100000,1.871257,large_range
2024-07-19,ES,5552.75,5593.598025,5479.597119,range,65.50,51.787500,1.264784,large_range
2024-07-22,ES,5608.25,5594.993452,5484.642330,bull_trend,62.50,52.537500,1.189626,normal_range
2024-07-23,ES,5602.25,5595.684551,5489.254395,bull_trend,42.00,53.200000,0.789474,small_range
2024-07-24,ES,5483.25,5584.976499,5489.018929,range,123.00,58.437500,2.104813,large_range
2024-07-25,ES,5444.75,5571.621594,5487.282892,range,100.75,61.512500,1.637878,large_range
2024-07-26,ES,5499.25,5564.729061,5487.752191,range,83.00,61.975000,1.339250,large_range
2024-07-29,ES,5504.50,5558.992960,5488.408967,range,53.50,62.825000,0.851572,normal_range
2024-07-30,ES,5452.00,5548.803155,5486.981165,range,94.50,64.200000,1.471963,large_range
2024-07-31,ES,5570.25,5550.845711,5490.246609,bull_trend,137.00,69.250000,1.978339,large_range
2024-08-01,ES,5471.25,5543.265167,5489.501644,range,156.00,76.462500,2.040216,large_range
2024-08-02,ES,5358.00,5525.620866,5484.344717,range,141.50,81.487500,1.736463,large_range
2024-08-05,ES,5248.25,5499.204593,5475.086101,range,225.50,92.050000,2.449756,large_range
2024-08-06,ES,5249.00,5475.375584,5466.219979,range,120.25,97.087500,1.238573,large_range
2024-08-07,ES,5202.25,5449.363624,5455.868215,bear_trend,162.50,102.225000,1.589631,large_range
2024-08-08,ES,5353.00,5440.186136,5451.834167,bear_trend,179.00,107.287500,1.668414,large_range
2024-08-09,ES,5365.00,5433.025551,5448.428906,bear_trend,65.75,106.225000,0.618969,small_range
2024-08-12,ES,5367.75,5426.808832,5445.265027,bear_trend,49.00,106.012500,0.462210,small_range
2024-08-13,ES,5455.50,5429.541324,5445.666399,range,93.75,108.287500,0.865751,normal_range
2024-08-14,ES,5481.50,5434.489770,5447.071638,range,49.00,106.437500,0.460364,small_range
2024-08-15,ES,5567.00,5447.109792,5451.774711,range,100.00,106.750000,0.936768,normal_range
2024-08-16,ES,5580.25,5459.789811,5456.812958,bull_trend,49.75,105.962500,0.469506,small_range
2024-08-19,ES,5625.25,5475.547925,5463.418332,bull_trend,66.50,106.125000,0.626620,small_range
2024-08-20,ES,5620.00,5489.305265,5469.558790,bull_trend,36.00,105.825000,0.340184,small_range
2024-08-21,ES,5641.50,5503.800002,5476.301582,bull_trend,41.75,100.900000,0.413776,small_range
2024-08-22,ES,5598.50,5512.819049,5481.093677,bull_trend,82.50,99.987500,0.825103,normal_range
2024-08-23,ES,5650.75,5525.955330,5487.746866,bull_trend,64.50,99.037500,0.651268,small_range
2024-08-26,ES,5629.50,5535.816727,5493.305812,bull_trend,49.25,98.825000,0.498356,small_range
2024-08-27,ES,5643.00,5546.024658,5499.176173,bull_trend,38.00,96.000000,0.395833,small_range
2024-08-28,ES,5593.50,5550.546119,5502.875146,bull_trend,74.50,92.875000,0.802153,normal_range
2024-08-29,ES,5618.00,5556.970298,5507.389847,bull_trend,102.50,90.200000,1.136364,normal_range
2024-08-30,ES,5656.50,5566.449318,5513.237304,bull_trend,70.75,86.662500,0.816385,normal_range
2024-09-02,ES,5665.00,5575.835097,5519.188782,bull_trend,29.00,76.212500,0.380515,small_range
2024-09-03,ES,5538.50,5572.279373,5519.946084,range,153.00,77.850000,1.965318,large_range
2024-09-04,ES,5527.25,5567.990862,5520.232513,range,58.25,72.637500,0.801927,normal_range
2024-09-05,ES,5511.50,5562.610780,5519.890061,range,67.25,67.050000,1.002983,normal_range
2024-09-06,ES,5403.75,5547.481181,5515.335549,range,138.50,70.687500,1.959328,large_range
2024-09-09,ES,5487.50,5541.768688,5514.243959,range,87.75,72.700000,1.207015,large_range
2024-09-10,ES,5499.50,5537.743099,5513.665764,range,57.75,70.900000,0.814528,normal_range
2024-09-11,ES,5557.75,5539.648518,5515.394558,bull_trend,155.50,76.225000,2.040013,large_range
2024-09-12,ES,5596.50,5545.062945,5518.575163,bull_trend,66.75,74.562500,0.895222,normal_range
2024-09-13,ES,5626.75,5552.842664,5522.817314,bull_trend,44.25,74.325000,0.595358,small_range
2024-09-16,ES,5694.75,5566.357649,5529.559772,bull_trend,33.25,74.800000,0.444519,small_range
2024-09-17,ES,5701.25,5579.204539,5536.292722,bull_trend,59.25,75.962500,0.779990,small_range
2024-09-18,ES,5689.75,5589.732678,5542.310655,bull_trend,80.50,77.900000,1.033376,normal_range
2024-09-19,ES,5774.50,5607.329566,5551.416119,bull_trend,106.50,79.162500,1.345334,large_range
2024-09-20,ES,5758.25,5621.702941,5559.527252,bull_trend,43.25,78.100000,0.553777,small_range
2024-09-23,ES,5774.75,5636.278851,5567.967360,bull_trend,39.25,77.600000,0.505799,small_range
2024-09-24,ES,5792.75,5651.180865,5576.782365,bull_trend,39.50,77.675000,0.508529,small_range
2024-09-25,ES,5783.25,5663.758878,5584.879135,bull_trend,30.75,75.487500,0.407352,small_range
2024-09-26,ES,5803.75,5677.091366,5593.462306,bull_trend,51.75,72.950000,0.709390,small_range
2024-09-27,ES,5785.75,5687.439807,5601.003000,bull_trend,39.50,71.387500,0.553318,small_range
2024-09-30,ES,5806.25,5698.755064,5609.051902,bull_trend,64.00,73.137500,0.875064,normal_range
2024-10-01,ES,5758.25,5704.421248,5614.902808,bull_trend,89.50,69.962500,1.279257,large_range
2024-10-02,ES,5770.00,5710.666844,5620.985051,bull_trend,49.25,69.512500,0.708506,small_range
2024-10-03,ES,5744.00,5713.841430,5625.809166,bull_trend,47.00,68.500000,0.686131,small_range
2024-10-04,ES,5795.50,5721.618437,5632.463709,bull_trend,63.75,64.762500,0.984366,normal_range
2024-10-07,ES,5750.00,5724.321443,5637.072975,bull_trend,73.75,63.987500,1.152569,normal_range
2024-10-08,ES,5798.25,5731.362258,5643.393643,bull_trend,81.50,65.175000,1.250479,large_range
2024-10-09,ES,5836.50,5741.375376,5650.966441,bull_trend,65.75,60.687500,1.083419,normal_range
2024-10-10,ES,5831.00,5749.911054,5658.026581,bull_trend,32.50,58.975000,0.551081,small_range
2024-10-11,ES,5853.25,5759.752859,5665.682401,bull_trend,52.25,59.337500,0.880556,normal_range
2024-10-14,ES,5913.75,5774.419253,5675.410542,bull_trend,68.50,58.962500,1.161755,normal_range
2024-10-15,ES,5860.75,5782.641229,5682.678756,bull_trend,65.50,59.275000,1.105019,normal_range
2024-10-16,ES,5883.75,5792.270636,5690.563903,bull_trend,39.50,57.225000,0.690258,small_range
2024-10-17,ES,5887.50,5801.340099,5698.286887,bull_trend,56.00,54.637500,1.024937,normal_range
2024-10-18,ES,5907.50,5811.450566,5706.491323,bull_trend,39.25,54.437500,0.721010,small_range
2024-10-21,ES,5898.75,5819.764798,5714.030879,bull_trend,50.50,55.000000,0.918182,normal_range
2024-10-22,ES,5887.00,5826.168150,5720.813982,bull_trend,43.00,55.175000,0.779338,small_range
2024-10-23,ES,5842.00,5827.675945,5725.566375,bull_trend,92.75,58.275000,1.591592,large_range
2024-10-24,ES,5852.75,5830.063951,5730.553968,bull_trend,47.50,58.062500,0.818084,normal_range
2024-10-25,ES,5841.50,5831.153098,5734.904793,bull_trend,65.75,59.375000,1.107368,normal_range
2024-10-28,ES,5864.25,5834.305184,5739.977154,bull_trend,27.50,58.325000,0.471496,small_range
2024-10-29,ES,5878.00,5838.466595,5745.389814,bull_trend,46.25,56.162500,0.823503,normal_range
2024-10-30,ES,5845.25,5839.112634,5749.305900,bull_trend,52.75,56.337500,0.936321,normal_range
2024-10-31,ES,5738.50,5829.530478,5748.882139,range,110.75,59.587500,1.858611,large_range
2024-11-01,ES,5759.25,5822.837099,5749.288722,range,71.25,59.962500,1.188243,normal_range
2024-11-04,ES,5749.00,5815.804995,5749.277400,range,52.25,58.887500,0.887285,normal_range
2024-11-05,ES,5822.25,5816.418805,5752.139070,bull_trend,88.25,59.225000,1.490080,large_range
2024-11-06,ES,5966.25,5830.688442,5760.535577,bull_trend,152.25,63.550000,2.395751,large_range
2024-11-07,ES,6006.50,5847.432400,5770.181241,bull_trend,62.00,65.025000,0.953479,normal_range
2024-11-08,ES,6023.50,5864.200743,5780.115310,bull_trend,50.25,64.925000,0.773970,small_range
2024-11-11,ES,6028.50,5879.848291,5789.855886,bull_trend,39.75,63.487500,0.626108,small_range
2024-11-12,ES,6012.25,5892.457978,5798.577224,bull_trend,49.75,62.700000,0.793461,small_range
2024-11-13,ES,6018.25,5904.438170,5807.191842,bull_trend,43.50,62.900000,0.691574,small_range
2024-11-14,ES,5974.25,5911.086916,5813.743143,bull_trend,61.00,63.150000,0.965954,normal_range
2024-11-15,ES,5900.00,5910.031019,5817.125765,range,97.50,66.062500,1.475875,large_range
2024-11-18,ES,5918.75,5910.861398,5821.111029,bull_trend,46.50,65.862500,0.706016,small_range
2024-11-19,ES,5937.50,5913.398408,5825.675302,bull_trend,92.50,68.337500,1.353576,large_range
2024-11-20,ES,5939.75,5915.908084,5830.148820,bull_trend,77.75,67.587500,1.150361,normal_range
2024-11-21,ES,5966.50,5920.726361,5835.495925,bull_trend,79.75,69.200000,1.152457,normal_range
2024-11-22,ES,5991.00,5927.419089,5841.594124,bull_trend,52.75,68.550000,0.769511,small_range
2024-11-25,ES,6012.75,5935.545842,5848.306119,bull_trend,57.50,69.275000,0.830025,normal_range
2024-11-26,ES,6041.50,5945.636714,5855.882350,bull_trend,67.75,70.350000,0.963042,normal_range
2024-11-27,ES,6015.50,5952.290361,5862.141865,bull_trend,46.75,70.050000,0.667380,small_range
2024-11-28,ES,6029.75,5959.667469,5868.714733,bull_trend,17.75,65.337500,0.271666,small_range
2024-11-29,ES,6051.50,5968.413424,5875.882783,bull_trend,42.00,63.875000,0.657534,small_range
2024-12-02,ES,6063.00,5977.421670,5883.220713,bull_trend,32.50,62.887500,0.516796,small_range
2024-12-03,ES,6066.75,5985.929130,5890.417940,bull_trend,23.25,59.637500,0.389855,small_range
2024-12-04,ES,6095.50,5996.364451,5898.460374,bull_trend,39.25,53.987500,0.727020,small_range
2024-12-05,ES,6085.75,6004.877360,5905.805065,bull_trend,25.75,52.175000,0.493531,small_range
2024-12-06,ES,6096.75,6013.627135,5913.293102,bull_trend,35.00,51.412500,0.680768,small_range
2024-12-09,ES,6063.25,6018.353123,5919.173764,bull_trend,45.75,51.712500,0.884699,normal_range
2024-12-10,ES,6052.75,6021.629016,5924.412048,bull_trend,35.50,51.000000,0.696078,small_range
2024-12-11,ES,6087.25,6027.878633,5930.797850,bull_trend,57.00,51.675000,1.103048,normal_range
2024-12-12,ES,6058.75,6030.818763,5935.815581,bull_trend,32.75,50.262500,0.651579,small_range
2024-12-13,ES,6051.25,6032.764595,5940.342421,bull_trend,44.00,47.587500,0.924613,normal_range
2024-12-16,ES,6149.75,6043.906063,5948.554483,bull_trend,41.75,50.887500,0.820437,normal_range
2024-12-17,ES,6125.75,6051.700723,5955.503327,bull_trend,38.50,48.187500,0.798962,small_range
2024-12-18,ES,5939.50,6041.014940,5954.875746,range,241.50,56.375000,4.283814,large_range
2024-12-19,ES,5941.25,6031.513517,5954.341403,range,74.00,56.087500,1.319367,large_range
2024-12-20,ES,5996.50,6028.178897,5955.994681,range,184.75,62.687500,2.947159,large_range
2024-12-23,ES,6036.00,6028.923764,5959.132144,bull_trend,78.00,63.712500,1.224250,large_range
2024-12-24,ES,6099.00,6035.597691,5964.617158,bull_trend,69.50,63.800000,1.089342,normal_range
2024-12-26,ES,6091.50,6040.921720,5969.592956,bull_trend,44.25,63.675000,0.694935,small_range
2024-12-27,ES,6029.25,6039.810128,5971.932448,range,112.50,68.412500,1.644436,large_range
2024-12-30,ES,5954.25,6031.661544,5971.239019,range,118.00,72.212500,1.634066,large_range
2024-12-31,ES,5938.25,6022.765207,5969.945332,range,66.00,73.887500,0.893250,normal_range
2025-01-02,ES,5920.00,6012.978044,5967.986691,range,120.50,78.750000,1.530159,large_range
2025-01-03,ES,5985.25,6010.337278,5968.663684,range,85.50,81.062500,1.054742,normal_range
2025-01-06,ES,6028.25,6012.043252,5971.000402,bull_trend,87.50,84.150000,1.039810,normal_range
2025-01-07,ES,5954.75,6006.586751,5970.363131,range,110.50,87.925000,1.256753,large_range
2025-01-08,ES,5954.75,6001.649918,5969.750852,range,58.00,88.537500,0.655090,small_range
2025-01-09,ES,5944.75,5996.230878,5968.770426,range,27.75,88.150000,0.314804,small_range
2025-01-10,ES,5861.50,5983.399366,5964.563743,range,114.00,91.000000,1.252747,large_range
2025-01-13,ES,5881.75,5973.718474,5961.316145,range,74.25,93.075000,0.797744,small_range
2025-01-14,ES,5891.50,5965.888143,5958.578257,range,76.00,94.675000,0.802746,normal_range
2025-01-15,ES,5987.75,5967.970225,5959.722247,bull_trend,121.75,95.137500,1.279727,large_range
2025-01-16,ES,5969.50,5968.115918,5960.105688,bull_trend,55.75,96.000000,0.580729,small_range
2025-01-17,ES,6032.50,5974.247735,5962.944681,bull_trend,83.50,88.100000,0.947787,normal_range
2025-01-20,ES,6055.25,5981.962236,5966.564497,bull_trend,60.25,87.412500,0.689261,small_range
2025-01-21,ES,6091.75,5992.418214,5971.473733,bull_trend,98.75,83.112500,1.188149,normal_range
2025-01-22,ES,6120.25,6004.592670,5977.308096,bull_trend,48.75,81.650000,0.597061,small_range
2025-01-23,ES,6148.50,6018.298130,5984.021504,bull_trend,52.50,80.800000,0.649752,small_range
2025-01-24,ES,6132.00,6029.126879,5989.824582,bull_trend,40.25,80.600000,0.499380,small_range
2025-01-27,ES,6050.25,6031.138605,5992.194207,bull_trend,157.25,84.175000,1.868132,large_range
2025-01-28,ES,6091.25,6036.863500,5996.078747,bull_trend,82.00,82.375000,0.995448,normal_range
2025-01-29,ES,6076.50,6040.638405,5999.232522,bull_trend,69.25,82.537500,0.839013,normal_range
2025-01-30,ES,6093.25,6045.649033,6002.919482,bull_trend,59.75,79.500000,0.751572,small_range
2025-01-31,ES,6065.50,6047.539601,6005.373620,bull_trend,90.00,79.725000,1.128881,normal_range
2025-02-03,ES,6055.50,6048.297734,6007.339360,bull_trend,126.50,81.850000,1.545510,large_range
2025-02-04,ES,6045.75,6048.055093,6008.845660,range,82.00,80.425000,1.019583,normal_range
2025-02-05,ES,6090.00,6052.049846,6012.028183,bull_trend,71.75,81.112500,0.884574,normal_range
2025-02-06,ES,6094.25,6056.068908,6015.252568,bull_trend,38.50,81.650000,0.471525,small_range
2025-02-07,ES,6050.00,6055.490917,6016.615212,range,82.00,80.050000,1.024360,normal_range
2025-02-10,ES,6087.75,6058.563211,6019.404812,bull_trend,82.00,80.437500,1.019425,normal_range
2025-02-11,ES,6090.50,6061.604810,6022.192859,bull_trend,41.00,78.687500,0.521048,small_range
2025-02-12,ES,6079.75,6063.332923,6024.450001,bull_trend,77.25,76.462500,1.010299,normal_range
2025-02-13,ES,6132.25,6069.896454,6028.677452,bull_trend,84.50,77.900000,1.084724,normal_range
2025-02-14,ES,6134.00,6076.001554,6032.807748,bull_trend,25.50,75.000000,0.340000,small_range
2025-02-17,ES,6146.00,6082.668072,6037.246660,bull_trend,16.25,72.800000,0.223214,small_range
2025-02-18,ES,6144.75,6088.580637,6041.462477,bull_trend,39.50,69.837500,0.565599,small_range
2025-02-19,ES,6155.00,6094.906291,6045.914929,bull_trend,37.25,69.262500,0.537809,small_range
2025-02-20,ES,6133.00,6098.534263,6049.330030,bull_trend,56.75,69.475000,0.816841,normal_range
2025-02-21,ES,6029.75,6091.983381,6048.562186,range,118.00,73.362500,1.608451,large_range
2025-02-24,ES,6005.50,6083.746868,6046.873473,range,73.00,67.812500,1.076498,normal_range
2025-02-25,ES,5979.75,6073.842405,6044.241180,range,92.00,68.312500,1.346752,large_range
2025-02-26,ES,5990.25,6065.881223,6042.123878,range,78.25,68.762500,1.137975,normal_range
2025-02-27,ES,5881.00,6048.273488,6035.805295,range,141.50,72.850000,1.942347,large_range
2025-02-28,ES,5958.00,6039.676013,6032.754107,range,123.00,74.500000,1.651007,large_range
2025-03-03,ES,5875.00,6023.992583,6026.567671,bear_trend,178.75,76.937500,2.323314,large_range
2025-03-04,ES,5825.00,6005.040908,6018.663057,bear_trend,140.00,79.837500,1.753562,large_range
2025-03-05,ES,5845.50,5989.846536,6011.872349,bear_trend,118.75,82.187500,1.444867,large_range
2025-03-06,ES,5761.25,5968.075437,6002.044021,bear_trend,133.50,86.937500,1.535586,large_range
2025-03-07,ES,5771.75,5949.377777,5993.012883,bear_trend,118.00,88.737500,1.329765,large_range
2025-03-10,ES,5628.75,5918.841798,5978.728064,bear_trend,186.25,94.650000,1.967776,large_range
2025-03-11,ES,5576.75,5886.261627,5962.964219,bear_trend,117.75,98.487500,1.195583,normal_range
2025-03-12,ES,5597.25,5858.736710,5948.622484,bear_trend,124.75,100.862500,1.236832,large_range
2025-03-13,ES,5537.50,5828.142738,5932.500034,bear_trend,113.75,102.325000,1.111654,normal_range
2025-03-14,ES,5681.00,5814.129143,5922.637288,bear_trend,162.00,109.212500,1.483347,large_range
2025-03-17,ES,5731.75,5806.283511,5915.151512,bear_trend,108.25,113.812500,0.951126,normal_range
2025-03-18,ES,5669.75,5793.280319,5905.527923,bear_trend,87.50,116.212500,0.752931,small_range
2025-03-19,ES,5729.75,5787.229813,5898.634671,bear_trend,113.00,120.000000,0.941667,normal_range
2025-03-20,ES,5716.50,5780.493640,5891.492135,bear_trend,82.75,121.300000,0.682193,small_range
2025-03-21,ES,5720.00,5774.732341,5884.766953,bear_trend,72.50,119.025000,0.609116,small_range
2025-03-24,ES,5813.00,5778.376880,5881.952563,range,86.50,120.650000,0.716950,small_range
2025-03-25,ES,5832.00,5783.483844,5879.993639,range,35.00,117.800000,0.297114,small_range
2025-03-26,ES,5754.75,5780.747287,5875.082124,bear_trend,93.50,118.562500,0.788614,small_range
2025-03-27,ES,5741.25,5776.985641,5869.833805,bear_trend,59.75,114.475000,0.521948,small_range
2025-03-28,ES,5602.50,5760.367961,5859.350126,bear_trend,145.50,115.600000,1.258651,large_range
2025-03-31,ES,5644.50,5749.332917,5850.924631,bear_trend,139.00,113.612500,1.223457,large_range
2025-04-01,ES,5672.25,5741.991687,5843.917783,bear_trend,94.50,111.337500,0.848771,normal_range
2025-04-02,ES,5584.50,5726.992478,5833.744537,bear_trend,207.00,115.750000,1.788337,large_range
2025-04-03,ES,5421.00,5697.850338,5817.558476,bear_trend,149.50,117.537500,1.271934,large_range
2025-04-04,ES,5096.75,5640.602686,5789.291477,bear_trend,361.00,129.687500,2.783614,large_range
2025-04-07,ES,5118.00,5590.831002,5762.966321,bear_trend,454.50,142.400000,3.191713,large_range
2025-04-08,ES,5012.25,5535.728049,5733.526466,bear_trend,364.75,154.750000,2.357027,large_range
2025-04-09,ES,5513.50,5533.611092,5724.897977,bear_trend,648.25,180.925000,3.582976,large_range
2025-04-10,ES,5304.50,5511.790988,5708.411782,bear_trend,382.00,194.337500,1.965653,large_range
2025-04-11,ES,5395.75,5500.739466,5696.150535,bear_trend,212.25,196.787500,1.078575,normal_range
2025-04-14,ES,5432.25,5494.216659,5685.801495,bear_trend,106.75,196.712500,0.542670,small_range
2025-04-15,ES,5425.50,5487.672216,5675.593593,bear_trend,72.00,195.937500,0.367464,small_range
2025-04-16,ES,5299.50,5469.751052,5660.844825,bear_trend,174.00,199.012500,0.874317,normal_range
2025-04-17,ES,5326.50,5456.108095,5647.733263,bear_trend,85.75,199.162500,0.430553,small_range
2025-04-21,ES,5184.00,5430.193038,5629.547645,bear_trend,179.50,205.500000,0.873479,normal_range
2025-04-22,ES,5314.50,5419.174654,5617.192835,bear_trend,167.50,208.600000,0.802972,normal_range
2025-04-23,ES,5413.00,5418.586591,5609.185273,bear_trend,122.00,216.112500,0.564521,small_range
2025-04-24,ES,5519.75,5428.221202,5605.678007,range,186.25,220.750000,0.843715,normal_range
2025-04-25,ES,5552.50,5440.057278,5603.592595,range,82.00,221.862500,0.369598,small_range
2025-04-28,ES,5545.50,5450.099442,5601.314454,range,86.75,218.925000,0.396254,small_range
2025-04-29,ES,5582.75,5462.732828,5600.586436,range,75.75,215.762500,0.351080,small_range
2025-04-30,ES,5619.25,5477.639226,5601.318341,range,170.75,219.575000,0.777639,small_range
2025-05-01,ES,5611.75,5490.411680,5601.727426,range,80.75,213.262500,0.378641,small_range
2025-05-02,ES,5710.50,5511.372473,5605.993017,range,123.75,210.987500,0.586528,small_range
2025-05-05,ES,5671.25,5526.598904,5608.552114,range,51.00,195.700000,0.260603,small_range
2025-05-06,ES,5615.00,5535.018056,5608.804972,range,68.25,176.387500,0.386932,small_range
2025-05-07,ES,5645.75,5545.563955,5610.253797,range,93.75,162.837500,0.575727,small_range
2025-05-08,ES,5684.50,5558.795960,5613.165413,range,104.50,135.650000,0.770365,small_range
2025-05-09,ES,5684.00,5570.720154,5615.943240,range,52.75,119.187500,0.442580,small_range
2025-05-12,ES,5868.25,5599.056330,5625.837622,range,142.00,118.187500,1.201481,large_range
2025-05-13,ES,5900.75,5627.789060,5636.618500,range,91.25,117.412500,0.777174,small_range
2025-05-14,ES,5906.00,5654.285340,5647.182480,bull_trend,35.00,115.562500,0.302866,small_range
2025-05-15,ES,5934.00,5680.924832,5658.430226,bull_trend,77.50,110.712500,0.700011,small_range
2025-05-16,ES,5948.50,5706.408181,5669.805512,bull_trend,54.50,109.150000,0.499313,small_range
2025-05-19,ES,5980.50,5732.512164,5681.989609,bull_trend,94.75,103.925000,0.911715,normal_range
2025-05-20,ES,5954.00,5753.606243,5692.656683,bull_trend,66.75,98.887500,0.675009,small_range
2025-05-21,ES,5858.75,5763.619934,5699.170147,bull_trend,110.50,95.150000,1.161324,normal_range
2025-05-22,ES,5868.00,5773.560893,5705.790925,bull_trend,66.25,89.150000,0.743130,small_range
2025-05-23,ES,5814.75,5777.483665,5710.063830,bull_trend,115.50,90.825000,1.271676,large_range
2025-05-26,ES,5891.00,5788.294745,5717.159366,bull_trend,82.00,90.587500,0.905202,normal_range
2025-05-27,ES,5940.25,5802.766674,5725.908019,bull_trend,79.25,90.762500,0.873158,normal_range
2025-05-28,ES,5925.50,5814.455562,5733.735155,bull_trend,62.50,85.350000,0.732279,small_range
2025-05-29,ES,5917.25,5824.245508,5740.931816,bull_trend,124.00,87.512500,1.416940,large_range
2025-05-30,ES,5913.75,5832.769746,5747.708999,bull_trend,79.50,85.300000,0.932005,normal_range
2025-06-02,ES,5949.25,5843.863103,5755.612568,bull_trend,88.00,86.937500,1.012221,normal_range
2025-06-03,ES,5980.25,5856.852332,5764.421879,bull_trend,82.00,87.625000,0.935806,normal_range
2025-06-04,ES,5976.75,5868.271157,5772.748472,bull_trend,25.00,84.187500,0.296956,small_range
2025-06-05,ES,5939.75,5875.078666,5779.297552,bull_trend,87.75,83.350000,1.052789,normal_range
2025-06-06,ES,6010.00,5887.928317,5788.344706,bull_trend,95.00,85.462500,1.111599,normal_range
2025-06-09,ES,6012.00,5899.744668,5797.115502,bull_trend,35.50,77.625000,0.457327,small_range
2025-06-10,ES,6040.50,5913.149937,5806.659992,bull_trend,58.25,75.975000,0.766700,small_range
2025-06-11,ES,6028.00,5924.088039,5815.339993,bull_trend,68.50,77.650000,0.882164,normal_range
2025-06-12,ES,6042.50,5935.365368,5824.248228,bull_trend,63.50,76.950000,0.825211,normal_range
2025-06-13,ES,6030.00,5944.378190,5832.316925,bull_trend,155.00,81.975000,1.890820,large_range
2025-06-16,ES,6091.00,5958.342172,5842.461359,bull_trend,109.00,82.687500,1.318216,large_range
2025-06-17,ES,6037.75,5965.904822,5850.119738,bull_trend,63.25,82.512500,0.766551,small_range
2025-06-18,ES,6036.00,5972.580554,5857.409160,bull_trend,56.00,79.787500,0.701864,small_range
2025-06-19,ES,5978.25,5973.120501,5862.148016,bull_trend,68.75,79.912500,0.860316,normal_range
2025-06-20,ES,6025.00,5978.061406,5868.534368,bull_trend,79.50,78.775000,1.009203,normal_range
2025-06-23,ES,6077.50,5987.531748,5876.729099,bull_trend,122.50,80.800000,1.516089,large_range
2025-06-24,ES,6143.50,6002.385867,5887.190703,bull_trend,80.00,80.837500,0.989640,normal_range
2025-06-25,ES,6146.00,6016.063404,5897.340087,bull_trend,29.50,79.187500,0.372534,small_range
2025-06-26,ES,6195.75,6033.176413,5909.042437,bull_trend,58.75,75.925000,0.773790,small_range
2025-06-27,ES,6220.75,6051.040564,5921.266263,bull_trend,55.75,74.737500,0.745944,small_range
2025-06-30,ES,6245.25,6069.536701,5933.971507,bull_trend,42.25,72.575000,0.582156,small_range
2025-07-01,ES,6248.25,6086.557015,5946.296154,bull_trend,34.25,70.187500,0.487979,small_range
2025-07-02,ES,6277.00,6104.694442,5959.264932,bull_trend,44.00,71.137500,0.618520,small_range
2025-07-03,ES,6323.50,6125.533067,5973.548660,bull_trend,62.75,69.887500,0.897872,normal_range
2025-07-04,ES,6283.50,6140.577536,5985.703615,bull_trend,46.25,67.487500,0.685312,small_range
2025-07-07,ES,6263.25,6152.260628,5996.587787,bull_trend,68.75,69.150000,0.994215,normal_range
2025-07-08,ES,6271.75,6163.640568,6007.378462,bull_trend,34.50,67.962500,0.507633,small_range
2025-07-09,ES,6306.25,6177.222419,6019.098914,bull_trend,55.25,67.300000,0.820951,normal_range
2025-07-10,ES,6321.50,6190.963141,6030.957781,bull_trend,48.00,66.525000,0.721533,small_range
2025-07-11,ES,6294.00,6200.776175,6041.273162,bull_trend,53.50,61.450000,0.870627,normal_range
2025-07-14,ES,6309.50,6211.130825,6051.791861,bull_trend,55.25,58.762500,0.940225,normal_range
2025-07-15,ES,6273.75,6217.094556,6060.496102,bull_trend,70.50,59.125000,1.192389,normal_range
2025-07-16,ES,6299.00,6224.895075,6069.849196,bull_trend,67.75,59.712500,1.134603,normal_range
2025-07-17,ES,6342.25,6236.071734,6080.531580,bull_trend,57.25,59.137500,0.968083,normal_range
2025-07-18,ES,6335.25,6245.517283,6090.520538,bull_trend,33.75,56.187500,0.600667,small_range
2025-07-21,ES,6348.50,6255.325161,6100.637380,bull_trend,44.25,52.275000,0.846485,normal_range
2025-07-22,ES,6347.25,6264.079908,6110.308463,bull_trend,35.00,50.025000,0.699650,small_range
2025-07-23,ES,6405.75,6277.572297,6121.894406,bull_trend,64.50,51.775000,1.245775,large_range
2025-07-24,ES,6406.50,6289.851126,6133.055409,bull_trend,26.75,50.175000,0.533134,small_range
2025-07-25,ES,6428.25,6303.031971,6144.631668,bull_trend,30.00,48.887500,0.613654,small_range
2025-07-28,ES,6424.50,6314.600355,6155.606896,bull_trend,49.00,49.100000,0.997963,normal_range
2025-07-29,ES,6403.50,6323.066988,6165.328195,bull_trend,46.25,49.700000,0.930584,normal_range
2025-07-30,ES,6425.50,6332.822513,6175.531010,bull_trend,68.50,50.925000,1.345115,large_range
2025-07-31,ES,6368.75,6336.244178,6183.108226,bull_trend,111.00,53.337500,2.081087,large_range
2025-08-01,ES,6263.25,6329.292352,6186.251040,range,134.00,57.687500,2.322860,large_range
2025-08-04,ES,6369.50,6333.121652,6193.437274,bull_trend,118.75,60.187500,1.973001,large_range
2025-08-05,ES,6324.50,6332.300542,6198.576989,range,62.00,61.562500,1.007107,normal_range
2025-08-06,ES,6370.75,6335.962395,6205.328872,bull_trend,66.25,62.112500,1.066613,normal_range
2025-08-07,ES,6373.75,6339.561215,6211.933622,bull_trend,92.25,64.325000,1.434124,large_range
2025-08-08,ES,6425.25,6347.722051,6220.298970,bull_trend,56.50,64.475000,0.876309,normal_range
2025-08-11,ES,6396.50,6352.367570,6227.208814,bull_trend,44.00,63.912500,0.688441,small_range
2025-08-12,ES,6468.50,6363.427802,6236.671214,bull_trend,78.75,64.325000,1.224252,large_range
2025-08-13,ES,6484.00,6374.910868,6246.370382,bull_trend,41.50,63.012500,0.658599,small_range
2025-08-14,ES,6489.75,6385.847928,6255.914681,bull_trend,42.75,62.287500,0.686334,small_range
2025-08-15,ES,6467.25,6393.600507,6264.202340,bull_trend,47.25,62.962500,0.750447,small_range
2025-08-18,ES,6467.00,6400.590935,6272.155190,bull_trend,28.25,62.162500,0.454454,small_range
2025-08-19,ES,6435.00,6403.867988,6278.541261,bull_trend,58.25,63.325000,0.919858,normal_range
2025-08-20,ES,6414.50,6404.880561,6283.872976,bull_trend,75.25,63.862500,1.178313,normal_range
2025-08-21,ES,6390.75,6403.534793,6288.064232,range,48.75,64.962500,0.750433,small_range
2025-08-22,ES,6484.75,6411.269575,6295.777399,bull_trend,132.25,70.075000,1.887264,large_range
2025-08-25,ES,6459.50,6415.862949,6302.197893,bull_trend,41.00,69.675000,0.588446,small_range
2025-08-26,ES,6487.00,6422.637906,6309.445035,bull_trend,56.75,70.200000,0.808405,normal_range
2025-08-27,ES,6485.25,6428.600962,6316.339347,bull_trend,46.25,69.087500,0.669441,small_range
2025-08-28,ES,6516.25,6436.948490,6324.178980,bull_trend,52.00,66.137500,0.786241,small_range
2025-08-29,ES,6474.00,6440.477205,6330.054315,bull_trend,62.50,62.562500,0.999001,normal_range
2025-09-01,ES,6483.00,6444.526995,6336.052185,bull_trend,32.00,58.225000,0.549592,small_range
2025-09-02,ES,6447.25,6444.786329,6340.412883,bull_trend,110.50,60.687500,1.820803,large_range
2025-09-03,ES,6460.50,6446.282869,6345.122182,bull_trend,38.75,59.312500,0.653319,small_range
2025-09-04,ES,6512.50,6452.589262,6351.686018,bull_trend,62.25,57.812500,1.076757,normal_range
2025-09-05,ES,6488.75,6456.033142,6357.061076,bull_trend,89.75,59.475000,1.509037,large_range
2025-09-08,ES,6507.00,6460.887129,6362.941034,bull_trend,36.25,59.087500,0.613497,small_range
2025-09-09,ES,6530.25,6467.493116,6369.502170,bull_trend,47.00,57.500000,0.817391,normal_range
2025-09-10,ES,6536.75,6474.089010,6376.060908,bull_trend,42.75,57.562500,0.742671,small_range
2025-09-11,ES,6591.75,6485.294819,6384.519304,bull_trend,64.50,58.650000,1.099744,normal_range
2025-09-12,ES,6588.50,6495.123884,6392.518547,bull_trend,30.00,57.787500,0.519143,small_range
2025-09-15,ES,6674.25,6512.183514,6403.566839,bull_trend,39.50,61.012500,0.647408,small_range
2025-09-16,ES,6669.75,6527.189846,6414.005395,bull_trend,35.50,59.875000,0.592902,small_range
2025-09-17,ES,6665.75,6540.386051,6423.877732,bull_trend,75.50,59.887500,1.260697,large_range
2025-09-18,ES,6698.75,6555.468332,6434.657037,bull_trend,55.75,60.237500,0.925503,normal_range
2025-09-19,ES,6719.75,6571.114205,6445.837153,bull_trend,52.00,56.225000,0.924855,normal_range
2025-09-22,ES,6749.75,6588.127138,6457.755304,bull_trend,61.50,57.250000,1.074236,normal_range
2025-09-23,ES,6716.50,6600.353125,6467.902155,bull_trend,54.75,57.150000,0.958005,normal_range
2025-09-24,ES,6697.00,6609.557589,6476.886384,bull_trend,50.75,57.375000,0.884532,normal_range
2025-09-25,ES,6662.00,6614.552104,6484.145741,bull_trend,81.00,58.825000,1.376966,large_range
2025-09-26,ES,6697.75,6622.475713,6492.522379,bull_trend,50.50,58.225000,0.867325,normal_range
2025-09-29,ES,6708.50,6630.668503,6500.992090,bull_trend,39.75,58.612500,0.678183,small_range
2025-09-30,ES,6724.00,6639.557217,6509.737498,bull_trend,50.50,55.575000,0.908682,normal_range
2025-10-01,ES,6757.00,6650.742244,6519.434066,bull_trend,89.50,58.112500,1.540116,large_range
2025-10-02,ES,6765.00,6661.623935,6529.064103,bull_trend,40.75,57.037500,0.714442,small_range
2025-10-03,ES,6763.00,6671.278798,6538.238060,bull_trend,46.00,54.850000,0.838651,normal_range
2025-10-06,ES,6790.25,6682.609389,6548.120881,bull_trend,31.25,54.775000,0.570516,small_range
2025-10-07,ES,6765.00,6690.456114,6556.625945,bull_trend,55.50,55.200000,1.005435,normal_range
2025-10-08,ES,6803.25,6701.198389,6566.297476,bull_trend,49.50,55.537500,0.891290,normal_range
2025-10-09,ES,6779.75,6708.679494,6574.668163,bull_trend,51.50,54.887500,0.938283,normal_range
2025-10-10,ES,6552.00,6693.757638,6573.779216,range,266.25,66.700000,3.991754,large_range
2025-10-13,ES,6689.75,6693.375958,6578.327090,range,79.50,70.037500,1.135106,normal_range
2025-10-14,ES,6685.00,6692.578248,6582.510341,range,129.25,74.725000,1.729675,large_range
2025-10-15,ES,6713.50,6694.570796,6587.647190,bull_trend,115.25,76.712500,1.502363,large_range
2025-10-16,ES,6659.25,6691.206910,6590.455144,range,118.50,79.850000,1.484033,large_range
2025-10-17,ES,6711.00,6693.091966,6595.182393,bull_trend,146.75,84.587500,1.734890,large_range
2025-10-20,ES,6780.25,6701.392732,6602.439946,bull_trend,89.00,85.962500,1.035335,normal_range
2025-10-21,ES,6772.50,6708.164852,6609.108968,bull_trend,30.50,84.750000,0.359882,small_range
2025-10-22,ES,6737.50,6710.958676,6614.143910,bull_trend,98.00,87.112500,1.124982,normal_range
2025-10-23,ES,6777.75,6717.319754,6620.559835,bull_trend,68.25,86.475000,0.789245,small_range
2025-10-24,ES,6825.25,6727.598825,6628.586901,bull_trend,64.75,87.187500,0.742652,small_range
2025-10-27,ES,6914.00,6745.351318,6639.779571,bull_trend,50.50,89.750000,0.562674,small_range
2025-10-28,ES,6927.50,6762.698812,6651.062725,bull_trend,43.25,89.387500,0.483848,small_range
2025-10-29,ES,6918.00,6777.489401,6661.530854,bull_trend,69.75,88.400000,0.789027,small_range
2025-10-30,ES,6894.00,6788.585649,6670.647291,bull_trend,102.75,91.500000,1.122951,normal_range
2025-10-31,ES,6872.25,6796.553682,6678.553279,bull_trend,75.00,92.950000,0.806885,normal_range
2025-11-03,ES,6884.00,6804.881903,6686.610014,bull_trend,60.00,94.212500,0.636858,small_range
2025-11-04,ES,6806.25,6805.012198,6691.301778,bull_trend,97.75,96.325000,1.014794,normal_range
2025-11-05,ES,6827.50,6807.153893,6696.642885,bull_trend,109.25,99.312500,1.100063,normal_range
2025-11-06,ES,6764.75,6803.115427,6699.313752,range,110.00,102.237500,1.075926,normal_range
2025-11-07,ES,6765.00,6799.485387,6701.889683,range,116.50,94.750000,1.229551,large_range
2025-11-10,ES,6857.75,6805.034397,6708.001852,bull_trend,93.75,91.812500,1.021103,normal_range
2025-11-11,ES,6874.00,6811.602550,6714.511584,bull_trend,49.50,87.825000,0.563621,small_range
2025-11-12,ES,6873.25,6817.473736,6720.736620,bull_trend,48.50,84.487500,0.574049,small_range
2025-11-13,ES,6762.50,6812.238142,6722.374399,range,146.50,85.887500,1.705720,large_range
2025-11-14,ES,6765.25,6807.763081,6724.055795,range,125.00,84.800000,1.474057,large_range
2025-11-17,ES,6697.25,6797.238025,6723.004588,range,143.00,87.500000,1.634286,large_range
2025-11-18,ES,6627.75,6781.096309,6719.269114,range,114.75,91.712500,1.251193,large_range
2025-11-19,ES,6696.00,6772.991898,6718.356599,range,95.75,91.600000,1.045306,normal_range
2025-11-20,ES,6552.00,6751.945051,6711.832811,range,240.75,100.225000,2.402095,large_range
2025-11-21,ES,6631.50,6740.474094,6708.682505,range,152.50,104.612500,1.457761,large_range
2025-11-24,ES,6725.00,6739.000370,6709.322407,range,106.75,105.400000,1.012808,normal_range
2025-11-25,ES,6780.75,6742.976526,6712.123489,bull_trend,118.00,109.137500,1.081205,normal_range
2025-11-26,ES,6830.25,6751.288285,6716.755901,bull_trend,68.50,109.075000,0.628008,small_range
2025-11-27,ES,6828.00,6758.594163,6721.118415,bull_trend,9.50,104.412500,0.090985,small_range
2025-11-28,ES,6857.25,6767.989957,6726.456908,bull_trend,35.00,102.450000,0.341630,small_range
2025-12-01,ES,6826.75,6773.586151,6730.389971,bull_trend,62.50,102.575000,0.609310,small_range
2025-12-02,ES,6842.75,6780.173185,6734.796246,bull_trend,51.25,100.250000,0.511222,small_range
2025-12-03,ES,6864.75,6788.228119,6739.892472,bull_trend,55.75,97.575000,0.571355,small_range
2025-12-04,ES,6865.75,6795.611156,6744.828061,bull_trend,44.50,94.300000,0.471898,small_range
2025-12-05,ES,6879.50,6803.600569,6750.109314,bull_trend,48.25,90.887500,0.530876,small_range
2025-12-08,ES,6864.50,6809.400515,6754.595223,bull_trend,58.50,88.775000,0.658969,small_range
2025-12-09,ES,6846.25,6812.909990,6758.189528,bull_trend,28.75,87.737500,0.327682,small_range
2025-12-10,ES,6893.25,6820.561419,6763.486017,bull_trend,77.25,89.175000,0.866274,normal_range
2025-12-11,ES,6925.00,6830.507951,6769.819899,bull_trend,111.25,87.412500,1.272701,large_range
2025-12-12,ES,6833.50,6830.792908,6772.317158,bull_trend,110.50,87.162500,1.267747,large_range
2025-12-15,ES,6881.50,6835.622155,6776.598838,bull_trend,68.00,84.950000,0.800471,normal_range
2025-12-16,ES,6848.00,6836.800997,6779.398883,bull_trend,74.50,82.937500,0.898267,normal_range
2025-12-17,ES,6786.50,6832.010426,6779.677358,range,107.00,83.500000,1.281437,large_range
2025-12-18,ES,6822.75,6831.128481,6781.366482,range,100.50,76.487500,1.313940,large_range
2025-12-19,ES,6893.50,6837.068625,6785.763875,bull_trend,75.25,72.625000,1.036145,normal_range
2025-12-22,ES,6930.75,6845.990661,6791.449605,bull_trend,35.75,69.425000,0.514944,small_range
2025-12-23,ES,6958.00,6856.658217,6797.980993,bull_trend,50.50,66.050000,0.764572,small_range
2025-12-24,ES,6980.00,6868.405054,6805.118993,bull_trend,35.50,64.400000,0.551242,small_range
2025-12-26,ES,6977.00,6878.747429,6811.859425,bull_trend,25.00,65.175000,0.383583,small_range
2025-12-29,ES,6956.50,6886.152436,6817.531604,bull_trend,48.75,65.825000,0.740600,small_range
2025-12-30,ES,6945.50,6891.804585,6822.549973,bull_trend,20.75,63.737500,0.325554,small_range
2025-12-31,ES,6893.75,6891.989863,6825.342131,bull_trend,61.25,64.237500,0.953493,normal_range
2026-01-02,ES,6900.50,6892.800352,6828.289498,bull_trend,73.00,65.100000,1.121352,normal_range
2026-01-05,ES,6943.50,6897.628890,6832.807557,bull_trend,64.00,66.075000,0.968596,normal_range
2026-01-06,ES,6988.50,6906.283281,6838.913143,bull_trend,60.50,66.687500,0.907216,normal_range
2026-01-07,ES,6967.00,6912.065826,6843.936157,bull_trend,48.75,66.200000,0.736405,small_range
2026-01-08,ES,6971.25,6917.702414,6848.928857,bull_trend,42.50,66.887500,0.635395,small_range
2026-01-09,ES,7004.00,6925.921232,6855.010078,bull_trend,63.25,66.187500,0.955619,normal_range
2026-01-12,ES,7011.50,6934.071591,6861.146938,bull_trend,75.25,64.387500,1.168705,normal_range
2026-01-13,ES,6999.25,6940.279058,6866.562744,bull_trend,59.50,61.362500,0.969648,normal_range
2026-01-14,ES,6960.00,6942.157243,6870.226950,bull_trend,79.25,60.387500,1.312358,large_range
2026-01-15,ES,6983.50,6946.094649,6874.669031,bull_trend,67.75,60.050000,1.128226,normal_range
2026-01-16,ES,6977.75,6949.109444,6878.711422,bull_trend,46.50,57.025000,0.815432,normal_range
2026-01-19,ES,6913.25,6945.694259,6880.065876,range,47.50,56.512500,0.840522,normal_range
2026-01-20,ES,6837.50,6935.390044,6878.396626,range,94.25,57.462500,1.640200,large_range
2026-01-21,ES,6915.75,6933.519563,6879.861464,range,130.75,61.862500,2.113558,large_range
2026-01-22,ES,6940.25,6934.160557,6882.229642,bull_trend,57.75,62.225000,0.928084,normal_range
2026-01-23,ES,6933.75,6934.121457,6884.250048,range,39.25,62.412500,0.628880,small_range
2026-01-26,ES,6977.00,6938.205127,6887.887301,bull_trend,116.50,66.987500,1.739130,large_range
2026-01-27,ES,7009.50,6944.995115,6892.656426,bull_trend,46.50,66.875000,0.695327,small_range
2026-01-28,ES,7016.75,6951.828914,6897.522841,bull_trend,65.75,69.125000,0.951175,normal_range
2026-01-29,ES,6989.75,6955.440446,6901.139592,bull_trend,131.25,72.625000,1.807229,large_range
2026-01-30,ES,6961.25,6955.993737,6903.496863,bull_trend,77.50,72.850000,1.063830,normal_range
2026-02-02,ES,7003.25,6960.494333,6907.408751,bull_trend,152.75,77.287500,1.976387,large_range
2026-02-03,ES,6938.75,6958.423444,6908.637820,range,141.00,81.312500,1.734051,large_range
2026-02-04,ES,6928.50,6955.573592,6909.416729,range,103.25,84.037500,1.228618,large_range
2026-02-05,ES,6788.75,6939.685631,6904.684700,range,150.25,89.425000,1.680179,large_range
2026-02-06,ES,6945.75,6940.263190,6906.295104,bull_trend,214.00,96.962500,2.207039,large_range
2026-02-09,ES,6984.00,6944.428601,6909.342355,bull_trend,79.50,97.175000,0.818112,normal_range
2026-02-10,ES,6970.50,6946.911591,6911.740694,bull_trend,49.50,96.675000,0.512025,small_range
2026-02-11,ES,6963.00,6948.443821,6913.750863,bull_trend,80.50,96.737500,0.832149,normal_range
2026-02-12,ES,6861.75,6940.187266,6911.711613,range,150.75,100.887500,1.494239,large_range
2026-02-13,ES,6845.25,6931.145622,6909.105275,range,89.00,103.012500,0.863973,normal_range
2026-02-16,ES,6854.25,6923.822229,6906.954088,range,44.50,100.725000,0.441797,small_range
2026-02-17,ES,6862.25,6917.958207,6905.200987,range,92.75,100.650000,0.921510,normal_range
2026-02-18,ES,6892.00,6915.485997,6904.683301,range,77.00,97.962500,0.786015,small_range
2026-02-19,ES,6872.25,6911.368283,6903.411407,range,64.75,98.312500,0.658614,small_range
2026-02-20,ES,6924.75,6912.642732,6904.248214,bull_trend,84.25,100.562500,0.837787,normal_range
2026-02-23,ES,6858.25,6907.462472,6902.444363,range,97.50,99.612500,0.978793,normal_range
2026-02-24,ES,6900.00,6906.751761,6902.348505,range,84.25,101.500000,0.830049,normal_range
2026-02-25,ES,6975.50,6913.299212,6905.217191,bull_trend,91.50,102.787500,0.890186,normal_range
2026-02-26,ES,6903.75,6912.389763,6905.159655,range,100.00,101.462500,0.985586,normal_range
2026-02-27,ES,6875.25,6908.852643,6903.986727,range,74.00,101.287500,0.730594,small_range
2026-03-02,ES,6884.50,6906.533344,6903.222542,range,142.75,100.787500,1.416346,large_range
2026-03-03,ES,6814.00,6897.720644,6899.723618,bear_trend,167.25,102.100000,1.638100,large_range
2026-03-04,ES,6879.00,6895.937726,6898.910927,bear_trend,120.50,102.962500,1.170329,normal_range
2026-03-05,ES,6824.75,6889.157942,6896.002656,bear_trend,123.75,101.637500,1.217562,large_range
2026-03-06,ES,6740.00,6874.952424,6889.884905,bear_trend,138.25,97.850000,1.412877,large_range
2026-03-09,ES,6793.75,6867.218860,6886.114908,bear_trend,234.00,105.575000,2.216434,large_range
2026-03-10,ES,6797.25,6860.555159,6882.630010,bear_trend,89.50,107.575000,0.831978,normal_range
2026-03-11,ES,6769.75,6851.907048,6878.203343,bear_trend,72.75,107.187500,0.678717,small_range
2026-03-12,ES,6685.25,6836.034949,6870.636545,bear_trend,97.75,104.550000,0.934959,normal_range
2026-03-13,ES,6675.00,6820.698287,6862.964524,bear_trend,116.25,105.912500,1.097604,normal_range
2026-03-16,ES,6749.75,6813.941307,6858.524738,bear_trend,128.75,110.125000,1.169126,normal_range
2026-03-17,ES,6774.25,6810.161183,6855.219847,bear_trend,92.75,110.125000,0.842225,normal_range
2026-03-18,ES,6664.00,6796.241070,6847.721029,bear_trend,159.50,114.250000,1.396061,large_range
2026-03-19,ES,6670.50,6784.265730,6840.771185,bear_trend,83.25,115.175000,0.722813,small_range
2026-03-20,ES,6588.50,6765.621375,6830.878197,bear_trend,161.75,119.050000,1.358673,large_range
2026-03-23,ES,6632.75,6752.966958,6823.108464,bear_trend,264.50,127.400000,2.076138,large_range
2026-03-24,ES,6646.25,6742.803438,6816.172838,bear_trend,107.00,128.537500,0.832442,normal_range
2026-03-25,ES,6641.00,6733.107873,6809.303315,bear_trend,68.25,127.375000,0.535819,small_range
2026-03-26,ES,6535.50,6714.288075,6798.565930,bear_trend,130.00,128.637500,1.010592,normal_range
2026-03-27,ES,6398.00,6684.165402,6782.857462,bear_trend,179.50,133.912500,1.340428,large_range
2026-03-30,ES,6383.25,6655.506792,6767.186581,bear_trend,122.25,132.887500,0.919951,normal_range
2026-03-31,ES,6567.50,6647.125193,6759.355735,bear_trend,230.00,136.025000,1.690866,large_range
2026-04-01,ES,6617.25,6644.279936,6753.782961,bear_trend,92.75,134.637500,0.688887,small_range
2026-04-02,ES,6624.00,6642.348514,6748.693433,bear_trend,140.75,135.487500,1.038841,normal_range
2026-04-03,ES,6603.75,6638.672465,6743.009377,bear_trend,40.75,130.612500,0.311992,small_range
2026-04-06,ES,6650.75,6639.822706,6739.391362,range,94.00,123.612500,0.760441,small_range
2026-04-07,ES,6663.50,6642.077687,6736.415230,range,100.75,124.175000,0.811355,normal_range
2026-04-08,ES,6816.25,6658.665526,6739.546006,range,195.00,130.287500,1.496690,large_range
2026-04-09,ES,6860.75,6677.911666,6744.299103,range,83.50,129.562500,0.644477,small_range
2026-04-10,ES,6863.75,6695.610555,6748.983452,range,41.75,125.837500,0.331777,small_range
2026-04-13,ES,6927.50,6717.695264,6755.984101,range,161.25,127.462500,1.265078,large_range
2026-04-14,ES,7004.25,6744.986191,6765.720019,range,87.75,127.212500,0.689791,small_range
2026-04-15,ES,7058.25,6774.820840,6777.191783,range,72.75,122.875000,0.592065,small_range
2026-04-16,ES,7078.25,6803.718855,6788.997987,bull_trend,42.50,120.837500,0.351712,small_range
2026-04-17,ES,7164.25,6838.055155,6803.713753,bull_trend,110.50,118.275000,0.934263,normal_range
2026-04-20,ES,7152.00,6867.954664,6817.372037,bull_trend,75.50,109.012500,0.692581,small_range
2026-04-21,ES,7122.25,6892.173267,6829.328035,bull_trend,98.00,108.562500,0.902706,normal_range
2026-04-22,ES,7164.50,6918.109147,6842.472034,bull_trend,51.75,107.737500,0.480334,small_range
2026-04-23,ES,7132.50,6938.527323,6853.845680,bull_trend,102.25,106.350000,0.961448,normal_range
2026-04-24,ES,7195.50,6963.000911,6867.243888,bull_trend,65.00,100.775000,0.645001,small_range
2026-04-27,ES,7205.25,6986.072253,6880.499030,bull_trend,39.75,96.650000,0.411278,small_range
2026-04-28,ES,7172.50,7003.827277,6891.950048,bull_trend,77.00,89.000000,0.865169,normal_range
2026-04-29,ES,7141.50,7016.938965,6901.736321,bull_trend,59.50,87.337500,0.681265,small_range
2026-04-30,ES,7246.75,7038.825730,6915.266269,bull_trend,119.75,86.287500,1.387802,large_range
2026-05-01,ES,7247.75,7058.723279,6928.304847,bull_trend,60.00,87.250000,0.687679,small_range
2026-05-04,ES,7225.25,7074.582967,6939.949755,bull_trend,80.25,86.562500,0.927076,normal_range
2026-05-05,ES,7295.50,7095.622684,6953.892902,bull_trend,80.50,85.550000,0.940970,normal_range
2026-05-06,ES,7386.75,7123.349095,6970.867690,bull_trend,102.25,80.912500,1.263711,large_range
2026-05-07,ES,7352.25,7145.149182,6985.823859,bull_trend,65.00,79.987500,0.812627,normal_range
2026-05-08,ES,7420.50,7171.373069,7002.869982,bull_trend,91.50,82.475000,1.109427,normal_range
2026-05-11,ES,7435.00,7196.480396,7019.816257,bull_trend,64.25,77.625000,0.827697,normal_range
2026-05-12,ES,7420.50,7217.815596,7035.529345,bull_trend,80.50,77.262500,1.041903,normal_range
2026-05-13,ES,7476.00,7242.404587,7052.802704,bull_trend,84.75,77.862500,1.088457,normal_range
2026-05-14,ES,7523.00,7269.127960,7071.241814,bull_trend,69.00,79.187500,0.871350,normal_range
2026-05-15,ES,7418.00,7283.306249,7084.840174,bull_trend,119.00,79.612500,1.494740,large_range
2026-05-18,ES,7420.25,7296.348511,7097.993501,bull_trend,80.75,79.687500,1.013333,normal_range
2026-05-19,ES,7372.50,7303.601034,7108.758461,bull_trend,86.50,79.112500,1.093380,normal_range
2026-05-20,ES,7433.25,7315.948555,7121.483620,bull_trend,95.75,81.312500,1.177556,normal_range
2026-05-21,ES,7467.00,7330.334407,7135.033282,bull_trend,79.25,80.162500,0.988617,normal_range
2026-05-22,ES,7484.25,7344.993034,7148.728055,bull_trend,57.25,79.625000,0.718995,small_range
2026-05-25,ES,7564.50,7365.898460,7165.032837,bull_trend,52.75,81.912500,0.643980,small_range
2026-05-26,ES,7532.75,7381.789083,7179.453118,bull_trend,48.75,80.500000,0.605590,small_range
2026-05-27,ES,7554.25,7398.213932,7194.151035,bull_trend,55.75,80.312500,0.694163,small_range
2026-05-28,ES,7587.75,7416.264986,7209.586289,bull_trend,85.00,78.575000,1.081769,normal_range
2026-05-29,ES,7590.75,7432.882606,7224.533885,bull_trend,38.75,77.512500,0.499919,small_range
2026-06-01,ES,7608.50,7449.608072,7239.591380,bull_trend,56.00,76.300000,0.733945,small_range
2026-06-02,ES,7628.25,7466.621589,7254.832894,bull_trend,55.50,75.050000,0.739507,small_range
2026-06-03,ES,7547.50,7474.324295,7266.310036,bull_trend,86.75,74.275000,1.167957,normal_range
2026-06-04,ES,7587.75,7485.126743,7278.915524,bull_trend,87.00,75.375000,1.154229,normal_range
2026-06-05,ES,7368.00,7473.971815,7282.409033,range,232.00,82.400000,2.815534,large_range
2026-06-08,ES,7412.25,7468.093547,7287.500836,range,121.25,85.250000,1.422287,large_range
2026-06-09,ES,7390.00,7460.656066,7291.520411,range,243.75,93.412500,2.609394,large_range
2026-06-10,ES,7267.00,7442.212632,7290.558826,range,148.75,96.612500,1.539656,large_range
2026-06-11,ES,7398.25,7438.025714,7294.782010,range,187.75,102.550000,1.830814,large_range
