date,instrument,trendClose,trendEma20,trendEma50,trendRegime,dayRange,atr20,rangeAtrRatio,rangeRegime
2008-01-02,NQ,2071.00,,,unknown,60.50,,,unknown
2008-01-03,NQ,2073.50,,,unknown,25.25,,,unknown
2008-01-04,NQ,1983.75,,,unknown,106.00,,,unknown
2008-01-07,NQ,1975.75,,,unknown,51.75,,,unknown
2008-01-08,NQ,1929.25,,,unknown,76.75,,,unknown
2008-01-09,NQ,1961.00,,,unknown,61.75,,,unknown
2008-01-10,NQ,1957.00,,,unknown,45.00,,,unknown
2008-01-11,NQ,1925.50,,,unknown,50.75,,,unknown
2008-01-14,NQ,1956.75,,,unknown,58.75,,,unknown
2008-01-15,NQ,1868.50,,,unknown,91.50,,,unknown
2008-01-16,NQ,1884.75,,,unknown,60.00,,,unknown
2008-01-17,NQ,1865.75,,,unknown,56.25,,,unknown
2008-01-18,NQ,1848.75,,,unknown,48.00,,,unknown
2008-01-21,NQ,1774.00,,,unknown,103.00,,,unknown
2008-01-22,NQ,1774.50,,,unknown,84.00,,,unknown
2008-01-23,NQ,1806.50,,,unknown,114.75,,,unknown
2008-01-24,NQ,1856.75,,,unknown,58.25,,,unknown
2008-01-25,NQ,1791.00,,,unknown,82.50,,,unknown
2008-01-28,NQ,1803.25,,,unknown,53.25,,,unknown
2008-01-29,NQ,1808.50,1895.787500,,unknown,27.50,168.600000,0.163108,small_range
2008-01-30,NQ,1802.00,1886.855357,,unknown,53.75,65.437500,0.821394,normal_range
2008-01-31,NQ,1832.50,1881.678656,,unknown,77.00,68.025000,1.131937,normal_range
2008-02-01,NQ,1865.25,1880.114023,,unknown,48.00,65.125000,0.737044,small_range
2008-02-04,NQ,1825.00,1874.865068,,unknown,45.25,64.800000,0.698302,small_range
2008-02-05,NQ,1788.75,1866.663633,,unknown,52.00,63.562500,0.818092,normal_range
2008-02-06,NQ,1729.25,1853.576620,,unknown,73.75,64.162500,1.149425,normal_range
2008-02-07,NQ,1765.00,1845.140752,,unknown,72.25,65.525000,1.102633,normal_range
2008-02-08,NQ,1777.25,1838.674966,,unknown,34.25,64.700000,0.529366,small_range
2008-02-11,NQ,1793.75,1834.396398,,unknown,38.75,63.700000,0.608320,small_range
2008-02-12,NQ,1791.25,1830.287217,,unknown,44.00,61.325000,0.717489,small_range
2008-02-13,NQ,1825.25,1829.807482,,unknown,45.00,60.575000,0.742881,small_range
2008-02-14,NQ,1790.00,1826.016293,,unknown,43.25,59.925000,0.721736,small_range
2008-02-15,NQ,1786.50,1822.252837,,unknown,30.00,59.025000,0.508259,small_range
2008-02-18,NQ,1819.75,1822.014471,,unknown,41.25,55.937500,0.737430,small_range
2008-02-19,NQ,1779.50,1817.965474,,unknown,55.25,54.625000,1.011442,normal_range
2008-02-20,NQ,1789.75,1815.278286,,unknown,43.00,51.037500,0.842518,normal_range
2008-02-21,NQ,1773.00,1811.251783,,unknown,46.00,50.425000,0.912246,normal_range
2008-02-22,NQ,1781.75,1808.442089,,unknown,41.75,48.387500,0.862826,normal_range
2008-02-25,NQ,1787.25,1806.423795,,unknown,30.25,47.237500,0.640381,small_range
2008-02-26,NQ,1796.75,1805.502481,,unknown,45.75,48.150000,0.950156,normal_range
2008-02-27,NQ,1806.00,1805.549864,,unknown,32.50,47.087500,0.690204,small_range
2008-02-28,NQ,1785.00,1803.592734,,unknown,29.50,44.712500,0.659771,small_range
2008-02-29,NQ,1755.50,1799.012474,,unknown,46.50,44.637500,1.041725,normal_range
2008-03-03,NQ,1738.00,1793.201762,,unknown,31.25,44.237500,0.706414,small_range
2008-03-04,NQ,1748.75,1788.968261,,unknown,42.25,43.750000,0.965714,normal_range
2008-03-05,NQ,1757.00,1785.923664,,unknown,32.00,41.662500,0.768077,small_range
2008-03-06,NQ,1718.50,1779.502363,,unknown,62.00,41.150000,1.506683,large_range
2008-03-07,NQ,1709.75,1772.859281,,unknown,51.75,42.025000,1.231410,large_range
2008-03-10,NQ,1670.50,1763.110778,,unknown,49.00,42.537500,1.151925,normal_range
2008-03-11,NQ,1751.75,1762.028799,1825.120000,bear_trend,83.50,44.512500,1.875878,large_range
2008-03-12,NQ,1736.25,1759.573675,1821.634902,bear_trend,34.75,44.000000,0.789773,small_range
2008-03-13,NQ,1748.25,1758.495230,1818.757063,bear_trend,62.00,44.937500,1.379694,large_range
2008-03-14,NQ,1721.50,1754.971875,1814.943060,bear_trend,81.25,47.500000,1.710526,large_range
2008-03-17,NQ,1697.00,1749.450744,1810.317842,bear_trend,81.00,49.487500,1.636777,large_range
2008-03-18,NQ,1771.75,1751.574483,1808.805378,range,78.25,50.512500,1.549122,large_range
2008-03-19,NQ,1724.00,1748.948341,1805.479677,bear_trend,60.75,51.400000,1.181907,normal_range
2008-03-20,NQ,1751.00,1749.143737,1803.343219,range,49.50,51.575000,0.959767,normal_range
2008-03-24,NQ,1819.75,1755.868143,1803.986622,range,78.00,53.387500,1.461016,large_range
2008-03-25,NQ,1826.50,1762.594987,1804.869500,range,33.00,53.525000,0.616534,small_range
2008-03-26,NQ,1808.00,1766.919274,1804.992264,range,27.00,52.587500,0.513430,small_range
2008-03-27,NQ,1793.25,1769.426962,1804.531783,range,40.75,53.000000,0.768868,small_range
2008-03-28,NQ,1779.50,1770.386299,1803.550145,range,41.50,53.600000,0.774254,small_range
2008-03-31,NQ,1786.25,1771.897128,1802.871708,range,29.00,52.725000,0.550024,small_range
2008-04-01,NQ,1858.75,1780.168830,1805.063013,range,85.00,55.112500,1.542300,large_range
2008-04-02,NQ,1859.75,1787.747989,1807.207601,range,35.00,54.750000,0.639269,small_range
2008-04-03,NQ,1868.00,1795.391038,1809.591617,range,31.25,54.712500,0.571167,small_range
2008-04-04,NQ,1869.50,1802.449034,1811.940965,range,38.50,53.537500,0.719122,small_range
2008-04-07,NQ,1863.00,1808.215793,1813.943280,range,34.25,52.662500,0.650368,small_range
2008-04-08,NQ,1855.50,1812.719050,1815.572955,range,22.50,51.337500,0.438276,small_range
2008-04-09,NQ,1835.75,1814.912474,1816.364212,range,45.75,49.450000,0.925177,normal_range
2008-04-10,NQ,1860.50,1819.254143,1818.095027,bull_trend,46.50,50.037500,0.929303,normal_range
2008-04-11,NQ,1807.25,1818.110892,1817.669732,range,70.75,50.475000,1.401684,large_range
2008-04-14,NQ,1797.25,1816.124140,1816.868958,bear_trend,22.50,47.537500,0.473311,small_range
2008-04-15,NQ,1819.00,1816.398031,1816.952529,range,40.50,45.512500,0.889865,normal_range
2008-04-16,NQ,1863.00,1820.836314,1818.758312,bull_trend,55.00,44.350000,1.240135,large_range
2008-04-17,NQ,1875.50,1826.042379,1820.983476,bull_trend,43.00,43.462500,0.989359,normal_range
2008-04-18,NQ,1902.00,1833.276439,1824.160595,bull_trend,44.25,43.200000,1.024306,normal_range
2008-04-21,NQ,1910.50,1840.631063,1827.546454,bull_trend,27.50,40.675000,0.676091,small_range
2008-04-22,NQ,1895.50,1845.856676,1830.211299,bull_trend,40.00,41.025000,0.975015,normal_range
2008-04-23,NQ,1892.25,1850.275088,1832.644189,bull_trend,30.25,41.187500,0.734446,small_range
2008-04-24,NQ,1914.00,1856.344127,1835.834613,bull_trend,59.25,42.112500,1.406946,large_range
2008-04-25,NQ,1920.50,1862.454211,1839.154824,bull_trend,35.00,41.787500,0.837571,normal_range
2008-04-28,NQ,1927.75,1868.672857,1842.629145,bull_trend,23.00,41.487500,0.554384,small_range
2008-04-29,NQ,1939.00,1875.370680,1846.408394,bull_trend,29.00,38.687500,0.749596,small_range
2008-04-30,NQ,1924.50,1880.049663,1849.470810,bull_trend,43.75,39.125000,1.118211,normal_range
2008-05-01,NQ,1984.00,1889.949695,1854.746464,bull_trend,64.25,40.775000,1.575720,large_range
2008-05-02,NQ,1991.25,1899.597343,1860.099544,bull_trend,38.00,40.750000,0.932515,normal_range
2008-05-05,NQ,1981.50,1907.397596,1864.860346,bull_trend,28.75,40.475000,0.710315,small_range
2008-05-06,NQ,2002.75,1916.478778,1870.267784,bull_trend,43.00,41.500000,1.036145,normal_range
2008-05-07,NQ,1961.00,1920.718894,1873.825910,bull_trend,55.50,41.987500,1.321822,large_range
2008-05-08,NQ,1962.50,1924.698047,1877.303325,bull_trend,26.00,40.962500,0.634727,small_range
2008-05-09,NQ,1964.50,1928.488709,1880.722803,bull_trend,22.25,38.537500,0.577360,small_range
2008-05-12,NQ,1999.00,1935.204070,1885.361124,bull_trend,40.75,39.450000,1.032953,normal_range
2008-05-13,NQ,2004.50,1941.803683,1890.033237,bull_trend,23.50,38.600000,0.608808,small_range
2008-05-14,NQ,1997.50,1947.108094,1894.247620,bull_trend,37.25,37.712500,0.987736,normal_range
2008-05-15,NQ,2035.00,1955.478751,1899.767321,bull_trend,43.00,37.712500,1.140206,normal_range
2008-05-16,NQ,2035.75,1963.123632,1905.099975,bull_trend,28.75,36.937500,0.778342,small_range
2008-05-19,NQ,2024.50,1968.969001,1909.782329,bull_trend,46.00,37.862500,1.214922,large_range
2008-05-20,NQ,2007.50,1972.638620,1913.614394,bull_trend,35.75,37.650000,0.949535,normal_range
2008-05-21,NQ,1964.00,1971.815894,1915.590301,range,65.25,39.400000,1.656091,large_range
2008-05-22,NQ,1965.75,1971.238190,1917.557348,range,24.00,37.637500,0.637662,small_range
2008-05-23,NQ,1959.50,1970.120267,1919.202157,range,23.75,37.075000,0.640593,small_range
2008-05-26,NQ,1963.25,1969.465956,1920.929524,range,14.00,36.625000,0.382253,small_range
2008-05-27,NQ,1993.75,1971.778722,1923.785229,bull_trend,42.00,37.275000,1.126761,normal_range
2008-05-28,NQ,2002.50,1974.704558,1926.872083,bull_trend,25.50,36.362500,0.701272,small_range
2008-05-29,NQ,2026.25,1979.613648,1930.769256,bull_trend,33.25,34.812500,0.955117,normal_range
2008-05-30,NQ,2034.75,1984.864729,1934.846932,bull_trend,20.25,33.925000,0.596905,small_range
2008-06-02,NQ,2012.00,1987.449040,1937.872543,bull_trend,47.50,34.862500,1.362496,large_range
2008-06-03,NQ,1997.50,1988.406275,1940.210874,bull_trend,50.50,35.237500,1.433132,large_range
2008-06-04,NQ,2019.75,1991.391391,1943.330056,bull_trend,52.00,35.062500,1.483066,large_range
2008-06-05,NQ,2057.00,1997.639830,1947.787701,bull_trend,42.75,35.900000,1.190808,normal_range
2008-06-06,NQ,1988.75,1996.793180,1949.394065,range,75.75,38.575000,1.963707,large_range
2008-06-09,NQ,1986.25,1995.789067,1950.839396,range,51.50,39.112500,1.316715,large_range
2008-06-10,NQ,1972.50,1993.571061,1951.688831,range,33.00,39.587500,0.833596,normal_range
2008-06-11,NQ,1925.50,1987.088103,1950.661818,range,60.50,40.750000,1.484663,large_range
2008-06-12,NQ,1931.75,1981.817807,1949.920178,range,45.75,40.887500,1.118924,normal_range
2008-06-13,NQ,1963.75,1980.097064,1950.462524,range,51.00,42.000000,1.214286,large_range
2008-06-16,NQ,1987.50,1980.802105,1951.914974,bull_trend,40.00,41.700000,0.959233,normal_range
2008-06-17,NQ,1985.50,1981.249524,1953.232034,bull_trend,26.25,41.225000,0.636750,small_range
2008-06-18,NQ,1958.25,1979.059093,1953.428817,range,37.25,39.825000,0.935342,normal_range
2008-06-19,NQ,1992.75,1980.362989,1954.970824,bull_trend,58.50,41.550000,1.407942,large_range
2008-06-20,NQ,1940.75,1976.590323,1954.413145,range,66.25,43.675000,1.516886,large_range
2008-06-23,NQ,1916.00,1970.819816,1952.906747,range,43.00,45.125000,0.952909,normal_range
2008-06-24,NQ,1914.50,1965.456024,1951.400600,range,39.75,45.012500,0.883088,normal_range
2008-06-25,NQ,1927.00,1961.793546,1950.443714,range,48.50,46.162500,1.050636,normal_range
2008-06-26,NQ,1868.00,1952.860827,1947.210627,range,65.75,47.787500,1.375883,large_range
2008-06-27,NQ,1865.50,1944.540748,1944.006289,range,41.75,48.862500,0.854438,normal_range
2008-06-30,NQ,1849.75,1935.513058,1940.309964,bear_trend,30.75,48.025000,0.640292,small_range
2008-07-01,NQ,1871.00,1929.368957,1937.591926,bear_trend,56.25,48.312500,1.164295,normal_range
2008-07-02,NQ,1822.50,1919.190961,1933.078517,bear_trend,66.75,49.050000,1.360856,large_range
2008-07-03,NQ,1823.50,1910.077536,1928.781320,bear_trend,32.75,48.550000,0.674562,small_range
2008-07-04,NQ,1815.00,1901.022533,1924.319308,bear_trend,14.75,45.500000,0.324176,small_range
2008-07-07,NQ,1834.25,1894.663244,1920.787178,bear_trend,50.50,45.450000,1.111111,normal_range
2008-07-08,NQ,1866.50,1891.981030,1918.658269,bear_trend,66.00,47.100000,1.401274,large_range
2008-07-09,NQ,1827.25,1885.816170,1915.073631,bear_trend,53.75,46.762500,1.149425,normal_range
2008-07-10,NQ,1848.75,1882.286059,1912.472704,bear_trend,43.25,46.637500,0.927365,normal_range
2008-07-11,NQ,1819.00,1876.258815,1908.807108,bear_trend,72.25,47.700000,1.514675,large_range
2008-07-14,NQ,1802.50,1869.234166,1904.638202,bear_trend,53.75,48.387500,1.110824,normal_range
2008-07-15,NQ,1806.50,1863.259484,1900.789645,bear_trend,68.25,50.487500,1.351820,large_range
2008-07-16,NQ,1840.25,1861.068104,1898.415541,bear_trend,64.50,51.850000,1.243973,large_range
2008-07-17,NQ,1828.50,1857.966380,1895.673755,bear_trend,42.25,51.037500,0.827823,normal_range
2008-07-18,NQ,1828.25,1855.136249,1893.029687,bear_trend,29.25,49.187500,0.594663,small_range
2008-07-21,NQ,1802.00,1850.075653,1889.459895,bear_trend,44.75,49.275000,0.908168,normal_range
2008-07-22,NQ,1825.50,1847.735115,1886.951664,bear_trend,40.75,49.325000,0.826153,normal_range
2008-07-23,NQ,1851.00,1848.046056,1885.541795,range,48.00,49.300000,0.973631,normal_range
2008-07-24,NQ,1818.75,1845.255956,1882.922508,bear_trend,52.00,48.612500,1.069684,normal_range
2008-07-25,NQ,1840.00,1844.755389,1881.239273,bear_trend,38.25,48.437500,0.789677,small_range
2008-07-28,NQ,1812.00,1841.635828,1878.524007,bear_trend,54.50,49.625000,1.098237,normal_range
2008-07-29,NQ,1842.25,1841.694320,1877.101497,range,49.00,49.262500,0.994671,normal_range
2008-07-30,NQ,1857.50,1843.199623,1876.332811,range,38.50,47.850000,0.804598,normal_range
2008-07-31,NQ,1855.50,1844.371088,1875.515838,range,46.25,48.525000,0.953117,normal_range
2008-08-01,NQ,1832.50,1843.240508,1873.828942,bear_trend,56.50,50.612500,1.116325,normal_range
2008-08-04,NQ,1812.50,1840.312840,1871.423886,bear_trend,35.50,49.862500,0.711958,small_range
2008-08-05,NQ,1874.25,1843.544951,1871.534714,range,65.50,49.837500,1.314271,large_range
2008-08-06,NQ,1896.75,1848.612098,1872.523549,range,50.75,49.687500,1.021384,normal_range
2008-08-07,NQ,1889.00,1852.458565,1873.169684,range,31.25,49.087500,0.636618,small_range
2008-08-08,NQ,1923.75,1859.248226,1875.153226,range,52.75,48.112500,1.096389,normal_range
2008-08-11,NQ,1942.00,1867.129347,1877.774668,range,47.25,47.787500,0.988752,normal_range
2008-08-12,NQ,1947.25,1874.759885,1880.499191,range,29.75,45.862500,0.648678,small_range
2008-08-13,NQ,1942.50,1881.211325,1882.930595,range,35.50,44.412500,0.799325,small_range
2008-08-14,NQ,1968.00,1889.476913,1886.266650,bull_trend,39.50,44.275000,0.892151,normal_range
2008-08-15,NQ,1964.75,1896.645778,1889.344429,bull_trend,24.75,44.050000,0.561862,small_range
2008-08-18,NQ,1943.00,1901.060466,1891.448569,bull_trend,52.25,44.425000,1.176140,normal_range
2008-08-19,NQ,1918.75,1902.745184,1892.519213,bull_trend,42.00,44.487500,0.944085,normal_range
2008-08-20,NQ,1914.25,1903.840881,1893.371401,bull_trend,33.75,43.775000,0.770988,small_range
2008-08-21,NQ,1908.25,1904.260797,1893.954875,bull_trend,28.75,42.612500,0.674685,small_range
2008-08-22,NQ,1930.00,1906.712149,1895.368409,bull_trend,40.00,42.700000,0.936768,normal_range
2008-08-25,NQ,1896.75,1905.763373,1895.422589,range,43.75,42.162500,1.037652,normal_range
2008-08-26,NQ,1891.25,1904.381147,1895.258959,range,27.25,41.075000,0.663421,small_range
2008-08-27,NQ,1899.50,1903.916276,1895.425274,range,34.50,40.875000,0.844037,normal_range
2008-08-28,NQ,1907.50,1904.257583,1895.898793,bull_trend,33.00,40.212500,0.820640,normal_range
2008-08-29,NQ,1875.75,1901.542575,1895.108644,range,40.50,39.412500,1.027593,normal_range
2008-09-01,NQ,1877.00,1899.205187,1894.398501,range,11.25,38.200000,0.294503,small_range
2008-09-02,NQ,1853.00,1894.804693,1892.775030,range,71.50,38.500000,1.857143,large_range
2008-09-03,NQ,1834.00,1889.013770,1890.470127,bear_trend,37.75,37.850000,0.997358,normal_range
2008-09-04,NQ,1775.75,1878.226744,1885.971299,bear_trend,62.25,39.400000,1.579949,large_range
2008-09-05,NQ,1768.75,1867.800388,1881.374385,bear_trend,39.25,38.725000,1.013557,normal_range
2008-09-08,NQ,1759.25,1857.462255,1876.585193,bear_trend,80.00,40.362500,1.982038,large_range
2008-09-09,NQ,1729.75,1845.299184,1870.826951,bear_trend,59.50,41.850000,1.421744,large_range
2008-09-10,NQ,1737.50,1835.032595,1865.598443,bear_trend,29.75,41.562500,0.715789,small_range
2008-09-11,NQ,1780.00,1829.791395,1862.241641,bear_trend,74.75,43.325000,1.725332,large_range
2008-09-12,NQ,1774.25,1824.501738,1858.790988,bear_trend,34.75,43.900000,0.791572,small_range
2008-09-15,NQ,1719.25,1814.477763,1853.318793,bear_trend,54.75,44.425000,1.232414,large_range
2008-09-16,NQ,1715.50,1805.051310,1847.914134,bear_trend,58.25,45.237500,1.287649,large_range
2008-09-17,NQ,1649.25,1790.213090,1840.123384,bear_trend,108.00,48.950000,2.206333,large_range
2008-09-18,NQ,1707.00,1782.288034,1834.902859,bear_trend,100.50,52.537500,1.912919,large_range
2008-09-19,NQ,1738.75,1778.141554,1831.132159,bear_trend,95.25,55.300000,1.722423,large_range
2008-09-22,NQ,1671.75,1768.009025,1824.881878,bear_trend,88.75,57.550000,1.542137,large_range
2008-09-23,NQ,1652.25,1756.984356,1818.112000,bear_trend,54.00,58.887500,0.917003,normal_range
2008-09-24,NQ,1674.50,1749.128703,1812.480157,bear_trend,31.50,58.737500,0.536284,small_range
2008-09-25,NQ,1673.00,1741.878350,1807.010347,bear_trend,49.50,59.562500,0.831060,normal_range
2008-09-26,NQ,1677.00,1735.699460,1801.911902,bear_trend,54.00,60.237500,0.896452,normal_range
2008-09-29,NQ,1510.25,1714.228083,1790.474180,bear_trend,194.00,69.375000,2.796396,large_range
2008-09-30,NQ,1595.50,1702.920646,1782.828134,bear_trend,95.00,70.575000,1.346086,large_range
2008-10-01,NQ,1579.50,1691.166299,1774.854482,bear_trend,52.25,71.300000,0.732819,small_range
2008-10-02,NQ,1509.75,1673.888556,1764.458228,bear_trend,95.00,72.937500,1.302485,large_range
2008-10-03,NQ,1478.25,1655.256313,1753.234376,bear_trend,87.00,75.325000,1.154995,normal_range
2008-10-06,NQ,1407.50,1631.660474,1739.676165,bear_trend,136.25,78.137500,1.743721,large_range
2008-10-07,NQ,1335.75,1603.478524,1723.835923,bear_trend,107.75,80.550000,1.337678,large_range
2008-10-08,NQ,1311.75,1575.694855,1707.675691,bear_trend,112.50,84.687500,1.328413,large_range
2008-10-09,NQ,1269.75,1546.557250,1690.502134,bear_trend,110.50,86.475000,1.277826,large_range
2008-10-10,NQ,1276.00,1520.789892,1674.247149,bear_trend,128.00,91.062500,1.405628,large_range
2008-10-13,NQ,1453.50,1514.381331,1665.590398,bear_trend,162.00,97.100000,1.668383,large_range
2008-10-14,NQ,1389.00,1502.440252,1654.743715,bear_trend,145.75,101.475000,1.436314,large_range
2008-10-15,NQ,1229.75,1476.469752,1638.077295,bear_trend,160.25,104.275000,1.536802,large_range
2008-10-16,NQ,1317.75,1461.353585,1625.515441,bear_trend,139.50,106.225000,1.313250,large_range
2008-10-17,NQ,1312.00,1447.129434,1613.220717,bear_trend,102.75,106.600000,0.963884,normal_range
2008-10-20,NQ,1352.00,1438.069488,1602.976768,bear_trend,73.25,105.825000,0.692180,small_range
2008-10-21,NQ,1273.25,1422.372394,1590.046306,bear_trend,85.25,107.387500,0.793854,small_range
2008-10-22,NQ,1247.00,1405.670261,1576.593510,bear_trend,115.75,111.600000,1.037186,normal_range
2008-10-23,NQ,1251.75,1391.011189,1563.854549,bear_trend,89.75,113.612500,0.789966,small_range
2008-10-24,NQ,1194.00,1372.248218,1549.350449,bear_trend,104.25,116.125000,0.897740,normal_range
2008-10-27,NQ,1159.75,1352.010293,1534.072000,bear_trend,91.75,111.012500,0.826484,normal_range
2008-10-28,NQ,1297.50,1346.818836,1524.794666,bear_trend,157.75,114.125000,1.382256,large_range
2008-10-29,NQ,1300.50,1342.407519,1515.998797,bear_trend,75.50,115.287500,0.654885,small_range
2008-10-30,NQ,1340.25,1342.202041,1509.106687,bear_trend,56.50,113.362500,0.498401,small_range
2008-10-31,NQ,1336.75,1341.682799,1502.347602,bear_trend,56.00,111.812500,0.500838,small_range
2008-11-03,NQ,1341.75,1341.689199,1496.049657,range,34.00,106.700000,0.318650,small_range
2008-11-04,NQ,1378.00,1345.147370,1491.420258,range,50.25,103.825000,0.483987,small_range
2008-11-05,NQ,1279.00,1338.847621,1483.090052,bear_trend,111.75,103.787500,1.076719,normal_range
2008-11-06,NQ,1248.25,1330.219276,1473.880638,bear_trend,60.25,101.275000,0.594915,small_range
2008-11-07,NQ,1290.00,1326.388869,1466.669633,bear_trend,46.75,97.212500,0.480905,small_range
2008-11-10,NQ,1255.50,1319.637548,1458.388471,bear_trend,85.75,92.325000,0.928784,normal_range
2008-11-11,NQ,1221.75,1310.314924,1449.108531,bear_trend,54.00,87.737500,0.615472,small_range
2008-11-12,NQ,1161.50,1296.142074,1437.829765,bear_trend,84.75,83.775000,1.011638,normal_range
2008-11-13,NQ,1235.00,1290.319020,1429.875656,bear_trend,135.25,83.562500,1.618549,large_range
2008-11-14,NQ,1155.75,1277.502923,1419.125631,bear_trend,82.00,82.525000,0.993638,normal_range
2008-11-17,NQ,1154.00,1265.740739,1408.728547,bear_trend,49.50,81.337500,0.608575,small_range
2008-11-18,NQ,1168.25,1256.455907,1399.298016,bear_trend,62.50,80.200000,0.779302,small_range
2008-11-19,NQ,1088.25,1240.436297,1387.100054,bear_trend,89.25,78.875000,1.131537,normal_range
2008-11-20,NQ,1047.25,1222.037602,1373.772601,bear_trend,83.75,78.575000,1.065861,normal_range
2008-11-21,NQ,1084.00,1208.891164,1362.408970,bear_trend,75.25,77.125000,0.975689,normal_range
2008-11-24,NQ,1142.75,1202.592005,1353.794893,bear_trend,91.75,77.125000,1.189627,normal_range
2008-11-25,NQ,1137.25,1196.368957,1345.302936,bear_trend,56.50,72.062500,0.784042,small_range
2008-11-26,NQ,1191.50,1195.905247,1339.271448,bear_trend,73.00,71.937500,1.014770,normal_range
2008-11-27,NQ,1194.25,1195.747604,1333.584333,bear_trend,16.00,69.912500,0.228858,small_range
2008-11-28,NQ,1181.50,1194.390690,1327.620241,bear_trend,28.25,68.525000,0.412258,small_range
2008-12-01,NQ,1090.25,1184.472529,1318.311604,bear_trend,98.75,71.762500,1.376067,large_range
2008-12-02,NQ,1132.75,1179.546574,1311.034679,bear_trend,46.25,71.562500,0.646288,small_range
2008-12-03,NQ,1157.75,1177.470709,1305.023515,bear_trend,70.50,69.500000,1.014388,normal_range
2008-12-04,NQ,1131.00,1173.044928,1298.199063,bear_trend,60.00,69.487500,0.863465,normal_range
2008-12-05,NQ,1174.75,1173.207315,1293.357924,range,86.00,71.450000,1.203639,large_range
2008-12-08,NQ,1205.50,1176.282809,1289.912515,range,67.00,70.512500,0.950186,normal_range
2008-12-09,NQ,1218.50,1180.303494,1287.112024,range,52.00,70.412500,0.738505,small_range
2008-12-10,NQ,1215.50,1183.655542,1284.303709,range,37.00,68.025000,0.543918,small_range
2008-12-11,NQ,1175.25,1182.855014,1280.027093,bear_trend,58.75,64.200000,0.915109,normal_range
2008-12-12,NQ,1211.50,1185.583108,1277.339756,range,81.00,64.150000,1.262666,large_range
2008-12-15,NQ,1193.75,1186.360907,1274.061727,range,56.75,64.512500,0.879674,normal_range
2008-12-16,NQ,1239.00,1191.374154,1272.686757,range,59.50,64.362500,0.924451,normal_range
2008-12-17,NQ,1230.75,1195.124235,1271.042178,range,39.50,61.875000,0.638384,small_range
2008-12-18,NQ,1216.00,1197.112403,1268.883661,range,43.75,59.875000,0.730689,small_range
2008-12-19,NQ,1211.00,1198.435031,1266.613714,range,28.75,57.550000,0.499566,small_range
2008-12-22,NQ,1196.50,1198.250743,1263.864157,bear_trend,54.00,55.662500,0.970132,normal_range
2008-12-23,NQ,1186.50,1197.131624,1260.830268,bear_trend,30.25,54.350000,0.556578,small_range
2008-12-24,NQ,1181.00,1195.595279,1257.699669,bear_trend,10.75,51.237500,0.209807,small_range
2008-12-26,NQ,1186.00,1194.681443,1254.887918,bear_trend,12.25,51.050000,0.239961,small_range
2008-12-29,NQ,1177.00,1192.997496,1251.833489,bear_trend,41.75,51.725000,0.807153,normal_range
2008-12-30,NQ,1206.00,1194.235830,1250.036098,range,32.50,48.412500,0.671314,small_range
2008-12-31,NQ,1200.25,1194.808608,1248.083702,range,28.00,47.500000,0.589474,small_range
2009-01-02,NQ,1253.75,1200.422074,1248.305909,range,64.25,47.375000,1.356201,large_range
2009-01-05,NQ,1261.75,1206.262829,1248.833129,range,30.75,45.912500,0.669752,small_range
2009-01-06,NQ,1268.50,1212.190178,1249.604379,range,27.50,42.987500,0.639721,small_range
2009-01-07,NQ,1241.00,1214.933971,1249.266952,range,45.50,41.912500,1.085595,normal_range
2009-01-08,NQ,1249.25,1218.202164,1249.266287,range,30.00,40.812500,0.735069,small_range
2009-01-09,NQ,1221.00,1218.468625,1248.157805,range,40.25,40.975000,0.982306,normal_range
2009-01-12,NQ,1208.75,1217.543041,1246.612401,bear_trend,39.75,40.025000,0.993129,normal_range
2009-01-13,NQ,1202.25,1216.086561,1244.872699,bear_trend,33.50,37.650000,0.889774,normal_range
2009-01-14,NQ,1144.75,1209.292603,1240.946319,bear_trend,69.50,38.287500,1.815214,large_range
2009-01-15,NQ,1179.50,1206.455212,1238.536659,bear_trend,52.50,37.937500,1.383855,large_range
2009-01-16,NQ,1197.25,1205.578525,1236.917575,bear_trend,36.50,37.787500,0.965928,normal_range
2009-01-19,NQ,1189.50,1204.047237,1235.058062,bear_trend,40.00,37.600000,1.063830,normal_range
2009-01-20,NQ,1141.75,1198.114167,1231.398922,bear_trend,63.00,39.312500,1.602544,large_range
2009-01-21,NQ,1195.00,1197.817580,1229.971513,bear_trend,62.00,39.712500,1.561221,large_range
2009-01-22,NQ,1170.25,1195.192096,1227.629493,bear_trend,55.75,40.987500,1.360171,large_range
2009-01-23,NQ,1164.25,1192.245230,1225.144023,bear_trend,49.50,42.925000,1.153174,normal_range
2009-01-26,NQ,1184.25,1191.483779,1223.540336,bear_trend,54.50,45.037500,1.210103,large_range
2009-01-27,NQ,1192.00,1191.532943,1222.303460,range,24.00,44.150000,0.543601,small_range
2009-01-28,NQ,1228.50,1195.053615,1222.546461,range,45.75,45.162500,1.013009,normal_range
2009-01-29,NQ,1205.50,1196.048509,1221.877973,range,34.00,45.462500,0.747869,small_range
2009-01-30,NQ,1181.25,1194.639127,1220.284719,bear_trend,40.50,44.087500,0.918628,normal_range
2009-02-02,NQ,1189.25,1194.125877,1219.067671,bear_trend,48.50,44.975000,1.078377,normal_range
2009-02-03,NQ,1207.25,1195.375793,1218.604233,range,40.25,45.612500,0.882434,normal_range
2009-02-04,NQ,1207.50,1196.530480,1218.168773,range,39.00,45.287500,0.861165,normal_range
2009-02-05,NQ,1235.00,1200.194244,1218.828821,range,64.25,47.000000,1.367021,large_range
2009-02-06,NQ,1275.50,1207.366220,1221.051220,range,48.50,47.412500,1.022937,normal_range
2009-02-09,NQ,1274.75,1213.783723,1223.157055,range,27.50,46.800000,0.587607,small_range
2009-02-10,NQ,1231.25,1215.447178,1223.474425,range,64.50,48.350000,1.334023,large_range
2009-02-11,NQ,1225.50,1216.404590,1223.553859,range,33.25,46.537500,0.714478,small_range
2009-02-12,NQ,1245.00,1219.127962,1224.394885,range,44.50,46.137500,0.964508,normal_range
2009-02-13,NQ,1228.50,1220.020537,1224.555869,range,29.00,45.762500,0.633707,small_range
2009-02-16,NQ,1207.75,1218.851915,1223.896816,bear_trend,20.50,44.862500,0.456952,small_range
2009-02-17,NQ,1186.00,1215.723161,1222.410666,bear_trend,34.25,43.425000,0.788716,small_range
2009-02-18,NQ,1176.50,1211.987622,1220.610248,bear_trend,32.50,41.950000,0.774732,small_range
2009-02-19,NQ,1167.50,1207.750705,1218.527493,bear_trend,36.25,40.975000,0.884686,normal_range
2009-02-20,NQ,1172.75,1204.417305,1216.732297,bear_trend,33.50,40.175000,0.833852,normal_range
2009-02-23,NQ,1134.75,1197.782323,1213.517305,bear_trend,70.50,40.975000,1.720561,large_range
2009-02-24,NQ,1165.00,1194.660197,1211.614666,bear_trend,43.00,41.925000,1.025641,normal_range
2009-02-25,NQ,1155.00,1190.883036,1209.394483,bear_trend,42.25,41.400000,1.020531,normal_range
2009-02-26,NQ,1131.25,1185.203699,1206.329993,bear_trend,48.25,42.112500,1.145741,normal_range
2009-02-27,NQ,1113.25,1178.350966,1202.679797,bear_trend,31.50,41.662500,0.756076,small_range
2009-03-02,NQ,1086.25,1169.579445,1198.113923,bear_trend,41.75,41.325000,1.010284,normal_range
2009-03-03,NQ,1067.50,1159.857593,1192.991808,bear_trend,40.25,41.325000,0.973987,normal_range
2009-03-04,NQ,1105.50,1154.680680,1189.560757,bear_trend,59.00,42.325000,1.393975,large_range
2009-03-05,NQ,1082.00,1147.758710,1185.342688,bear_trend,37.00,40.962500,0.903265,normal_range
2009-03-06,NQ,1075.75,1140.900738,1181.044936,bear_trend,46.50,40.862500,1.137963,normal_range
2009-03-09,NQ,1045.25,1131.791144,1175.719644,bear_trend,47.50,41.862500,1.134667,normal_range
2009-03-10,NQ,1110.00,1129.715797,1173.142403,bear_trend,68.50,42.062500,1.628529,large_range
2009-03-11,NQ,1124.50,1129.219054,1171.234858,bear_trend,30.75,41.937500,0.733234,small_range
2009-03-12,NQ,1163.75,1132.507716,1170.941334,range,56.00,42.512500,1.317260,large_range
2009-03-13,NQ,1171.00,1136.173647,1170.943635,range,26.75,42.400000,0.630896,small_range
2009-03-16,NQ,1150.75,1137.561872,1170.151727,range,37.75,43.187500,0.874096,normal_range
2009-03-17,NQ,1190.50,1142.603598,1170.949699,range,45.25,43.737500,1.034581,normal_range
2009-03-18,NQ,1212.75,1149.284208,1172.588926,range,45.75,44.400000,1.030405,normal_range
2009-03-19,NQ,1203.00,1154.399997,1173.781518,range,28.25,44.000000,0.642045,small_range
2009-03-20,NQ,1187.00,1157.504760,1174.299889,range,42.75,44.462500,0.961484,normal_range
2009-03-23,NQ,1253.25,1166.623354,1177.395972,range,71.50,44.512500,1.606290,large_range
2009-03-24,NQ,1232.75,1172.921130,1179.566718,range,23.50,43.537500,0.539765,small_range
2009-03-25,NQ,1237.50,1179.071498,1181.838612,range,56.25,44.237500,1.271546,large_range
2009-03-26,NQ,1274.75,1188.183737,1185.482196,bull_trend,44.25,44.037500,1.004825,normal_range
2009-03-27,NQ,1254.25,1194.475762,1188.178972,bull_trend,29.00,43.912500,0.660404,small_range
2009-03-30,NQ,1224.25,1197.311403,1189.593522,bull_trend,51.00,44.375000,1.149296,normal_range
2009-03-31,NQ,1227.00,1200.138889,1191.060443,bull_trend,34.25,44.075000,0.777085,small_range
2009-04-01,NQ,1249.50,1204.839947,1193.352190,bull_trend,44.75,43.362500,1.031998,normal_range
2009-04-02,NQ,1303.00,1214.188524,1197.652105,bull_trend,61.75,44.600000,1.384529,large_range
2009-04-03,NQ,1317.25,1224.003902,1202.342218,bull_trend,24.75,43.512500,0.568802,small_range
2009-04-06,NQ,1314.50,1232.622578,1206.740562,bull_trend,42.00,43.237500,0.971379,normal_range
2009-04-07,NQ,1281.50,1237.277571,1209.672305,bull_trend,50.50,42.337500,1.192796,normal_range
2009-04-08,NQ,1301.25,1243.370183,1213.263587,bull_trend,38.75,42.737500,0.906698,normal_range
2009-04-09,NQ,1337.00,1252.287308,1218.115996,bull_trend,42.00,42.037500,0.999108,normal_range
2009-04-13,NQ,1335.00,1260.164708,1222.699682,bull_trend,22.00,41.800000,0.526316,small_range
2009-04-14,NQ,1306.00,1264.529974,1225.966361,bull_trend,36.75,41.750000,0.880240,normal_range
2009-04-15,NQ,1317.25,1269.550929,1229.546112,bull_trend,26.50,40.812500,0.649311,small_range
2009-04-16,NQ,1342.75,1276.522269,1233.985480,bull_trend,51.00,41.075000,1.241631,large_range
2009-04-17,NQ,1352.75,1283.782053,1238.642912,bull_trend,24.00,40.862500,0.587336,small_range
2009-04-20,NQ,1314.25,1286.683762,1241.607896,bull_trend,48.00,41.287500,1.162579,normal_range
2009-04-21,NQ,1327.75,1290.594832,1244.986018,bull_trend,30.25,39.225000,0.771192,small_range
2009-04-22,NQ,1332.50,1294.585801,1248.417938,bull_trend,47.25,40.412500,1.169193,normal_range
2009-04-23,NQ,1346.50,1299.530010,1252.264294,bull_trend,37.00,39.450000,0.937896,normal_range
2009-04-24,NQ,1374.50,1306.670009,1257.057851,bull_trend,43.00,39.387500,1.091717,normal_range
2009-04-27,NQ,1369.00,1312.606199,1261.447739,bull_trend,33.25,39.600000,0.839646,normal_range
2009-04-28,NQ,1356.25,1316.762751,1265.165475,bull_trend,26.50,38.375000,0.690554,small_range
2009-04-29,NQ,1379.00,1322.690108,1269.629574,bull_trend,42.25,38.775000,1.089620,normal_range
2009-04-30,NQ,1390.25,1329.124384,1274.359787,bull_trend,40.75,38.575000,1.056384,normal_range
2009-05-01,NQ,1398.75,1335.755395,1279.237834,bull_trend,21.75,36.575000,0.594668,small_range
2009-05-04,NQ,1425.00,1344.254881,1284.953998,bull_trend,28.50,36.762500,0.775247,small_range
2009-05-05,NQ,1426.25,1352.063940,1290.495017,bull_trend,22.00,35.762500,0.615170,small_range
2009-05-06,NQ,1420.50,1358.581660,1295.593252,bull_trend,36.50,35.062500,1.040998,normal_range
2009-05-07,NQ,1390.75,1361.645311,1299.324889,bull_trend,62.50,36.250000,1.724138,large_range
2009-05-08,NQ,1388.00,1364.155282,1302.802344,bull_trend,34.50,35.875000,0.961672,normal_range
2009-05-11,NQ,1394.00,1366.997636,1306.378723,bull_trend,43.75,36.962500,1.183632,normal_range
2009-05-12,NQ,1385.00,1368.712147,1309.461910,bull_trend,45.75,37.412500,1.222853,large_range
2009-05-13,NQ,1343.75,1366.334799,1310.806541,range,51.25,38.650000,1.326003,large_range
2009-05-14,NQ,1355.75,1365.326723,1312.569030,range,32.25,37.712500,0.855154,normal_range
2009-05-15,NQ,1353.75,1364.224178,1314.183970,range,31.75,38.100000,0.833333,normal_range
2009-05-18,NQ,1389.25,1366.607590,1317.127736,bull_trend,50.00,38.037500,1.314492,large_range
2009-05-19,NQ,1390.25,1368.859248,1319.995276,bull_trend,31.50,38.100000,0.826772,normal_range
2009-05-20,NQ,1393.00,1371.158367,1322.858206,bull_trend,36.50,37.562500,0.971714,normal_range
2009-05-21,NQ,1370.00,1371.048046,1324.706904,range,41.25,37.775000,1.091992,normal_range
2009-05-22,NQ,1360.00,1369.995852,1326.090947,range,27.00,36.975000,0.730223,small_range
2009-05-25,NQ,1363.50,1369.377199,1327.557968,range,18.50,36.237500,0.510521,small_range
2009-05-26,NQ,1411.75,1373.412704,1330.859617,bull_trend,71.75,38.500000,1.863636,large_range
2009-05-27,NQ,1401.25,1376.063875,1333.620024,bull_trend,31.00,37.937500,0.817133,normal_range
2009-05-28,NQ,1418.50,1380.105411,1336.948650,bull_trend,35.00,37.650000,0.929615,normal_range
2009-05-29,NQ,1437.00,1385.523943,1340.872233,bull_trend,31.75,38.150000,0.832241,normal_range
2009-06-01,NQ,1470.00,1393.569282,1345.936067,bull_trend,52.25,39.337500,1.328249,large_range
2009-06-02,NQ,1478.00,1401.610303,1351.115045,bull_trend,30.00,39.737500,0.754954,small_range
2009-06-03,NQ,1476.25,1408.718845,1356.022298,bull_trend,25.75,39.200000,0.656888,small_range
2009-06-04,NQ,1493.00,1416.745622,1361.393972,bull_trend,20.00,37.075000,0.539447,small_range
2009-06-05,NQ,1494.75,1424.174610,1366.623620,bull_trend,34.50,37.075000,0.930546,normal_range
2009-06-08,NQ,1492.50,1430.681790,1371.559949,bull_trend,33.50,36.562500,0.916239,normal_range
2009-06-09,NQ,1499.75,1437.259715,1376.587010,bull_trend,23.00,35.425000,0.649259,small_range
2009-06-10,NQ,1496.50,1442.901647,1381.289480,bull_trend,44.50,35.087500,1.268258,large_range
2009-06-11,NQ,1490.00,1447.387204,1385.552638,bull_trend,23.75,34.662500,0.685179,small_range
2009-06-12,NQ,1486.50,1451.112232,1389.511358,bull_trend,27.75,34.462500,0.805223,normal_range
2009-06-15,NQ,1457.25,1451.696782,1392.167775,bull_trend,39.50,34.112500,1.157933,normal_range
2009-06-16,NQ,1444.00,1450.963755,1394.200411,range,27.00,33.887500,0.796754,small_range
2009-06-17,NQ,1453.25,1451.181493,1396.516082,bull_trend,31.75,33.650000,0.943536,normal_range
2009-06-18,NQ,1449.50,1451.021350,1398.593882,range,19.75,32.575000,0.606293,small_range
2009-06-19,NQ,1466.00,1452.447888,1401.237259,bull_trend,25.75,32.587500,0.790180,small_range
2009-06-22,NQ,1428.50,1450.167137,1402.306387,range,49.25,34.125000,1.443223,large_range
2009-06-23,NQ,1423.50,1447.627410,1403.137509,range,22.25,31.650000,0.703002,small_range
2009-06-24,NQ,1445.75,1447.448609,1404.808587,range,37.00,31.950000,1.158059,normal_range
2009-06-25,NQ,1472.75,1449.858265,1407.472956,bull_trend,44.00,32.400000,1.358025,large_range
2009-06-26,NQ,1476.75,1452.419383,1410.189703,bull_trend,18.25,31.725000,0.575256,small_range
2009-06-29,NQ,1481.50,1455.188965,1412.986185,bull_trend,25.75,30.400000,0.847039,normal_range
2009-06-30,NQ,1475.50,1457.123350,1415.437707,bull_trend,26.00,30.200000,0.860927,normal_range
2009-07-01,NQ,1478.50,1459.159221,1417.910738,bull_trend,22.00,30.012500,0.733028,small_range
2009-07-02,NQ,1439.75,1457.310724,1418.767180,range,40.50,31.037500,1.304873,large_range
2009-07-03,NQ,1443.25,1455.971607,1419.727290,range,11.25,29.875000,0.376569,small_range
2009-07-06,NQ,1440.25,1454.474311,1420.532103,range,22.00,29.300000,0.750853,small_range
2009-07-07,NQ,1406.25,1449.881520,1419.972020,range,45.50,30.425000,1.495481,large_range
2009-07-08,NQ,1410.00,1446.083280,1419.580961,range,23.00,29.350000,0.783646,small_range
2009-07-09,NQ,1413.50,1442.980110,1419.342491,range,14.75,28.900000,0.510381,small_range
2009-07-10,NQ,1415.75,1440.386766,1419.201609,range,23.75,28.700000,0.827526,normal_range
2009-07-13,NQ,1442.00,1440.540408,1420.095664,bull_trend,47.25,28.912500,1.634241,large_range
2009-07-14,NQ,1472.75,1443.607988,1422.160540,bull_trend,37.25,29.425000,1.265930,large_range
2009-07-15,NQ,1495.75,1448.573894,1425.046401,bull_trend,33.25,29.500000,1.127119,normal_range
2009-07-16,NQ,1510.50,1454.471618,1428.397523,bull_trend,31.25,30.075000,1.039069,normal_range
2009-07-17,NQ,1529.00,1461.569559,1432.342718,bull_trend,24.25,29.925000,0.810359,normal_range
2009-07-20,NQ,1538.00,1468.848649,1436.486141,bull_trend,20.50,28.487500,0.719614,small_range
2009-07-21,NQ,1559.75,1477.505920,1441.320017,bull_trend,31.50,28.950000,1.088083,normal_range
2009-07-22,NQ,1558.50,1485.219642,1445.915311,bull_trend,26.00,28.400000,0.915493,normal_range
2009-07-23,NQ,1573.25,1493.603486,1450.908828,bull_trend,48.75,28.637500,1.702313,large_range
2009-07-24,NQ,1598.75,1503.617440,1456.706521,bull_trend,28.25,29.137500,0.969541,normal_range
2009-07-27,NQ,1597.50,1512.558636,1462.227834,bull_trend,30.50,29.375000,1.038298,normal_range
2009-07-28,NQ,1600.75,1520.957813,1467.660076,bull_trend,26.50,29.400000,0.901361,normal_range
2009-07-29,NQ,1600.75,1528.557069,1472.879289,bull_trend,20.00,29.300000,0.682594,small_range
2009-07-30,NQ,1607.25,1536.051634,1478.148728,bull_trend,33.00,28.925000,1.140882,normal_range
2009-07-31,NQ,1601.00,1542.237193,1482.966425,bull_trend,20.25,29.375000,0.689362,small_range
2009-08-03,NQ,1627.00,1550.309841,1488.614801,bull_trend,27.75,29.662500,0.935525,normal_range
2009-08-04,NQ,1631.00,1557.994618,1494.198534,bull_trend,19.75,28.375000,0.696035,small_range
2009-08-05,NQ,1606.50,1562.614178,1498.602513,bull_trend,28.75,28.662500,1.003053,normal_range
2009-08-06,NQ,1600.75,1566.246161,1502.608297,bull_trend,31.00,29.475000,1.051739,normal_range
2009-08-07,NQ,1619.25,1571.294146,1507.182481,bull_trend,32.50,29.912500,1.086502,normal_range
2009-08-10,NQ,1611.50,1575.123275,1511.273364,bull_trend,22.00,28.650000,0.767888,small_range
2009-08-11,NQ,1597.25,1577.230582,1514.644997,bull_trend,32.00,28.387500,1.127257,normal_range
2009-08-12,NQ,1621.25,1581.422908,1518.825585,bull_trend,46.50,29.050000,1.600688,large_range
2009-08-13,NQ,1632.50,1586.287393,1523.283406,bull_trend,28.50,28.912500,0.985733,normal_range
2009-08-14,NQ,1615.50,1589.069546,1526.899743,bull_trend,39.00,29.650000,1.315346,large_range
2009-08-17,NQ,1566.75,1586.943875,1528.462498,range,51.25,31.337500,1.635421,large_range
2009-08-18,NQ,1584.50,1586.711125,1530.660047,range,24.25,30.975000,0.782889,small_range
2009-08-19,NQ,1597.25,1587.714827,1533.271418,bull_trend,36.00,31.475000,1.143765,normal_range
2009-08-20,NQ,1613.50,1590.170558,1536.417637,bull_trend,29.25,30.500000,0.959016,normal_range
2009-08-21,NQ,1635.75,1594.511457,1540.313023,bull_trend,39.75,31.075000,1.279163,large_range
2009-08-24,NQ,1633.00,1598.177033,1543.947807,bull_trend,19.50,30.525000,0.638821,small_range
2009-08-25,NQ,1636.75,1601.850649,1547.587108,bull_trend,30.25,30.712500,0.984941,normal_range
2009-08-26,NQ,1636.50,1605.150587,1551.073889,bull_trend,21.75,30.800000,0.706169,small_range
2009-08-27,NQ,1639.50,1608.421959,1554.541579,bull_trend,33.00,30.800000,1.071429,normal_range
2009-08-28,NQ,1642.75,1611.691297,1558.000733,bull_trend,38.00,31.687500,1.199211,normal_range
2009-08-31,NQ,1624.00,1612.863554,1560.588939,bull_trend,29.25,31.762500,0.920897,normal_range
2009-09-01,NQ,1595.50,1611.209882,1561.958001,range,58.75,33.712500,1.742677,large_range
2009-09-02,NQ,1592.50,1609.427989,1563.155726,range,17.75,33.162500,0.535243,small_range
2009-09-03,NQ,1605.50,1609.053895,1564.816286,range,24.00,32.812500,0.731429,small_range
2009-09-04,NQ,1636.50,1611.667809,1567.627412,bull_trend,40.00,33.187500,1.205273,large_range
2009-09-07,NQ,1646.25,1614.961351,1570.710651,bull_trend,14.00,32.787500,0.426992,small_range
2009-09-08,NQ,1652.25,1618.512651,1573.908272,bull_trend,16.00,31.987500,0.500195,small_range
2009-09-09,NQ,1667.25,1623.154303,1577.568732,bull_trend,32.00,31.262500,1.023591,normal_range
2009-09-10,NQ,1684.75,1629.020560,1581.771919,bull_trend,24.75,31.075000,0.796460,small_range
2009-09-11,NQ,1686.00,1634.447174,1585.859295,bull_trend,17.00,29.975000,0.567139,small_range
2009-09-14,NQ,1686.00,1639.356967,1589.786381,bull_trend,26.50,28.587500,0.926979,normal_range
2009-09-15,NQ,1693.75,1644.537255,1593.863386,bull_trend,22.25,28.487500,0.781044,small_range
2009-09-16,NQ,1716.50,1651.390850,1598.672665,bull_trend,29.50,28.175000,1.047028,normal_range
2009-09-17,NQ,1720.25,1657.948864,1603.440404,bull_trend,18.25,27.625000,0.660633,small_range
2009-09-18,NQ,1720.50,1663.906115,1608.030976,bull_trend,17.75,26.525000,0.669180,small_range
2009-09-21,NQ,1726.50,1669.867438,1612.676820,bull_trend,27.00,26.900000,1.003717,normal_range
2009-09-22,NQ,1734.00,1675.975301,1617.434592,bull_trend,15.75,26.175000,0.601719,small_range
2009-09-23,NQ,1723.75,1680.525272,1621.603824,bull_trend,32.50,26.712500,1.216659,large_range
2009-09-24,NQ,1698.25,1682.213342,1624.609556,bull_trend,40.75,27.100000,1.503690,large_range
2009-09-25,NQ,1697.00,1683.621595,1627.448397,bull_trend,20.25,26.212500,0.772532,small_range
2009-09-28,NQ,1722.75,1687.348110,1631.185715,bull_trend,44.50,26.975000,1.649676,large_range
2009-09-29,NQ,1714.00,1689.886385,1634.433334,bull_trend,24.00,25.237500,0.950966,normal_range
2009-09-30,NQ,1713.75,1692.159110,1637.543791,bull_trend,41.25,26.412500,1.561761,large_range
2009-10-01,NQ,1669.50,1690.001100,1638.796976,range,63.00,28.362500,2.221243,large_range
2009-10-02,NQ,1662.00,1687.334328,1639.706898,range,25.00,27.612500,0.905387,normal_range
2009-10-05,NQ,1675.25,1686.183440,1641.100745,range,23.25,28.075000,0.828139,normal_range
2009-10-06,NQ,1702.00,1687.689779,1643.488952,bull_trend,37.00,29.125000,1.270386,large_range
2009-10-07,NQ,1711.50,1689.957419,1646.156051,bull_trend,18.50,28.450000,0.650264,small_range
2009-10-08,NQ,1713.50,1692.199570,1648.796991,bull_trend,19.50,28.187500,0.691796,small_range
2009-10-09,NQ,1726.50,1695.466277,1651.844167,bull_trend,21.25,28.400000,0.748239,small_range
2009-10-12,NQ,1727.00,1698.469489,1654.791455,bull_trend,24.00,28.275000,0.848806,normal_range
2009-10-13,NQ,1741.00,1702.520014,1658.172182,bull_trend,24.75,28.400000,0.871479,normal_range
2009-10-14,NQ,1749.25,1706.970489,1661.743861,bull_trend,14.75,27.650000,0.533454,small_range
2009-10-15,NQ,1749.00,1710.973299,1665.165671,bull_trend,17.25,27.600000,0.625000,small_range
2009-10-16,NQ,1732.75,1713.047271,1667.816037,bull_trend,33.25,28.375000,1.171806,normal_range
2009-10-19,NQ,1771.75,1718.638007,1671.891878,bull_trend,50.25,29.537500,1.701227,large_range
2009-10-20,NQ,1756.50,1722.243911,1675.209844,bull_trend,28.25,30.162500,0.936593,normal_range
2009-10-21,NQ,1750.50,1724.934967,1678.162399,bull_trend,33.25,30.200000,1.100993,normal_range
2009-10-22,NQ,1763.50,1728.607827,1681.508972,bull_trend,28.75,29.600000,0.971284,normal_range
2009-10-23,NQ,1752.50,1730.883272,1684.292934,bull_trend,31.50,30.162500,1.044343,normal_range
2009-10-26,NQ,1746.75,1732.394389,1686.742230,bull_trend,39.75,29.925000,1.328321,large_range
2009-10-27,NQ,1720.75,1731.285400,1688.075868,range,38.75,30.662500,1.263759,large_range
2009-10-28,NQ,1680.00,1726.401076,1687.759168,range,45.75,30.887500,1.481182,large_range
2009-10-29,NQ,1705.75,1724.434307,1688.464690,range,35.75,29.525000,1.210838,large_range
2009-10-30,NQ,1662.50,1718.535801,1687.446467,range,51.75,30.862500,1.676792,large_range
2009-11-02,NQ,1671.75,1714.080011,1686.830919,range,37.50,31.575000,1.187648,normal_range
2009-11-03,NQ,1674.75,1710.334296,1686.357158,range,26.50,31.050000,0.853462,normal_range
2009-11-04,NQ,1685.25,1707.945315,1686.313740,range,26.25,31.437500,0.834990,normal_range
2009-11-05,NQ,1720.25,1709.117190,1687.644574,bull_trend,50.50,32.987500,1.530883,large_range
2009-11-06,NQ,1729.75,1711.082219,1689.295767,bull_trend,32.50,33.550000,0.968703,normal_range
2009-11-09,NQ,1766.50,1716.360103,1692.323384,bull_trend,40.00,34.350000,1.164483,normal_range
2009-11-10,NQ,1774.00,1721.849617,1695.526388,bull_trend,17.50,33.987500,0.514895,small_range
2009-11-11,NQ,1783.25,1727.697273,1698.966530,bull_trend,21.75,34.337500,0.633418,small_range
2009-11-12,NQ,1772.50,1731.964199,1701.850196,bull_trend,25.00,34.725000,0.719942,small_range
2009-11-13,NQ,1787.25,1737.229513,1705.199207,bull_trend,22.25,34.175000,0.651061,small_range
2009-11-16,NQ,1803.00,1743.493369,1709.034533,bull_trend,26.50,32.987500,0.803335,normal_range
2009-11-17,NQ,1809.00,1749.732096,1712.954747,bull_trend,16.50,32.400000,0.509259,small_range
2009-11-18,NQ,1801.00,1754.614754,1716.407502,bull_trend,24.50,31.962500,0.766523,small_range
2009-11-19,NQ,1769.25,1756.008587,1718.479757,bull_trend,42.25,32.637500,1.294523,large_range
2009-11-20,NQ,1764.00,1756.769674,1720.264865,bull_trend,19.00,32.012500,0.593518,small_range
2009-11-23,NQ,1790.00,1759.934467,1722.999576,bull_trend,39.50,32.000000,1.234375,large_range
2009-11-24,NQ,1786.75,1762.488327,1725.499592,bull_trend,18.00,30.962500,0.581348,small_range
2009-11-25,NQ,1794.25,1765.513248,1728.195687,bull_trend,14.25,29.387500,0.484900,small_range
2009-11-26,NQ,1749.75,1764.011986,1729.040954,range,50.75,30.137500,1.683949,large_range
2009-11-27,NQ,1759.00,1763.534654,1730.215818,range,57.50,30.425000,1.889893,large_range
2009-11-30,NQ,1767.75,1763.936116,1731.687747,bull_trend,24.75,29.787500,0.830885,normal_range
2009-12-01,NQ,1790.00,1766.418391,1733.974502,bull_trend,33.50,30.137500,1.111572,normal_range
2009-12-02,NQ,1791.75,1768.830925,1736.240208,bull_trend,20.50,29.850000,0.686767,small_range
2009-12-03,NQ,1777.00,1769.608932,1737.838631,bull_trend,29.75,28.812500,1.032538,normal_range
2009-12-04,NQ,1794.75,1772.003319,1740.070450,bull_trend,43.50,29.362500,1.481481,large_range
2009-12-07,NQ,1787.75,1773.503003,1741.940236,bull_trend,20.00,28.362500,0.705156,small_range
2009-12-08,NQ,1768.75,1773.050336,1742.991599,range,29.75,28.975000,1.026747,normal_range
2009-12-09,NQ,1793.25,1774.974114,1744.962517,bull_trend,34.50,29.612500,1.165049,normal_range
2009-12-10,NQ,1800.50,1777.405151,1747.140457,bull_trend,22.25,29.475000,0.754877,small_range
2009-12-11,NQ,1794.25,1779.009422,1748.987890,bull_trend,28.25,29.775000,0.948783,normal_range
2009-12-14,NQ,1805.75,1781.556144,1751.213855,bull_trend,21.50,29.525000,0.728196,small_range
2009-12-15,NQ,1796.75,1783.003178,1752.999587,bull_trend,20.50,29.725000,0.689655,small_range
2009-12-16,NQ,1798.75,1784.502875,1754.793721,bull_trend,18.50,29.425000,0.628717,small_range
2009-12-17,NQ,1785.00,1784.550220,1755.978280,bull_trend,28.75,28.750000,1.000000,normal_range
2009-12-18,NQ,1806.00,1786.593056,1757.939917,bull_trend,23.50,28.975000,0.811044,normal_range
2009-12-21,NQ,1825.25,1790.274670,1760.579528,bull_trend,30.75,28.537500,1.077530,normal_range
2009-12-22,NQ,1840.50,1795.058035,1763.713664,bull_trend,15.00,28.425000,0.527704,small_range
2009-12-23,NQ,1853.00,1800.576317,1767.215089,bull_trend,16.00,28.512500,0.561157,small_range
2009-12-24,NQ,1868.50,1807.045239,1771.187046,bull_trend,17.75,26.862500,0.660772,small_range
2009-12-28,NQ,1874.50,1813.469502,1775.238534,bull_trend,18.75,24.925000,0.752257,small_range
2009-12-29,NQ,1872.00,1819.043835,1779.033102,bull_trend,12.00,24.287500,0.494081,small_range
2009-12-30,NQ,1877.50,1824.611089,1782.894549,bull_trend,18.00,23.512500,0.765550,small_range
2009-12-31,NQ,1867.00,1828.648128,1786.192802,bull_trend,23.25,23.650000,0.983087,normal_range
2010-01-04,NQ,1887.00,1834.205449,1790.146025,bull_trend,23.50,23.337500,1.006963,normal_range
2010-01-05,NQ,1884.50,1838.995407,1793.846181,bull_trend,14.25,21.875000,0.651429,small_range
2010-01-06,NQ,1877.75,1842.686320,1797.136527,bull_trend,19.50,21.850000,0.892449,normal_range
2010-01-07,NQ,1877.50,1846.001909,1800.288036,bull_trend,14.75,21.100000,0.699052,small_range
2010-01-08,NQ,1890.00,1850.192203,1803.806152,bull_trend,27.50,20.750000,1.325301,large_range
2010-01-11,NQ,1878.50,1852.888184,1806.735322,bull_trend,25.75,20.925000,1.230585,large_range
2010-01-12,NQ,1865.50,1854.089309,1809.039820,bull_trend,33.75,21.200000,1.591981,large_range
2010-01-13,NQ,1882.00,1856.747470,1811.901003,bull_trend,36.25,21.937500,1.652422,large_range
2010-01-14,NQ,1891.50,1860.057235,1815.022532,bull_trend,18.00,21.812500,0.825215,normal_range
2010-01-15,NQ,1863.25,1860.361308,1816.913806,bull_trend,36.75,22.725000,1.617162,large_range
2010-01-18,NQ,1874.25,1861.684040,1819.162284,bull_trend,16.50,22.112500,0.746184,small_range
2010-01-19,NQ,1887.50,1864.142703,1821.842194,bull_trend,38.25,22.850000,1.673961,large_range
2010-01-20,NQ,1869.00,1864.605303,1823.691520,bull_trend,46.75,23.650000,1.976744,large_range
2010-01-21,NQ,1838.75,1862.142893,1824.282049,range,47.00,25.212500,1.864155,large_range
2010-01-22,NQ,1797.00,1855.938808,1823.212164,range,59.75,27.400000,2.180657,large_range
2010-01-25,NQ,1803.25,1850.920826,1822.429334,range,29.50,27.987500,1.054042,normal_range
2010-01-26,NQ,1801.75,1846.237891,1821.618380,range,38.50,28.975000,1.328732,large_range
2010-01-27,NQ,1809.50,1842.739044,1821.143150,range,33.75,30.062500,1.122661,normal_range
2010-01-28,NQ,1778.25,1836.597230,1819.461065,range,60.75,32.200000,1.886646,large_range
2010-01-29,NQ,1738.75,1827.278446,1816.295925,range,57.50,33.912500,1.695540,large_range
2010-02-01,NQ,1757.50,1820.632880,1813.990203,range,21.25,33.800000,0.628698,small_range
2010-02-02,NQ,1771.25,1815.929749,1812.314116,range,30.25,34.600000,0.874277,normal_range
2010-02-03,NQ,1789.25,1813.388820,1811.409641,range,27.50,35.000000,0.785714,small_range
2010-02-04,NQ,1733.00,1805.732742,1808.334753,bear_trend,60.50,37.287500,1.622528,large_range
2010-02-05,NQ,1744.50,1799.901052,1805.831430,bear_trend,37.00,37.762500,0.979808,normal_range
2010-02-08,NQ,1732.50,1793.481904,1802.955687,bear_trend,23.25,37.637500,0.617735,small_range
2010-02-09,NQ,1754.00,1789.721723,1801.035857,bear_trend,34.50,37.687500,0.915423,normal_range
2010-02-10,NQ,1746.25,1785.581559,1798.887392,bear_trend,26.75,37.212500,0.718844,small_range
2010-02-11,NQ,1777.25,1784.788077,1798.038866,bear_trend,42.00,38.412500,1.093394,normal_range
2010-02-12,NQ,1783.25,1784.641594,1797.458911,bear_trend,29.50,38.050000,0.775296,small_range
2010-02-15,NQ,1777.25,1783.937632,1796.666405,bear_trend,9.25,37.687500,0.245439,small_range
2010-02-16,NQ,1799.50,1785.419763,1796.777526,range,23.50,36.987500,0.635350,small_range
2010-02-17,NQ,1811.00,1787.855976,1797.335270,range,16.00,35.450000,0.451340,small_range
2010-02-18,NQ,1808.75,1789.845883,1797.782906,range,20.00,34.100000,0.586510,small_range
2010-02-19,NQ,1818.25,1792.551037,1798.585538,range,29.00,32.562500,0.890595,normal_range
2010-02-22,NQ,1819.50,1795.117605,1799.405713,range,22.75,32.225000,0.705974,small_range
2010-02-23,NQ,1800.00,1795.582595,1799.429018,range,43.75,32.487500,1.346672,large_range
2010-02-24,NQ,1812.75,1797.217586,1799.951409,range,23.25,31.962500,0.727415,small_range
2010-02-25,NQ,1812.00,1798.625435,1800.423903,range,35.50,30.700000,1.156352,normal_range
2010-02-26,NQ,1821.75,1800.827774,1801.260221,range,18.75,28.762500,0.651890,small_range
2010-03-01,NQ,1845.00,1805.034653,1802.975506,bull_trend,27.25,29.062500,0.937634,normal_range
2010-03-02,NQ,1852.75,1809.578972,1804.927447,bull_trend,19.75,28.537500,0.692072,small_range
2010-03-03,NQ,1850.50,1813.476212,1806.714606,bull_trend,15.50,27.937500,0.554810,small_range
2010-03-04,NQ,1858.00,1817.716573,1808.725798,bull_trend,16.50,25.737500,0.641088,small_range
2010-03-05,NQ,1884.75,1824.100709,1811.707139,bull_trend,32.50,25.512500,1.273885,large_range
2010-03-08,NQ,1888.50,1830.233975,1814.718624,bull_trend,11.50,24.925000,0.461384,small_range
2010-03-09,NQ,1902.00,1837.068834,1818.141423,bull_trend,31.00,24.737500,1.253158,large_range
2010-03-10,NQ,1917.50,1844.728945,1822.037838,bull_trend,21.25,24.462500,0.868677,normal_range
2010-03-11,NQ,1925.75,1852.445236,1826.104981,bull_trend,17.50,23.237500,0.753093,small_range
2010-03-12,NQ,1926.00,1859.450452,1830.022433,bull_trend,18.75,22.700000,0.825991,normal_range
2010-03-15,NQ,1916.75,1864.907552,1833.423514,bull_trend,18.75,23.350000,0.802998,normal_range
2010-03-16,NQ,1928.00,1870.916356,1837.132396,bull_trend,15.50,22.912500,0.676487,small_range
2010-03-17,NQ,1934.00,1876.924322,1840.931126,bull_trend,16.50,22.937500,0.719346,small_range
2010-03-18,NQ,1941.25,1883.050577,1844.865199,bull_trend,14.00,22.637500,0.618443,small_range
2010-03-19,NQ,1930.75,1887.593380,1848.233230,bull_trend,26.00,22.487500,1.156198,normal_range
2010-03-22,NQ,1948.50,1893.394010,1852.165261,bull_trend,35.25,23.112500,1.525149,large_range
2010-03-23,NQ,1961.75,1899.904104,1856.462701,bull_trend,21.50,22.000000,0.977273,normal_range
2010-03-24,NQ,1951.00,1904.770380,1860.170046,bull_trend,15.75,21.625000,0.728324,small_range
2010-03-25,NQ,1945.75,1908.673201,1863.526123,bull_trend,29.00,21.300000,1.361502,large_range
2010-03-26,NQ,1950.75,1912.680515,1866.946667,bull_trend,23.75,21.550000,1.102088,normal_range
2010-03-29,NQ,1959.75,1917.163323,1870.586014,bull_trend,14.50,20.962500,0.691711,small_range
2010-03-30,NQ,1962.75,1921.504912,1874.200288,bull_trend,19.75,20.962500,0.942159,normal_range
2010-03-31,NQ,1958.00,1924.980634,1877.486551,bull_trend,15.00,20.937500,0.716418,small_range
2010-04-01,NQ,1954.00,1927.744383,1880.487078,bull_trend,36.50,21.937500,1.663818,large_range
2010-04-02,NQ,1961.50,1930.959204,1883.664056,bull_trend,13.75,21.000000,0.654762,small_range
2010-04-05,NQ,1974.25,1935.082137,1887.216446,bull_trend,23.50,21.600000,1.087963,normal_range
2010-04-06,NQ,1978.00,1939.169553,1890.776585,bull_trend,20.50,21.075000,0.972716,normal_range
2010-04-07,NQ,1974.75,1942.558167,1894.069660,bull_trend,20.25,21.025000,0.963139,normal_range
2010-04-08,NQ,1979.25,1946.052627,1897.410066,bull_trend,23.25,21.312500,1.090909,normal_range
2010-04-09,NQ,1992.50,1950.476186,1901.139083,bull_trend,17.75,21.262500,0.834803,normal_range
2010-04-12,NQ,1991.25,1954.359407,1904.672844,bull_trend,14.00,20.850000,0.671463,small_range
2010-04-13,NQ,2007.50,1959.420415,1908.705282,bull_trend,26.75,21.412500,1.249270,large_range
2010-04-14,NQ,2027.00,1965.856566,1913.344290,bull_trend,20.00,21.600000,0.925926,normal_range
2010-04-15,NQ,2028.75,1971.846417,1917.870004,bull_trend,20.00,21.900000,0.913242,normal_range
2010-04-16,NQ,2009.50,1975.432473,1921.463337,bull_trend,37.50,22.475000,1.668521,large_range
2010-04-19,NQ,2011.00,1978.819856,1924.974579,bull_trend,30.75,22.250000,1.382022,large_range
2010-04-20,NQ,2039.25,1984.575108,1929.455968,bull_trend,33.50,22.850000,1.466083,large_range
2010-04-21,NQ,2019.75,1987.925098,1932.996911,bull_trend,22.00,23.162500,0.949811,normal_range
2010-04-22,NQ,2034.00,1992.313184,1936.957816,bull_trend,44.50,23.937500,1.859008,large_range
2010-04-23,NQ,2052.00,1997.997642,1941.469274,bull_trend,24.25,23.962500,1.011998,normal_range
2010-04-26,NQ,2046.50,2002.616915,1945.588126,bull_trend,15.75,23.975000,0.656934,small_range
2010-04-27,NQ,2009.25,2003.248637,1948.084670,bull_trend,52.00,25.587500,2.032242,large_range
2010-04-28,NQ,2007.00,2003.605910,1950.395075,bull_trend,33.25,26.500000,1.254717,large_range
2010-04-29,NQ,2040.25,2007.095823,1953.918798,bull_trend,39.25,26.637500,1.473487,large_range
2010-04-30,NQ,2004.00,2006.800983,1955.882767,range,49.00,28.400000,1.725352,large_range
2010-05-03,NQ,2025.00,2008.534222,1958.593246,bull_trend,38.75,29.162500,1.328761,large_range
2010-05-04,NQ,1969.75,2004.840487,1959.030766,range,76.25,31.950000,2.386541,large_range
2010-05-05,NQ,1958.00,2000.379488,1958.990344,range,37.50,32.812500,1.142857,normal_range
2010-05-06,NQ,1878.00,1988.724299,1955.814252,range,232.75,43.287500,5.376841,large_range
2010-05-07,NQ,1849.25,1975.441032,1951.635262,range,103.50,47.575000,2.175512,large_range
2010-05-10,NQ,1942.50,1972.303791,1951.277016,range,71.00,51.575000,1.376636,large_range
2010-05-11,NQ,1931.00,1968.370097,1950.481839,range,50.00,52.737500,0.948092,normal_range
2010-05-12,NQ,1967.25,1968.263421,1951.139414,range,59.25,54.687500,1.083429,normal_range
2010-05-13,NQ,1944.50,1966.000238,1950.879045,range,43.00,55.837500,0.770092,small_range
2010-05-14,NQ,1909.75,1960.643072,1949.266141,range,67.50,57.337500,1.177240,normal_range
2010-05-17,NQ,1914.50,1956.248494,1947.902763,range,49.00,58.250000,0.841202,normal_range
2010-05-18,NQ,1882.75,1949.248638,1945.347753,range,55.25,59.337500,0.931114,normal_range
2010-05-19,NQ,1872.75,1941.963053,1942.500782,bear_trend,44.25,60.450000,0.732010,small_range
2010-05-20,NQ,1794.00,1927.871334,1936.677222,bear_trend,84.25,62.437500,1.349349,large_range
2010-05-21,NQ,1817.75,1917.383588,1932.013409,bear_trend,68.50,64.650000,1.059551,normal_range
2010-05-24,NQ,1807.50,1906.918484,1927.130530,bear_trend,44.00,66.062500,0.666036,small_range
2010-05-25,NQ,1821.75,1898.807200,1922.997961,bear_trend,68.25,66.875000,1.020561,normal_range
2010-05-26,NQ,1792.25,1888.658895,1917.870590,bear_trend,63.50,68.387500,0.928532,normal_range
2010-05-27,NQ,1863.75,1886.286619,1915.748214,bear_trend,81.25,70.487500,1.152687,normal_range
2010-05-28,NQ,1851.25,1882.949798,1913.218872,bear_trend,38.75,69.975000,0.553769,small_range
2010-05-31,NQ,1860.75,1880.835532,1911.161269,bear_trend,16.00,68.837500,0.232431,small_range
2010-06-01,NQ,1834.50,1876.422624,1908.154945,bear_trend,53.75,67.712500,0.793797,small_range
2010-06-02,NQ,1878.00,1876.572850,1906.972398,range,47.75,68.225000,0.699890,small_range
2010-06-03,NQ,1892.75,1878.113531,1906.414657,range,28.25,58.000000,0.487069,small_range
2010-06-04,NQ,1834.25,1873.936052,1903.584670,bear_trend,80.25,56.837500,1.411920,large_range
2010-06-07,NQ,1796.00,1866.513571,1899.365664,bear_trend,51.75,54.725000,0.945637,normal_range
2010-06-08,NQ,1794.00,1859.607517,1895.233677,bear_trend,47.75,54.612500,0.874342,normal_range
2010-06-09,NQ,1780.00,1852.025848,1890.714709,bear_trend,49.75,54.137500,0.918956,normal_range
2010-06-10,NQ,1823.50,1849.309101,1888.078838,bear_trend,56.50,54.812500,1.030787,normal_range
2010-06-11,NQ,1844.00,1848.803472,1886.350256,bear_trend,41.00,53.487500,0.766534,small_range
2010-06-14,NQ,1846.00,1848.536475,1884.767893,bear_trend,35.00,52.787500,0.663036,small_range
2010-06-15,NQ,1891.75,1852.652049,1885.041701,range,53.25,52.687500,1.010676,normal_range
2010-06-16,NQ,1903.25,1857.470901,1885.755752,range,33.75,52.162500,0.647017,small_range
2010-06-17,NQ,1908.75,1862.354625,1886.657488,range,25.50,49.225000,0.518029,small_range
2010-06-18,NQ,1908.75,1866.773232,1887.523861,range,19.75,46.787500,0.422121,small_range
2010-06-21,NQ,1900.50,1869.985305,1888.032729,range,57.25,47.450000,1.206533,large_range
2010-06-22,NQ,1880.75,1871.010514,1887.747132,range,40.25,46.050000,0.874050,normal_range
2010-06-23,NQ,1868.75,1870.795227,1887.002146,bear_trend,32.25,44.487500,0.724923,small_range
2010-06-24,NQ,1849.50,1868.767110,1885.531474,bear_trend,38.00,42.325000,0.897815,normal_range
2010-06-25,NQ,1839.50,1865.979766,1883.726318,bear_trend,29.25,41.850000,0.698925,small_range
2010-06-28,NQ,1832.75,1862.815027,1881.727246,bear_trend,30.25,42.562500,0.710720,small_range
2010-06-29,NQ,1762.75,1853.285024,1877.061472,bear_trend,91.50,44.450000,2.058493,large_range
2010-06-30,NQ,1736.00,1842.115022,1871.529650,bear_trend,44.50,44.287500,1.004798,normal_range
2010-07-01,NQ,1728.00,1831.246925,1865.901036,bear_trend,47.75,45.262500,1.054957,normal_range
2010-07-02,NQ,1720.75,1820.723408,1860.208838,bear_trend,35.50,43.025000,0.825102,normal_range
2010-07-05,NQ,1720.00,1811.130702,1854.710453,bear_trend,11.00,40.987500,0.268375,small_range
2010-07-06,NQ,1734.50,1803.832540,1849.996317,bear_trend,56.75,41.437500,1.369532,large_range
2010-07-07,NQ,1789.00,1802.419917,1847.604305,bear_trend,67.75,42.337500,1.600236,large_range
2010-07-08,NQ,1796.00,1801.808497,1845.580607,bear_trend,28.75,40.950000,0.702076,small_range
2010-07-09,NQ,1811.75,1802.755307,1844.253916,range,26.00,40.200000,0.646766,small_range
2010-07-12,NQ,1824.75,1804.850039,1843.489057,range,28.50,39.875000,0.714734,small_range
2010-07-13,NQ,1857.25,1809.840512,1844.028702,range,44.00,39.412500,1.116397,normal_range
2010-07-14,NQ,1851.50,1813.808082,1844.321694,range,28.25,39.137500,0.721814,small_range
2010-07-15,NQ,1852.25,1817.469217,1844.632608,range,36.00,39.662500,0.907658,normal_range
2010-07-16,NQ,1802.00,1815.995958,1842.960741,bear_trend,56.00,41.475000,1.350211,large_range
2010-07-19,NQ,1797.50,1814.234438,1841.177966,bear_trend,38.75,40.550000,0.955610,normal_range
2010-07-20,NQ,1852.00,1817.831159,1841.602360,range,75.75,42.325000,1.789722,large_range
2010-07-21,NQ,1814.25,1817.490096,1840.529718,bear_trend,49.00,43.162500,1.135245,normal_range
2010-07-22,NQ,1848.75,1820.467230,1840.852082,range,56.75,44.100000,1.286848,large_range
2010-07-23,NQ,1875.00,1825.660827,1842.191216,range,32.00,44.237500,0.723368,small_range
2010-07-26,NQ,1886.50,1831.455034,1843.928816,range,22.25,43.837500,0.507556,small_range
2010-07-27,NQ,1886.75,1836.721221,1845.608078,range,22.50,40.387500,0.557103,small_range
2010-07-28,NQ,1868.00,1839.700152,1846.486192,range,30.00,39.662500,0.756382,small_range
2010-07-29,NQ,1858.00,1841.442995,1846.937714,range,48.00,39.675000,1.209830,large_range
2010-07-30,NQ,1863.75,1843.567472,1847.597020,range,42.00,40.000000,1.050000,normal_range
2010-08-02,NQ,1894.00,1848.370570,1849.416744,range,37.25,41.350000,0.900846,normal_range
2010-08-03,NQ,1894.75,1852.787658,1851.194519,bull_trend,18.50,39.437500,0.469097,small_range
2010-08-04,NQ,1906.50,1857.903119,1853.363361,bull_trend,26.75,37.387500,0.715480,small_range
2010-08-05,NQ,1903.25,1862.221870,1855.319700,bull_trend,21.75,37.037500,0.587243,small_range
2010-08-06,NQ,1905.50,1866.343597,1857.287555,bull_trend,36.50,37.562500,0.971714,normal_range
2010-08-09,NQ,1912.75,1870.763254,1859.462553,bull_trend,19.50,37.112500,0.525429,small_range
2010-08-10,NQ,1896.75,1873.238182,1860.924806,bull_trend,33.25,36.575000,0.909091,normal_range
2010-08-11,NQ,1825.50,1868.691689,1859.535598,range,75.25,38.925000,1.933205,large_range
2010-08-12,NQ,1829.50,1864.959147,1858.357731,range,32.00,38.725000,0.826340,normal_range
2010-08-13,NQ,1816.50,1860.343990,1856.716252,range,27.50,37.300000,0.737265,small_range
2010-08-16,NQ,1821.00,1856.596943,1855.315614,range,33.25,37.025000,0.898042,normal_range
2010-08-17,NQ,1841.75,1855.182949,1854.783629,range,43.50,35.412500,1.228380,large_range
2010-08-18,NQ,1840.00,1853.736954,1854.203879,bear_trend,31.25,34.525000,0.905141,normal_range
2010-08-19,NQ,1822.00,1850.714387,1852.940982,bear_trend,40.25,33.700000,1.194362,normal_range
2010-08-20,NQ,1826.75,1848.432064,1851.913885,bear_trend,21.25,33.162500,0.640784,small_range
2010-08-23,NQ,1809.25,1844.700439,1850.240791,bear_trend,38.00,33.950000,1.119293,normal_range
2010-08-24,NQ,1771.50,1837.728969,1847.152917,bear_trend,44.00,35.025000,1.256246,large_range
2010-08-25,NQ,1790.75,1833.254781,1844.941038,bear_trend,41.75,35.612500,1.172341,normal_range
2010-08-26,NQ,1765.50,1826.801945,1841.825703,bear_trend,39.50,35.187500,1.122558,normal_range
2010-08-27,NQ,1790.25,1823.320807,1839.803126,bear_trend,50.50,35.612500,1.418041,large_range
2010-08-30,NQ,1770.75,1818.314064,1837.095161,bear_trend,37.25,35.575000,1.047084,normal_range
2010-08-31,NQ,1774.50,1814.141296,1834.640449,bear_trend,27.25,36.012500,0.756682,small_range
2010-09-01,NQ,1820.00,1814.699268,1834.066313,range,53.25,37.337500,1.426180,large_range
2010-09-02,NQ,1837.75,1816.894575,1834.210772,range,28.25,37.662500,0.750083,small_range
2010-09-03,NQ,1867.50,1821.714140,1835.516232,range,36.75,37.675000,0.975448,normal_range
2010-09-06,NQ,1869.50,1826.265174,1836.848928,range,12.25,37.312500,0.328308,small_range
2010-09-07,NQ,1858.25,1829.311348,1837.688186,range,20.00,36.650000,0.545703,small_range
2010-09-08,NQ,1879.00,1834.043600,1839.308257,range,35.75,34.675000,1.031002,normal_range
2010-09-09,NQ,1885.75,1838.968019,1841.129502,range,23.00,34.225000,0.672023,small_range
2010-09-10,NQ,1891.75,1843.994875,1843.114620,bull_trend,16.75,33.687500,0.497217,small_range
2010-09-13,NQ,1919.25,1851.162030,1846.100321,bull_trend,28.75,33.700000,0.853116,normal_range
2010-09-14,NQ,1920.75,1857.789455,1849.027759,bull_trend,26.25,32.837500,0.799391,small_range
2010-09-15,NQ,1938.75,1865.499983,1852.546278,bull_trend,27.00,32.625000,0.827586,normal_range
2010-09-16,NQ,1954.25,1873.952366,1856.534660,bull_trend,26.25,31.925000,0.822240,normal_range
2010-09-17,NQ,1952.25,1881.409283,1860.288202,bull_trend,27.50,32.237500,0.853044,normal_range
2010-09-20,NQ,1982.00,1890.989352,1865.061214,bull_trend,43.50,32.512500,1.337947,large_range
2010-09-21,NQ,1983.25,1899.776080,1869.696068,bull_trend,23.25,31.475000,0.738681,small_range
2010-09-22,NQ,1983.25,1907.725977,1874.149164,bull_trend,24.25,30.600000,0.792484,small_range
2010-09-23,NQ,1982.50,1914.847313,1878.398216,bull_trend,37.75,30.512500,1.237198,large_range
2010-09-24,NQ,2019.50,1924.814235,1883.931619,bull_trend,43.25,30.150000,1.434494,large_range
2010-09-27,NQ,2008.50,1932.784308,1888.816654,bull_trend,25.25,29.550000,0.854484,normal_range
2010-09-28,NQ,2010.75,1940.209612,1893.598354,bull_trend,47.25,30.550000,1.546645,large_range
2010-09-29,NQ,2008.00,1946.665840,1898.084693,bull_trend,20.00,28.887500,0.692341,small_range
2010-09-30,NQ,1996.00,1951.364331,1901.924509,bull_trend,45.00,29.725000,1.513877,large_range
2010-10-01,NQ,1994.00,1955.424871,1905.535312,bull_trend,30.50,29.412500,1.036974,normal_range
2010-10-04,NQ,1978.25,1957.598693,1908.386869,bull_trend,36.75,30.637500,1.199510,normal_range
2010-10-05,NQ,2019.25,1963.470246,1912.734443,bull_trend,49.50,32.112500,1.541456,large_range
2010-10-06,NQ,2006.25,1967.544508,1916.401719,bull_trend,34.25,32.037500,1.069060,normal_range
2010-10-07,NQ,2014.00,1971.968841,1920.229103,bull_trend,26.00,32.187500,0.807767,normal_range
2010-10-08,NQ,2022.00,1976.733713,1924.220118,bull_trend,47.25,33.712500,1.401557,large_range
2010-10-11,NQ,2025.00,1981.330502,1928.172271,bull_trend,16.25,32.850000,0.494673,small_range
2010-10-12,NQ,2041.50,1987.060931,1932.616495,bull_trend,40.25,33.550000,1.199702,normal_range
2010-10-13,NQ,2056.00,1993.626556,1937.455064,bull_trend,29.50,33.675000,0.876021,normal_range
2010-10-14,NQ,2071.00,2000.995456,1942.692120,bull_trend,29.75,33.850000,0.878877,normal_range
2010-10-15,NQ,2096.25,2010.067317,1948.713998,bull_trend,37.50,34.350000,1.091703,normal_range
2010-10-18,NQ,2060.75,2014.894239,1953.107567,bull_trend,47.50,34.550000,1.374819,large_range
2010-10-19,NQ,2066.50,2019.809074,1957.554329,bull_trend,33.25,35.050000,0.948645,normal_range
2010-10-20,NQ,2089.00,2026.398686,1962.709061,bull_trend,36.00,35.637500,1.010172,normal_range
2010-10-21,NQ,2081.50,2031.646430,1967.367529,bull_trend,37.75,35.637500,1.059277,normal_range
2010-10-22,NQ,2104.50,2038.584865,1972.745273,bull_trend,27.50,34.850000,0.789096,small_range
2010-10-25,NQ,2108.75,2045.267259,1978.078792,bull_trend,23.50,34.762500,0.676016,small_range
2010-10-26,NQ,2117.75,2052.170377,1983.556094,bull_trend,29.50,33.875000,0.870849,normal_range
2010-10-27,NQ,2120.75,2058.701770,1988.936247,bull_trend,22.75,34.012500,0.668872,small_range
2010-10-28,NQ,2130.25,2065.515887,1994.477963,bull_trend,27.50,33.137500,0.829876,normal_range
2010-10-29,NQ,2123.50,2071.038183,1999.537651,bull_trend,18.75,32.550000,0.576037,small_range
2010-11-01,NQ,2128.25,2076.486928,2004.585194,bull_trend,31.50,32.287500,0.975610,normal_range
2010-11-02,NQ,2150.75,2083.559601,2010.317147,bull_trend,27.50,31.187500,0.881764,normal_range
2010-11-03,NQ,2165.50,2091.363449,2016.402749,bull_trend,36.25,31.287500,1.158610,normal_range
2010-11-04,NQ,2182.50,2100.043120,2022.916367,bull_trend,28.25,31.400000,0.899682,normal_range
2010-11-05,NQ,2184.50,2108.086633,2029.252980,bull_trend,14.50,29.762500,0.487190,small_range
2010-11-08,NQ,2182.25,2115.149811,2035.252863,bull_trend,15.75,29.737500,0.529634,small_range
2010-11-09,NQ,2174.50,2120.802210,2040.713535,bull_trend,33.75,29.412500,1.147471,normal_range
2010-11-10,NQ,2168.00,2125.297237,2045.705161,bull_trend,27.25,29.300000,0.930034,normal_range
2010-11-11,NQ,2172.25,2129.768929,2050.667704,bull_trend,33.25,29.475000,1.128075,normal_range
2010-11-12,NQ,2134.25,2130.195698,2053.945441,bull_trend,55.00,30.350000,1.812191,large_range
2010-11-15,NQ,2124.75,2129.677060,2056.722090,range,28.25,29.387500,0.961293,normal_range
2010-11-16,NQ,2094.50,2126.326864,2058.203577,range,42.00,29.825000,1.408215,large_range
2010-11-17,NQ,2096.25,2123.462400,2059.695594,range,21.25,29.087500,0.730554,small_range
2010-11-18,NQ,2133.50,2124.418362,2062.589884,bull_trend,49.50,29.725000,1.665265,large_range
2010-11-19,NQ,2133.75,2125.307090,2065.380477,bull_trend,19.00,29.300000,0.648464,small_range
2010-11-22,NQ,2152.75,2127.920700,2068.806733,bull_trend,34.75,29.862500,1.163667,normal_range
2010-11-23,NQ,2114.75,2126.666348,2070.608429,range,49.50,30.862500,1.603888,large_range
2010-11-24,NQ,2157.75,2129.626696,2074.025746,bull_trend,52.25,32.337500,1.615771,large_range
2010-11-25,NQ,2161.50,2132.662248,2077.456109,bull_trend,10.50,31.487500,0.333466,small_range
2010-11-26,NQ,2145.25,2133.861082,2080.114693,bull_trend,28.25,31.962500,0.883848,normal_range
2010-11-29,NQ,2144.50,2134.874312,2082.639607,bull_trend,42.50,32.512500,1.307190,large_range
2010-11-30,NQ,2115.00,2132.981521,2083.908642,range,38.25,33.050000,1.157337,normal_range
2010-12-01,NQ,2159.25,2135.483280,2086.863205,bull_trend,63.25,34.400000,1.838663,large_range
2010-12-02,NQ,2187.25,2140.413444,2090.799942,bull_trend,31.75,34.575000,0.918294,normal_range
2010-12-03,NQ,2188.25,2144.969307,2094.621513,bull_trend,27.25,35.212500,0.773873,small_range
2010-12-06,NQ,2188.50,2149.115087,2098.303022,bull_trend,16.75,35.262500,0.475009,small_range
2010-12-07,NQ,2188.25,2152.842222,2101.830355,bull_trend,31.00,35.125000,0.882562,normal_range
2010-12-08,NQ,2203.00,2157.619153,2105.797792,bull_trend,23.25,34.925000,0.665712,small_range
2010-12-09,NQ,2198.50,2161.512567,2109.433172,bull_trend,21.00,34.312500,0.612022,small_range
2010-12-10,NQ,2217.50,2166.844703,2113.671087,bull_trend,20.50,32.587500,0.629076,small_range
2010-12-13,NQ,2211.75,2171.121398,2117.517319,bull_trend,27.25,32.537500,0.837495,normal_range
2010-12-14,NQ,2214.25,2175.228884,2121.310758,bull_trend,27.75,31.825000,0.871956,normal_range
2010-12-15,NQ,2205.00,2178.064229,2124.592689,bull_trend,27.50,32.137500,0.855698,normal_range
2010-12-16,NQ,2221.50,2182.200969,2128.392975,bull_trend,27.50,30.987500,0.887455,normal_range
2010-12-17,NQ,2213.00,2185.134210,2131.710898,bull_trend,14.25,30.750000,0.463415,small_range
2010-12-20,NQ,2220.25,2188.478571,2135.183020,bull_trend,24.50,30.237500,0.810252,normal_range
2010-12-21,NQ,2231.75,2192.599659,2138.969960,bull_trend,17.75,28.650000,0.619546,small_range
2010-12-22,NQ,2236.25,2196.756835,2142.784863,bull_trend,7.50,26.412500,0.283956,small_range
2010-12-23,NQ,2231.25,2200.041898,2146.254085,bull_trend,15.25,26.650000,0.572233,small_range
2010-12-27,NQ,2230.25,2202.918860,2149.548042,bull_trend,26.75,26.575000,1.006585,normal_range
2010-12-28,NQ,2226.00,2205.117064,2152.546158,bull_trend,15.75,25.237500,0.624071,small_range
2010-12-29,NQ,2229.50,2207.439248,2155.563956,bull_trend,11.50,23.900000,0.481172,small_range
2010-12-30,NQ,2224.75,2209.087891,2158.277134,bull_trend,11.25,21.300000,0.528169,small_range
2010-12-31,NQ,2224.25,2210.531902,2160.864305,bull_trend,21.50,20.787500,1.034275,normal_range
2011-01-03,NQ,2250.75,2214.362197,2164.389234,bull_trend,48.50,21.850000,2.219680,large_range
2011-01-04,NQ,2247.25,2217.494368,2167.638676,bull_trend,26.00,22.312500,1.165266,normal_range
2011-01-05,NQ,2269.50,2222.447286,2171.633238,bull_trend,42.25,22.875000,1.846995,large_range
2011-01-06,NQ,2276.75,2227.618973,2175.755464,bull_trend,12.00,22.312500,0.537815,small_range
2011-01-07,NQ,2273.00,2231.940975,2179.568975,bull_trend,30.25,22.775000,1.328211,large_range
2011-01-10,NQ,2282.00,2236.708502,2183.585878,bull_trend,26.25,23.062500,1.138211,normal_range
2011-01-11,NQ,2284.50,2241.260073,2187.543295,bull_trend,17.25,22.562500,0.764543,small_range
2011-01-12,NQ,2303.50,2247.187685,2192.090616,bull_trend,22.25,22.287500,0.998317,normal_range
2011-01-13,NQ,2308.00,2252.979334,2196.636082,bull_trend,12.75,21.550000,0.591647,small_range
2011-01-14,NQ,2321.75,2259.528921,2201.542510,bull_trend,25.50,21.450000,1.188811,normal_range
2011-01-17,NQ,2291.75,2262.597595,2205.080059,bull_trend,39.75,22.725000,1.749175,large_range
2011-01-18,NQ,2335.75,2269.564491,2210.204371,bull_trend,54.50,24.237500,2.248582,large_range
2011-01-19,NQ,2294.25,2271.915492,2213.500278,bull_trend,45.75,25.637500,1.784495,large_range
2011-01-20,NQ,2286.25,2273.280683,2216.353208,bull_trend,32.50,26.887500,1.208740,large_range
2011-01-21,NQ,2268.75,2272.849190,2218.407984,range,34.50,27.850000,1.238779,large_range
2011-01-24,NQ,2295.75,2275.030219,2221.441004,bull_trend,36.25,28.325000,1.279788,large_range
2011-01-25,NQ,2299.25,2277.336865,2224.492337,bull_trend,22.00,28.637500,0.768223,small_range
2011-01-26,NQ,2317.75,2281.185735,2228.149501,bull_trend,22.00,29.162500,0.754393,small_range
2011-01-27,NQ,2321.00,2284.977570,2231.790697,bull_trend,21.25,29.662500,0.716393,small_range
2011-01-28,NQ,2264.75,2283.051134,2233.083218,range,73.00,32.237500,2.264444,large_range
2011-01-31,NQ,2282.25,2282.974836,2235.011327,range,37.50,31.687500,1.183432,normal_range
2011-02-01,NQ,2320.75,2286.572471,2238.373628,bull_trend,47.00,32.737500,1.435662,large_range
2011-02-02,NQ,2319.75,2289.732235,2241.564859,bull_trend,15.75,31.412500,0.501393,small_range
2011-02-03,NQ,2323.00,2292.900594,2244.758394,bull_trend,30.50,32.337500,0.943177,normal_range
2011-02-04,NQ,2336.50,2297.052918,2248.356104,bull_trend,23.00,31.975000,0.719312,small_range
2011-02-07,NQ,2342.00,2301.333593,2252.028413,bull_trend,25.25,31.925000,0.790916,small_range
2011-02-08,NQ,2362.50,2307.158965,2256.360632,bull_trend,22.50,32.187500,0.699029,small_range
2011-02-09,NQ,2355.75,2311.786682,2260.258255,bull_trend,15.00,31.825000,0.471328,small_range
2011-02-10,NQ,2355.00,2315.902237,2263.973617,bull_trend,26.75,32.525000,0.822444,normal_range
2011-02-11,NQ,2377.75,2321.792500,2268.435436,bull_trend,32.75,32.887500,0.995819,normal_range
2011-02-14,NQ,2378.75,2327.217024,2272.761497,bull_trend,12.00,31.500000,0.380952,small_range
2011-02-15,NQ,2380.50,2332.291593,2276.986537,bull_trend,14.75,29.500000,0.500000,small_range
2011-02-16,NQ,2392.00,2337.978108,2281.496869,bull_trend,22.25,28.337500,0.785179,small_range
2011-02-17,NQ,2394.25,2343.337336,2285.918560,bull_trend,17.25,27.575000,0.625567,small_range
2011-02-18,NQ,2395.50,2348.305208,2290.215871,bull_trend,18.50,26.775000,0.690943,small_range
2011-02-21,NQ,2368.50,2350.228522,2293.285837,bull_trend,30.25,26.550000,1.139360,normal_range
2011-02-22,NQ,2322.50,2347.587710,2294.431491,range,53.75,28.137500,1.910262,large_range
2011-02-23,NQ,2305.00,2343.531738,2294.845942,range,49.75,29.525000,1.685013,large_range
2011-02-24,NQ,2307.00,2340.052525,2295.322572,range,40.75,30.500000,1.336066,large_range
2011-02-25,NQ,2345.25,2340.547522,2297.280510,bull_trend,39.00,29.012500,1.344248,large_range
2011-02-28,NQ,2352.50,2341.685854,2299.445980,bull_trend,28.25,28.550000,0.989492,normal_range
2011-03-01,NQ,2306.75,2338.358629,2299.732412,range,66.00,29.500000,2.237288,large_range
2011-03-02,NQ,2322.50,2336.848284,2300.625259,range,39.25,30.675000,1.279544,large_range
2011-03-03,NQ,2372.25,2340.219876,2303.434072,bull_trend,54.75,31.887500,1.716974,large_range
2011-03-04,NQ,2361.50,2342.246554,2305.711168,bull_trend,34.50,32.462500,1.062765,normal_range
2011-03-07,NQ,2325.25,2340.627835,2306.477396,range,68.00,34.600000,1.965318,large_range
2011-03-08,NQ,2332.75,2339.877565,2307.507695,range,37.50,35.350000,1.060820,normal_range
2011-03-09,NQ,2312.75,2337.293987,2307.713275,range,32.25,36.212500,0.890576,normal_range
2011-03-10,NQ,2284.50,2332.265988,2306.802951,range,40.25,36.887500,1.091156,normal_range
2011-03-11,NQ,2305.00,2329.669228,2306.732247,range,41.25,37.312500,1.105528,normal_range
2011-03-14,NQ,2290.50,2325.938825,2306.095688,range,33.75,38.412500,0.878620,normal_range
2011-03-15,NQ,2246.75,2318.397032,2303.768406,range,79.25,41.637500,1.903332,large_range
2011-03-16,NQ,2206.00,2307.692553,2299.934351,range,75.25,44.275000,1.699605,large_range
2011-03-17,NQ,2223.25,2299.650405,2296.927122,range,60.00,46.412500,1.292755,large_range
2011-03-18,NQ,2220.00,2292.064652,2293.910372,bear_trend,38.75,47.425000,0.817080,normal_range
2011-03-21,NQ,2255.25,2288.558495,2292.394279,bear_trend,52.50,48.462500,1.083312,normal_range
2011-03-22,NQ,2256.75,2285.529114,2290.996464,bear_trend,15.00,46.525000,0.322407,small_range
2011-03-23,NQ,2264.75,2283.550151,2289.967191,bear_trend,42.75,46.175000,0.925826,normal_range
2011-03-24,NQ,2307.00,2285.783470,2290.635144,range,51.25,46.700000,1.097430,normal_range
2011-03-25,NQ,2317.00,2288.756473,2291.669060,range,18.50,45.675000,0.405036,small_range
2011-03-28,NQ,2298.00,2289.636809,2291.917332,range,33.75,45.950000,0.734494,small_range
2011-03-29,NQ,2324.00,2292.909494,2293.175476,range,37.75,44.537500,0.847600,normal_range
2011-03-30,NQ,2334.50,2296.870494,2294.796046,bull_trend,23.00,43.725000,0.526015,small_range
2011-03-31,NQ,2338.00,2300.787590,2296.490318,bull_trend,14.00,41.687500,0.335832,small_range
2011-04-01,NQ,2337.75,2304.307820,2298.108345,bull_trend,24.75,41.200000,0.600728,small_range
2011-04-04,NQ,2341.50,2307.849932,2299.809978,bull_trend,27.75,39.187500,0.708134,small_range
2011-04-05,NQ,2323.75,2309.364224,2300.748803,bull_trend,24.75,38.550000,0.642023,small_range
2011-04-06,NQ,2324.75,2310.829536,2301.690026,bull_trend,33.25,38.600000,0.861399,normal_range
2011-04-07,NQ,2330.25,2312.679104,2302.810025,bull_trend,32.50,38.212500,0.850507,normal_range
2011-04-08,NQ,2319.75,2313.352523,2303.474338,bull_trend,38.00,38.050000,0.998686,normal_range
2011-04-11,NQ,2305.50,2312.604663,2303.553776,range,32.00,37.950000,0.843215,normal_range
2011-04-12,NQ,2294.25,2310.856600,2303.188922,range,21.25,35.050000,0.606277,small_range
2011-04-13,NQ,2308.25,2310.608353,2303.387395,range,26.00,32.587500,0.797852,small_range
2011-04-14,NQ,2301.25,2309.717081,2303.303576,range,24.50,30.812500,0.795132,small_range
2011-04-15,NQ,2310.00,2309.744026,2303.566181,bull_trend,24.50,30.100000,0.813953,normal_range
2011-04-18,NQ,2287.75,2307.649357,2302.945938,range,59.75,30.462500,1.961428,large_range
2011-04-19,NQ,2317.00,2308.539894,2303.497078,bull_trend,42.00,31.812500,1.320236,large_range
2011-04-20,NQ,2371.75,2314.559904,2306.173663,bull_trend,56.00,32.475000,1.724403,large_range
2011-04-21,NQ,2373.50,2320.173247,2308.813912,bull_trend,16.00,30.712500,0.520961,small_range
2011-04-25,NQ,2379.00,2325.775795,2311.566307,bull_trend,10.50,30.100000,0.348837,small_range
2011-04-26,NQ,2391.25,2332.011433,2314.691158,bull_trend,29.25,29.875000,0.979079,normal_range
2011-04-27,NQ,2408.25,2339.272249,2318.360132,bull_trend,25.50,29.262500,0.871422,normal_range
2011-04-28,NQ,2400.50,2345.103463,2321.581304,bull_trend,19.50,29.087500,0.670391,small_range
2011-04-29,NQ,2407.25,2351.022181,2324.940860,bull_trend,15.25,29.150000,0.523156,small_range
2011-05-02,NQ,2401.50,2355.829592,2327.943180,bull_trend,34.50,29.637500,1.164066,normal_range
2011-05-03,NQ,2387.00,2358.798203,2330.259133,bull_trend,29.00,29.700000,0.976431,normal_range
2011-05-04,NQ,2385.75,2361.365041,2332.435246,bull_trend,31.25,30.025000,1.040799,normal_range
2011-05-05,NQ,2378.00,2362.949322,2334.222099,bull_trend,36.25,30.175000,1.201326,large_range
2011-05-06,NQ,2373.25,2363.930339,2335.752605,bull_trend,37.00,30.400000,1.217105,large_range
2011-05-09,NQ,2388.50,2366.270307,2337.821130,bull_trend,24.00,29.737500,0.807062,normal_range
2011-05-10,NQ,2408.50,2370.292183,2340.592850,bull_trend,29.25,29.600000,0.988176,normal_range
2011-05-11,NQ,2382.50,2371.454832,2342.236268,bull_trend,41.25,30.600000,1.348039,large_range
2011-05-12,NQ,2407.00,2374.840086,2344.776022,bull_trend,40.25,31.312500,1.285429,large_range
2011-05-13,NQ,2371.00,2374.474363,2345.804414,range,45.25,32.350000,1.398764,large_range
2011-05-16,NQ,2328.75,2370.119662,2345.135613,range,47.25,33.487500,1.410974,large_range
2011-05-17,NQ,2342.75,2367.513028,2345.042060,range,27.75,31.887500,0.870247,normal_range
2011-05-18,NQ,2364.50,2367.226073,2345.805116,range,31.50,31.362500,1.004384,normal_range
2011-05-19,NQ,2367.75,2367.275971,2346.665700,bull_trend,19.75,29.550000,0.668359,small_range
2011-05-20,NQ,2345.25,2365.178259,2346.610182,range,30.50,30.275000,1.007432,normal_range
2011-05-23,NQ,2315.00,2360.399377,2345.370567,range,38.50,31.800000,1.210692,large_range
2011-05-24,NQ,2299.50,2354.599437,2343.571721,range,28.00,31.737500,0.882237,normal_range
2011-05-25,NQ,2308.75,2350.232824,2342.206164,range,39.75,32.450000,1.224961,large_range
2011-05-26,NQ,2327.25,2348.043983,2341.619647,range,29.00,32.925000,0.880790,normal_range
2011-05-27,NQ,2333.00,2346.611223,2341.281622,range,16.25,32.975000,0.492798,small_range
2011-05-30,NQ,2333.00,2345.314916,2340.956853,range,6.75,31.587500,0.213692,small_range
2011-05-31,NQ,2374.75,2348.118257,2342.282074,bull_trend,43.50,32.375000,1.343629,large_range
2011-06-01,NQ,2320.00,2345.440328,2341.408267,range,62.75,33.950000,1.848306,large_range
2011-06-02,NQ,2327.50,2343.731725,2340.862845,range,21.75,33.225000,0.654628,small_range
2011-06-03,NQ,2287.00,2338.328704,2338.750577,bear_trend,42.75,33.512500,1.275643,large_range
2011-06-06,NQ,2273.00,2332.106923,2336.172123,bear_trend,28.00,33.675000,0.831477,normal_range
2011-06-07,NQ,2275.00,2326.668168,2333.773216,bear_trend,20.25,33.225000,0.609481,small_range
2011-06-08,NQ,2246.00,2318.985485,2330.331129,bear_trend,32.50,32.787500,0.991231,normal_range
2011-06-09,NQ,2252.50,2312.653534,2327.278928,bear_trend,21.50,31.850000,0.675039,small_range
2011-06-10,NQ,2222.50,2304.067483,2323.169950,bear_trend,37.25,31.450000,1.184420,normal_range
2011-06-13,NQ,2223.50,2296.394390,2319.261325,bear_trend,19.50,30.062500,0.648649,small_range
2011-06-14,NQ,2245.50,2291.547305,2316.368724,bear_trend,32.50,30.300000,1.072607,normal_range
2011-06-15,NQ,2206.00,2283.399943,2312.040538,bear_trend,46.75,31.062500,1.505030,large_range
2011-06-16,NQ,2197.25,2275.195186,2307.538949,bear_trend,37.50,31.950000,1.173709,normal_range
2011-06-17,NQ,2190.75,2267.152788,2302.958990,bear_trend,36.25,32.237500,1.124467,normal_range
2011-06-20,NQ,2201.75,2260.923951,2298.990010,bear_trend,33.00,31.837500,1.036514,normal_range
2011-06-21,NQ,2243.25,2259.240717,2296.804127,bear_trend,51.75,33.025000,1.566995,large_range
2011-06-22,NQ,2227.75,2256.241601,2294.096122,bear_trend,23.75,32.225000,0.737005,small_range
2011-06-23,NQ,2241.00,2254.790020,2292.013921,bear_trend,54.00,33.475000,1.613144,large_range
2011-06-24,NQ,2208.75,2250.405256,2288.748670,bear_trend,51.75,35.250000,1.468085,large_range
2011-06-27,NQ,2252.75,2250.628565,2287.336957,range,68.50,38.337500,1.786762,large_range
2011-06-28,NQ,2284.75,2253.878226,2287.235508,range,43.50,38.275000,1.136512,normal_range
2011-06-29,NQ,2292.75,2257.580300,2287.451762,range,25.75,36.425000,0.706932,small_range
2011-06-30,NQ,2318.75,2263.405985,2288.679144,range,36.00,37.137500,0.969371,normal_range
2011-07-01,NQ,2354.00,2272.033987,2291.240746,range,44.00,37.200000,1.182796,normal_range
2011-07-04,NQ,2365.25,2280.911702,2294.143070,range,16.75,36.637500,0.457182,small_range
2011-07-05,NQ,2369.25,2289.324873,2297.088440,range,18.00,36.525000,0.492813,small_range
2011-07-06,NQ,2379.00,2297.865362,2300.300658,range,22.25,36.012500,0.617841,small_range
2011-07-07,NQ,2415.00,2309.021042,2304.798671,bull_trend,38.50,36.862500,1.044422,normal_range
2011-07-08,NQ,2408.50,2318.495228,2308.865390,bull_trend,46.00,37.300000,1.233244,large_range
2011-07-11,NQ,2363.75,2322.805206,2311.017728,bull_trend,53.00,39.187500,1.352472,large_range
2011-07-12,NQ,2343.00,2324.728520,2312.271934,bull_trend,36.00,39.362500,0.914576,normal_range
2011-07-13,NQ,2346.00,2326.754375,2313.594604,bull_trend,37.25,38.887500,0.957891,normal_range
2011-07-14,NQ,2337.00,2327.730149,2314.512462,bull_trend,53.75,39.700000,1.353904,large_range
2011-07-15,NQ,2355.50,2330.374897,2316.119817,bull_trend,27.25,39.250000,0.694268,small_range
2011-07-18,NQ,2343.00,2331.577288,2317.173942,bull_trend,36.25,39.437500,0.919176,normal_range
2011-07-19,NQ,2404.00,2338.474689,2320.578885,bull_trend,72.00,40.450000,1.779975,large_range
2011-07-20,NQ,2370.75,2341.548528,2322.546380,bull_trend,43.50,41.437500,1.049774,normal_range
2011-07-21,NQ,2408.00,2347.877240,2325.897502,bull_trend,49.50,41.212500,1.201092,large_range
2011-07-22,NQ,2428.00,2355.507979,2329.901522,bull_trend,33.50,40.300000,0.831266,normal_range
2011-07-25,NQ,2425.75,2362.197695,2333.660286,bull_trend,54.50,39.600000,1.376263,large_range
2011-07-26,NQ,2423.00,2367.988391,2337.163804,bull_trend,22.75,38.562500,0.589951,small_range
2011-07-27,NQ,2361.25,2367.346639,2338.108360,range,67.50,40.650000,1.660517,large_range
2011-07-28,NQ,2373.00,2367.885054,2339.476660,bull_trend,43.00,41.000000,1.048780,normal_range
2011-07-29,NQ,2363.75,2367.491240,2340.428556,range,47.25,41.162500,1.147889,normal_range
2011-08-01,NQ,2346.50,2365.492074,2340.666652,range,74.25,44.037500,1.686063,large_range
2011-08-02,NQ,2284.75,2357.802353,2338.473842,range,71.75,46.725000,1.535581,large_range
2011-08-03,NQ,2305.00,2352.773557,2337.161142,range,61.50,48.687500,1.263158,large_range
2011-08-04,NQ,2207.00,2338.890361,2332.056784,range,124.50,52.987500,2.349611,large_range
2011-08-05,NQ,2190.25,2324.734136,2326.495733,bear_trend,110.50,56.212500,1.965755,large_range
2011-08-08,NQ,2039.75,2297.592790,2315.250802,bear_trend,139.25,61.287500,2.272078,large_range
2011-08-09,NQ,2158.50,2284.345858,2309.103712,bear_trend,189.00,68.937500,2.741614,large_range
2011-08-10,NQ,2090.50,2265.884347,2300.531018,bear_trend,101.75,72.162500,1.410012,large_range
2011-08-11,NQ,2161.50,2255.942981,2295.078821,bear_trend,127.00,75.825000,1.674909,large_range
2011-08-12,NQ,2177.75,2248.496030,2290.477691,bear_trend,78.50,78.387500,1.001435,normal_range
2011-08-15,NQ,2206.75,2244.520218,2287.194252,bear_trend,35.00,78.300000,0.446999,small_range
2011-08-16,NQ,2193.00,2239.613531,2283.500360,bear_trend,47.75,77.087500,0.619426,small_range
2011-08-17,NQ,2167.50,2232.745575,2278.951326,bear_trend,56.75,77.750000,0.729904,small_range
2011-08-18,NQ,2083.00,2218.484092,2271.266960,bear_trend,117.75,81.162500,1.450793,large_range
2011-08-19,NQ,2042.50,2201.723702,2262.295707,bear_trend,68.25,82.900000,0.823281,normal_range
2011-08-22,NQ,2044.50,2186.750016,2253.754699,bear_trend,63.25,83.337500,0.758962,small_range
2011-08-23,NQ,2126.00,2180.964300,2248.744710,bear_trend,92.25,86.812500,1.062635,normal_range
2011-08-24,NQ,2137.75,2176.848653,2244.391977,bear_trend,51.25,86.000000,0.595930,small_range
2011-08-25,NQ,2109.00,2170.386876,2239.082487,bear_trend,51.00,86.400000,0.590278,small_range
2011-08-26,NQ,2165.50,2169.921460,2236.196900,bear_trend,88.25,88.450000,0.997739,normal_range
2011-08-29,NQ,2220.00,2174.690844,2235.561727,range,67.00,88.087500,0.760607,small_range
2011-08-30,NQ,2225.00,2179.482193,2235.147542,range,48.25,86.912500,0.555156,small_range
2011-08-31,NQ,2244.25,2185.650555,2235.504501,range,47.25,86.200000,0.548144,small_range
2011-09-01,NQ,2216.75,2188.612407,2234.769030,range,49.00,82.425000,0.594480,small_range
2011-09-02,NQ,2165.75,2186.435035,2232.062402,bear_trend,66.00,80.200000,0.822943,normal_range
2011-09-05,NQ,2129.00,2180.965032,2228.020739,bear_trend,51.25,75.137500,0.682083,small_range
2011-09-06,NQ,2167.50,2179.682648,2225.647377,bear_trend,60.00,68.687500,0.873521,normal_range
2011-09-07,NQ,2224.00,2183.903348,2225.582774,range,59.00,66.550000,0.886551,normal_range
2011-09-08,NQ,2213.50,2186.722077,2225.108939,range,38.75,62.137500,0.623617,small_range
2011-09-09,NQ,2169.25,2185.058069,2222.918393,bear_trend,78.00,62.112500,1.255786,large_range
2011-09-12,NQ,2197.00,2186.195396,2221.901985,range,79.00,64.312500,1.228377,large_range
2011-09-13,NQ,2217.00,2189.129168,2221.709750,range,59.00,64.875000,0.909441,normal_range
2011-09-14,NQ,2245.00,2194.450200,2222.623094,range,86.75,66.375000,1.306968,large_range
2011-09-15,NQ,2281.50,2202.740657,2224.931992,range,47.25,62.850000,0.751790,small_range
2011-09-16,NQ,2307.00,2212.670118,2228.150345,range,39.00,61.387500,0.635308,small_range
2011-09-19,NQ,2302.75,2221.249154,2231.075822,range,60.25,61.237500,0.983874,normal_range
2011-09-20,NQ,2299.75,2228.725425,2233.768927,range,48.75,59.062500,0.825397,normal_range
2011-09-21,NQ,2246.25,2230.394432,2234.258381,range,73.75,60.187500,1.225337,large_range
2011-09-22,NQ,2183.50,2225.928296,2232.267856,bear_trend,105.00,62.887500,1.669648,large_range
2011-09-23,NQ,2203.50,2223.792268,2231.139705,bear_trend,76.25,62.287500,1.224162,large_range
2011-09-26,NQ,2226.75,2224.073957,2230.967559,range,70.25,62.450000,1.124900,normal_range
2011-09-27,NQ,2252.25,2226.757389,2231.802165,range,64.00,63.237500,1.012058,normal_range
2011-09-28,NQ,2216.75,2225.804305,2231.211884,bear_trend,63.75,64.062500,0.995122,normal_range
2011-09-29,NQ,2194.25,2222.799133,2229.762398,bear_trend,107.25,66.975000,1.601344,large_range
2011-09-30,NQ,2123.50,2213.342072,2225.595245,bear_trend,76.25,67.487500,1.129839,normal_range
2011-10-03,NQ,2066.00,2199.309494,2219.336608,bear_trend,85.25,68.875000,1.237750,large_range
2011-10-04,NQ,2113.50,2191.137161,2215.186153,bear_trend,91.00,70.425000,1.292155,large_range
2011-10-05,NQ,2171.00,2189.219336,2213.453363,bear_trend,82.75,71.612500,1.155525,normal_range
2011-10-06,NQ,2207.00,2190.912733,2213.200290,range,65.25,72.937500,0.894602,normal_range
2011-10-07,NQ,2204.50,2192.206758,2212.859102,range,43.25,71.200000,0.607444,small_range
2011-10-10,NQ,2275.00,2200.091829,2215.296000,range,75.25,71.012500,1.059673,normal_range
2011-10-11,NQ,2283.75,2208.059274,2217.980470,range,34.00,69.762500,0.487368,small_range
2011-10-12,NQ,2299.00,2216.720295,2221.157707,range,54.50,68.150000,0.799707,small_range
2011-10-13,NQ,2328.00,2227.318363,2225.347601,bull_trend,47.25,68.150000,0.693324,small_range
2011-10-14,NQ,2367.25,2240.645185,2230.912401,bull_trend,48.75,68.637500,0.710253,small_range
2011-10-17,NQ,2319.00,2248.107548,2234.366816,bull_trend,71.75,69.212500,1.036662,normal_range
2011-10-18,NQ,2341.50,2257.002068,2238.568118,bull_trend,66.75,70.112500,0.952041,normal_range
2011-10-19,NQ,2318.00,2262.811395,2241.683093,bull_trend,50.50,68.950000,0.732415,small_range
2011-10-20,NQ,2298.25,2266.186500,2243.901404,bull_trend,64.25,66.912500,0.960209,normal_range
2011-10-21,NQ,2334.50,2272.692547,2247.454290,bull_trend,48.00,65.500000,0.732824,small_range
2011-10-24,NQ,2372.50,2282.198019,2252.358043,bull_trend,65.50,65.262500,1.003639,normal_range
2011-10-25,NQ,2321.00,2285.893446,2255.049884,bull_trend,70.75,65.600000,1.078506,normal_range
2011-10-26,NQ,2336.50,2290.713118,2258.244007,bull_trend,63.50,65.587500,0.968172,normal_range
2011-10-27,NQ,2396.75,2300.811868,2263.675614,bull_trend,78.75,64.162500,1.227352,large_range
2011-10-28,NQ,2399.75,2310.234548,2269.011865,bull_trend,23.25,61.512500,0.377972,small_range
2011-10-31,NQ,2347.75,2313.807448,2272.099635,bull_trend,51.25,59.900000,0.855593,normal_range
2011-11-01,NQ,2305.75,2313.040072,2273.419257,range,73.00,59.000000,1.237288,large_range
2011-11-02,NQ,2319.75,2313.679113,2275.236149,bull_trend,36.50,56.687500,0.643881,small_range
2011-11-03,NQ,2361.00,2318.185864,2278.599437,bull_trend,87.50,57.800000,1.513841,large_range
2011-11-04,NQ,2353.00,2321.501496,2281.517106,bull_trend,37.50,57.512500,0.652032,small_range
2011-11-07,NQ,2373.25,2326.429925,2285.114475,bull_trend,54.25,56.462500,0.960815,normal_range
2011-11-08,NQ,2395.75,2333.031837,2289.453123,bull_trend,44.25,56.975000,0.776656,small_range
2011-11-09,NQ,2316.25,2331.433567,2290.503981,range,94.50,58.975000,1.602374,large_range
2011-11-10,NQ,2309.25,2329.320846,2291.239119,range,57.50,59.487500,0.966590,normal_range
2011-11-11,NQ,2352.75,2331.552194,2293.651310,bull_trend,58.75,59.987500,0.979371,normal_range
2011-11-14,NQ,2344.25,2332.761509,2295.635572,bull_trend,36.75,58.237500,0.631037,small_range
2011-11-15,NQ,2363.00,2335.641365,2298.277315,bull_trend,64.25,58.112500,1.105614,normal_range
2011-11-16,NQ,2311.75,2333.365997,2298.805655,range,66.75,58.925000,1.132796,normal_range
2011-11-17,NQ,2270.75,2327.402569,2297.705433,range,76.75,59.550000,1.288833,large_range
2011-11-18,NQ,2251.00,2320.126134,2295.873848,range,41.00,59.200000,0.692568,small_range
2011-11-21,NQ,2211.00,2309.733168,2292.545462,range,57.00,59.125000,0.964059,normal_range
2011-11-22,NQ,2214.25,2300.639533,2289.475051,range,36.00,57.387500,0.627314,small_range
2011-11-23,NQ,2165.75,2287.792911,2284.623089,range,55.00,56.962500,0.965548,normal_range
2011-11-24,NQ,2157.25,2275.360253,2279.628065,bear_trend,33.50,54.700000,0.612431,small_range
2011-11-25,NQ,2149.50,2263.373562,2274.525004,bear_trend,46.75,55.875000,0.836689,normal_range
2011-11-28,NQ,2221.50,2259.385604,2272.445592,bear_trend,49.75,57.150000,0.870516,normal_range
2011-11-29,NQ,2204.50,2254.158404,2269.781059,bear_trend,43.50,55.675000,0.781320,small_range
2011-11-30,NQ,2295.75,2258.119508,2270.799449,range,100.25,58.862500,1.703122,large_range
2011-12-01,NQ,2309.00,2262.965269,2272.297510,range,31.50,56.062500,0.561873,small_range
2011-12-02,NQ,2304.75,2266.944767,2273.570156,range,44.00,56.387500,0.780315,small_range
2011-12-05,NQ,2323.00,2272.283361,2275.508582,range,34.75,55.625000,0.624719,small_range
2011-12-06,NQ,2324.25,2277.232565,2277.420010,range,28.75,54.850000,0.524157,small_range
2011-12-07,NQ,2323.00,2281.591368,2279.207460,bull_trend,52.25,52.737500,0.990756,normal_range
2011-12-08,NQ,2275.75,2281.035047,2279.071874,range,65.75,53.150000,1.237065,large_range
2011-12-09,NQ,2323.75,2285.103138,2280.823957,bull_trend,58.00,53.112500,1.092022,normal_range
2011-12-12,NQ,2294.50,2285.998077,2281.360273,bull_trend,52.25,53.887500,0.969613,normal_range
2011-12-13,NQ,2271.75,2284.641117,2280.983399,range,59.75,53.662500,1.113440,normal_range
2011-12-14,NQ,2227.25,2279.175297,2278.876207,range,61.00,53.375000,1.142857,normal_range
2011-12-15,NQ,2222.75,2273.801459,2276.675179,bear_trend,37.00,51.387500,0.720019,small_range
2011-12-16,NQ,2232.75,2269.891796,2274.952623,bear_trend,41.00,51.412500,0.797471,small_range
2011-12-19,NQ,2214.50,2264.616387,2272.581932,bear_trend,46.75,50.550000,0.924827,normal_range
2011-12-20,NQ,2271.25,2265.248160,2272.529699,range,68.00,52.187500,1.302994,large_range
2011-12-21,NQ,2240.00,2262.843573,2271.254025,bear_trend,73.50,53.112500,1.383855,large_range
2011-12-22,NQ,2264.00,2262.953709,2270.969553,range,29.75,52.925000,0.562116,small_range
2011-12-23,NQ,2279.50,2264.529546,2271.304081,range,21.25,51.650000,0.411423,small_range
2011-12-27,NQ,2283.50,2266.336256,2271.782352,range,21.50,48.800000,0.440574,small_range
2011-12-28,NQ,2264.00,2266.113756,2271.477162,bear_trend,38.50,48.550000,0.792997,small_range
2011-12-29,NQ,2279.50,2267.388636,2271.791783,range,23.75,44.725000,0.531023,small_range
2011-12-30,NQ,2274.75,2268.089718,2271.907791,range,14.25,43.862500,0.324879,small_range
2012-01-03,NQ,2317.00,2272.747840,2273.676113,range,20.25,44.337500,0.456724,small_range
2012-01-04,NQ,2328.50,2278.057570,2275.826070,bull_trend,27.00,43.737500,0.617319,small_range
2012-01-05,NQ,2341.00,2284.052087,2278.381910,bull_trend,38.25,44.212500,0.865140,normal_range
2012-01-06,NQ,2354.00,2290.713793,2281.347325,bull_trend,26.25,42.912500,0.611710,small_range
2012-01-09,NQ,2347.75,2296.145813,2283.951352,bull_trend,25.00,40.875000,0.611621,small_range
2012-01-10,NQ,2360.00,2302.227164,2286.933652,bull_trend,30.75,39.512500,0.778235,small_range
2012-01-11,NQ,2367.00,2308.396005,2290.073509,bull_trend,20.75,37.937500,0.546952,small_range
2012-01-12,NQ,2379.50,2315.167814,2293.580430,bull_trend,27.25,36.312500,0.750430,small_range
2012-01-13,NQ,2374.75,2320.842308,2296.763550,bull_trend,38.25,35.175000,1.087420,normal_range
2012-01-16,NQ,2384.25,2326.881136,2300.194391,bull_trend,24.00,34.525000,0.695148,small_range
2012-01-17,NQ,2392.00,2333.082933,2303.794611,bull_trend,21.00,33.500000,0.626866,small_range
2012-01-18,NQ,2420.75,2341.432177,2308.381097,bull_trend,35.25,32.925000,1.070615,normal_range
2012-01-19,NQ,2431.00,2349.962446,2313.189682,bull_trend,24.00,30.687500,0.782077,small_range
2012-01-20,NQ,2435.75,2358.132689,2317.995969,bull_trend,14.25,27.725000,0.513977,small_range
2012-01-23,NQ,2433.25,2365.286719,2322.515734,bull_trend,31.50,27.812500,1.132584,normal_range
2012-01-24,NQ,2461.75,2374.473698,2327.975902,bull_trend,49.50,29.225000,1.693755,large_range
2012-01-25,NQ,2459.25,2382.547632,2333.123906,bull_trend,30.50,29.675000,1.027801,normal_range
2012-01-26,NQ,2452.50,2389.209762,2337.805321,bull_trend,35.25,29.512500,1.194409,normal_range
2012-01-27,NQ,2455.50,2395.523118,2342.420799,bull_trend,19.75,29.312500,0.673774,small_range
2012-01-30,NQ,2462.75,2401.925678,2347.139591,bull_trend,36.25,30.412500,1.191944,normal_range
2012-01-31,NQ,2455.75,2407.051804,2351.398823,bull_trend,29.75,29.225000,1.017964,normal_range
2012-02-01,NQ,2489.25,2414.880204,2356.804751,bull_trend,40.75,29.912500,1.362307,large_range
2012-02-02,NQ,2492.75,2422.296375,2362.135937,bull_trend,21.25,29.062500,0.731183,small_range
2012-02-03,NQ,2523.50,2431.934815,2368.463940,bull_trend,40.25,29.762500,1.352373,large_range
2012-02-06,NQ,2527.00,2440.988642,2374.681040,bull_trend,16.75,29.350000,0.570698,small_range
2012-02-07,NQ,2529.25,2449.394486,2380.742568,bull_trend,23.00,28.962500,0.794130,small_range
2012-02-08,NQ,2541.75,2458.190249,2387.056585,bull_trend,26.50,29.250000,0.905983,normal_range
2012-02-09,NQ,2560.25,2467.910225,2393.848484,bull_trend,29.75,29.375000,1.012766,normal_range
2012-02-10,NQ,2549.25,2475.656871,2399.942661,bull_trend,25.50,28.737500,0.887342,normal_range
2012-02-13,NQ,2568.75,2484.522883,2406.562556,bull_trend,19.50,28.637500,0.680925,small_range
2012-02-14,NQ,2576.75,2493.306418,2413.236574,bull_trend,24.25,28.800000,0.842014,normal_range
2012-02-15,NQ,2550.75,2498.777235,2418.629257,bull_trend,50.00,29.537500,1.692763,large_range
2012-02-16,NQ,2593.00,2507.750832,2425.467326,bull_trend,51.50,30.912500,1.665993,large_range
2012-02-17,NQ,2582.25,2514.845991,2431.615666,bull_trend,25.50,31.475000,0.810167,normal_range
2012-02-20,NQ,2592.50,2522.241611,2437.924855,bull_trend,15.50,30.775000,0.503656,small_range
2012-02-21,NQ,2591.25,2528.813838,2443.937606,bull_trend,27.50,29.675000,0.926706,normal_range
2012-02-22,NQ,2581.00,2533.783949,2449.312602,bull_trend,25.25,29.412500,0.858479,normal_range
2012-02-23,NQ,2601.00,2540.185478,2455.261127,bull_trend,32.75,29.287500,1.118224,normal_range
2012-02-24,NQ,2601.50,2546.024956,2460.995985,bull_trend,11.50,28.875000,0.398268,small_range
2012-02-27,NQ,2609.00,2552.022579,2466.800064,bull_trend,38.00,28.962500,1.312041,large_range
2012-02-28,NQ,2630.25,2559.472810,2473.209865,bull_trend,27.50,28.850000,0.953206,normal_range
2012-02-29,NQ,2620.00,2565.237304,2478.966341,bull_trend,31.00,28.362500,1.092993,normal_range
2012-03-01,NQ,2646.25,2572.952799,2485.526485,bull_trend,32.75,28.937500,1.131749,normal_range
2012-03-02,NQ,2643.75,2579.695389,2491.731329,bull_trend,17.25,27.787500,0.620783,small_range
2012-03-05,NQ,2615.00,2583.057733,2496.565394,bull_trend,39.50,28.925000,1.365601,large_range
2012-03-06,NQ,2589.75,2583.695092,2500.219692,bull_trend,42.50,29.900000,1.421405,large_range
2012-03-07,NQ,2607.00,2585.914607,2504.407155,bull_trend,24.00,29.812500,0.805031,normal_range
2012-03-08,NQ,2636.00,2590.684645,2509.567659,bull_trend,39.75,30.312500,1.311340,large_range
2012-03-09,NQ,2648.00,2596.143250,2514.996378,bull_trend,21.00,30.087500,0.697964,small_range
2012-03-12,NQ,2651.00,2601.367702,2520.329854,bull_trend,17.25,29.850000,0.577889,small_range
2012-03-13,NQ,2700.50,2610.808873,2527.395350,bull_trend,52.25,31.250000,1.672000,large_range
2012-03-14,NQ,2700.00,2619.303266,2534.164159,bull_trend,27.25,30.112500,0.904940,normal_range
2012-03-15,NQ,2710.00,2627.941051,2541.059683,bull_trend,20.25,28.550000,0.709282,small_range
2012-03-16,NQ,2711.25,2635.875236,2547.733813,bull_trend,17.25,28.137500,0.613061,small_range
2012-03-19,NQ,2730.50,2644.887118,2554.901114,bull_trend,34.75,29.000000,1.198276,normal_range
2012-03-20,NQ,2737.50,2653.707393,2562.061855,bull_trend,31.50,29.200000,1.078767,normal_range
2012-03-21,NQ,2734.75,2661.425736,2568.833939,bull_trend,18.50,28.862500,0.640970,small_range
2012-03-22,NQ,2733.50,2668.289952,2575.291432,bull_trend,25.25,28.487500,0.886354,normal_range
2012-03-23,NQ,2730.75,2674.238528,2581.387846,bull_trend,35.75,29.700000,1.203704,large_range
2012-03-26,NQ,2776.75,2684.001525,2589.049107,bull_trend,49.00,30.250000,1.619835,large_range
2012-03-27,NQ,2776.25,2692.787094,2596.390318,bull_trend,17.50,29.750000,0.588235,small_range
2012-03-28,NQ,2766.50,2699.807371,2603.061286,bull_trend,40.00,30.200000,1.324503,large_range
2012-03-29,NQ,2759.75,2705.516193,2609.205942,bull_trend,36.25,30.375000,1.193416,normal_range
2012-03-30,NQ,2753.75,2710.109889,2614.874336,bull_trend,33.00,31.162500,1.058965,normal_range
2012-04-02,NQ,2776.00,2716.385137,2621.192990,bull_trend,40.25,31.200000,1.290064,large_range
2012-04-03,NQ,2777.75,2722.229410,2627.332480,bull_trend,28.50,30.500000,0.934426,normal_range
2012-04-04,NQ,2737.50,2723.683752,2631.652775,bull_trend,53.50,31.937500,1.675147,large_range
2012-04-05,NQ,2756.50,2726.809109,2636.548745,bull_trend,38.25,31.862500,1.200471,large_range
2012-04-06,NQ,2725.25,2726.660622,2640.027225,range,42.25,32.925000,1.283219,large_range
2012-04-09,NQ,2730.25,2727.002468,2643.565373,bull_trend,29.25,33.525000,0.872483,normal_range
2012-04-10,NQ,2701.75,2724.597471,2645.847123,range,61.75,34.000000,1.816176,large_range
2012-04-11,NQ,2708.25,2723.040569,2648.294295,range,25.25,33.900000,0.744838,small_range
2012-04-12,NQ,2738.25,2724.489086,2651.821970,bull_trend,35.50,34.662500,1.024162,normal_range
2012-04-13,NQ,2691.75,2721.371078,2653.387775,range,51.75,36.387500,1.422192,large_range
2012-04-16,NQ,2665.50,2716.050023,2653.862764,range,53.50,37.325000,1.433356,large_range
2012-04-17,NQ,2714.00,2715.854783,2656.221087,range,74.00,39.450000,1.875792,large_range
2012-04-18,NQ,2705.25,2714.844803,2658.143790,range,33.75,40.212500,0.839291,normal_range
2012-04-19,NQ,2688.50,2712.335774,2659.334229,range,63.50,42.125000,1.507418,large_range
2012-04-20,NQ,2674.00,2708.684748,2659.909357,range,38.25,42.250000,0.905325,normal_range
2012-04-23,NQ,2655.25,2703.595725,2659.726638,range,50.00,42.300000,1.182033,normal_range
2012-04-24,NQ,2673.25,2700.705656,2660.256965,range,50.25,43.937500,1.143670,normal_range
2012-04-25,NQ,2706.50,2701.257498,2662.070418,bull_trend,41.50,44.012500,0.942914,normal_range
2012-04-26,NQ,2723.75,2703.399641,2664.489225,bull_trend,34.75,43.937500,0.790896,small_range
2012-04-27,NQ,2738.00,2706.694913,2667.372000,bull_trend,37.25,44.150000,0.843715,normal_range
2012-04-30,NQ,2720.25,2707.985874,2669.445648,bull_trend,28.75,43.575000,0.659782,small_range
2012-05-01,NQ,2719.00,2709.034838,2671.388955,bull_trend,42.50,44.275000,0.959910,normal_range
2012-05-02,NQ,2729.25,2710.960092,2673.658016,bull_trend,29.50,43.075000,0.684852,small_range
2012-05-03,NQ,2696.50,2709.582940,2674.553780,range,45.50,43.437500,1.047482,normal_range
2012-05-04,NQ,2626.50,2701.670279,2672.669318,range,75.25,45.087500,1.668977,large_range
2012-05-07,NQ,2639.50,2695.749300,2671.368561,range,61.75,46.712500,1.321916,large_range
2012-05-08,NQ,2625.75,2689.082700,2669.579597,range,58.50,46.550000,1.256713,large_range
2012-05-09,NQ,2609.75,2681.527205,2667.233339,range,48.00,47.687500,1.006553,normal_range
2012-05-10,NQ,2609.75,2674.691281,2664.979090,range,33.75,47.600000,0.709034,small_range
2012-05-11,NQ,2612.50,2668.768302,2662.921087,range,42.75,47.150000,0.906681,normal_range
2012-05-14,NQ,2584.75,2660.766559,2659.855554,range,31.50,46.050000,0.684039,small_range
2012-05-15,NQ,2580.50,2653.122124,2656.743571,bear_trend,41.75,44.437500,0.939522,normal_range
2012-05-16,NQ,2560.25,2644.277160,2652.959510,bear_trend,39.75,44.737500,0.888516,normal_range
2012-05-17,NQ,2509.25,2631.417431,2647.323843,bear_trend,66.00,44.862500,1.471162,large_range
2012-05-18,NQ,2469.75,2616.020532,2640.360162,bear_trend,53.75,45.637500,1.177760,normal_range
2012-05-21,NQ,2544.00,2609.161434,2636.581333,bear_trend,81.50,47.212500,1.726238,large_range
2012-05-22,NQ,2536.50,2602.241298,2632.656574,bear_trend,39.25,46.662500,0.841147,normal_range
2012-05-23,NQ,2539.00,2596.218317,2628.983768,bear_trend,54.75,47.325000,1.156894,normal_range
2012-05-24,NQ,2539.50,2590.816572,2625.474600,bear_trend,46.00,47.887500,0.960585,normal_range
2012-05-25,NQ,2526.00,2584.643565,2621.573636,bear_trend,33.25,47.687500,0.697248,small_range
2012-05-28,NQ,2539.00,2580.296559,2618.335454,bear_trend,16.75,47.450000,0.353003,small_range
2012-05-29,NQ,2559.00,2578.268316,2616.008573,bear_trend,38.50,47.250000,0.814815,normal_range
2012-05-30,NQ,2530.00,2573.671333,2612.635688,bear_trend,39.50,47.750000,0.827225,normal_range
2012-05-31,NQ,2521.25,2568.678825,2609.051936,bear_trend,36.50,47.300000,0.771670,small_range
2012-06-01,NQ,2454.75,2557.828461,2603.000879,bear_trend,68.00,46.937500,1.448735,large_range
2012-06-04,NQ,2472.50,2549.701941,2597.883198,bear_trend,46.50,46.175000,1.007038,normal_range
2012-06-05,NQ,2489.25,2543.944613,2593.623072,bear_trend,32.50,44.875000,0.724234,small_range
2012-06-06,NQ,2549.75,2544.497507,2591.902560,range,65.75,45.762500,1.436766,large_range
2012-06-07,NQ,2538.50,2543.926316,2589.808342,bear_trend,38.50,46.000000,0.836957,normal_range
2012-06-08,NQ,2564.00,2545.838095,2588.796250,range,46.50,46.187500,1.006766,normal_range
2012-06-11,NQ,2516.00,2542.996372,2585.941495,bear_trend,90.50,49.137500,1.841771,large_range
2012-06-12,NQ,2547.50,2543.425289,2584.433985,range,41.50,49.125000,0.844784,normal_range
2012-06-13,NQ,2526.00,2541.765738,2582.142456,bear_trend,38.25,49.050000,0.779817,small_range
2012-06-14,NQ,2538.50,2541.454715,2580.430988,bear_trend,33.75,47.437500,0.711462,small_range
2012-06-15,NQ,2566.00,2543.792361,2579.865066,range,34.25,46.462500,0.737154,small_range
2012-06-18,NQ,2590.50,2548.240708,2580.282123,range,45.25,44.650000,1.013438,normal_range
2012-06-19,NQ,2613.00,2554.408259,2581.565177,range,41.00,44.737500,0.916457,normal_range
2012-06-20,NQ,2619.75,2560.631282,2583.062621,range,30.75,43.537500,0.706288,small_range
2012-06-21,NQ,2552.50,2559.856874,2581.864087,bear_trend,72.00,44.837500,1.605799,large_range
2012-06-22,NQ,2575.00,2561.299077,2581.594907,range,33.25,44.837500,0.741567,small_range
2012-06-25,NQ,2529.25,2558.246784,2579.542165,bear_trend,56.25,46.450000,1.210980,large_range
2012-06-26,NQ,2547.25,2557.199471,2578.275806,bear_trend,26.50,45.850000,0.577972,small_range
2012-06-27,NQ,2558.75,2557.347141,2577.510088,range,29.00,45.325000,0.639823,small_range
2012-06-28,NQ,2525.75,2554.337889,2575.480281,bear_trend,61.25,46.562500,1.315436,large_range
2012-06-29,NQ,2612.50,2559.877138,2576.932034,range,97.50,48.037500,2.029664,large_range
2012-07-02,NQ,2613.75,2565.007886,2578.375876,range,20.75,46.750000,0.443850,small_range
2012-07-03,NQ,2641.50,2572.292850,2580.851332,range,29.50,46.600000,0.633047,small_range
2012-07-04,NQ,2642.00,2578.931626,2583.249319,range,12.00,43.912500,0.273271,small_range
2012-07-05,NQ,2643.25,2585.057185,2585.602287,range,31.25,43.550000,0.717566,small_range
2012-07-06,NQ,2610.25,2587.456501,2586.568864,bull_trend,53.25,43.887500,1.213330,large_range
2012-07-09,NQ,2603.00,2588.936834,2587.213222,bull_trend,24.00,40.562500,0.591680,small_range
2012-07-10,NQ,2578.00,2587.895231,2586.851919,range,57.00,41.337500,1.378893,large_range
2012-07-11,NQ,2566.00,2585.809971,2586.034197,bear_trend,46.25,41.737500,1.108116,normal_range
2012-07-12,NQ,2540.25,2581.470926,2584.238738,bear_trend,52.75,42.687500,1.235725,large_range
2012-07-13,NQ,2578.25,2581.164171,2584.003886,bear_trend,45.25,43.237500,1.046545,normal_range
2012-07-16,NQ,2572.00,2580.291393,2583.533145,bear_trend,23.25,42.137500,0.551765,small_range
2012-07-17,NQ,2587.00,2580.930308,2583.669100,range,46.00,42.387500,1.085226,normal_range
2012-07-18,NQ,2629.25,2585.532183,2585.456587,bull_trend,53.25,43.512500,1.223786,large_range
2012-07-19,NQ,2654.75,2592.124356,2588.173975,bull_trend,30.00,41.412500,0.724419,small_range
2012-07-20,NQ,2615.00,2594.302989,2589.225976,bull_trend,44.75,41.987500,1.065793,normal_range
2012-07-23,NQ,2575.25,2592.488419,2588.677899,range,69.75,42.762500,1.631102,large_range
2012-07-24,NQ,2518.25,2585.418093,2585.916020,bear_trend,73.25,45.100000,1.624169,large_range
2012-07-25,NQ,2545.00,2581.568751,2584.311471,bear_trend,42.75,45.787500,0.933661,normal_range
2012-07-26,NQ,2575.25,2580.966965,2583.956119,bear_trend,63.75,45.912500,1.388511,large_range
2012-07-27,NQ,2642.00,2586.779635,2586.232349,bull_trend,73.50,44.712500,1.643836,large_range
2012-07-30,NQ,2638.50,2591.705384,2588.282061,bull_trend,29.50,45.150000,0.653378,small_range
2012-07-31,NQ,2635.75,2595.900109,2590.143549,bull_trend,21.50,44.750000,0.480447,small_range
2012-08-01,NQ,2625.50,2598.719147,2591.530076,bull_trend,37.75,46.037500,0.819984,normal_range
2012-08-02,NQ,2619.00,2600.650657,2592.607328,bull_trend,48.75,46.912500,1.039169,normal_range
2012-08-03,NQ,2673.25,2607.564880,2595.769786,bull_trend,65.25,47.512500,1.373323,large_range
2012-08-06,NQ,2688.00,2615.225367,2599.386657,bull_trend,30.00,47.812500,0.627451,small_range
2012-08-07,NQ,2710.00,2624.251523,2603.724435,bull_trend,36.75,46.800000,0.785256,small_range
2012-08-08,NQ,2707.25,2632.156140,2607.784261,bull_trend,16.25,45.300000,0.358720,small_range
2012-08-09,NQ,2718.75,2640.403174,2612.135859,bull_trend,19.75,43.650000,0.452463,small_range
2012-08-10,NQ,2722.50,2648.221919,2616.463865,bull_trend,20.75,42.425000,0.489098,small_range
2012-08-13,NQ,2728.25,2655.843641,2620.847635,bull_trend,24.00,42.462500,0.565205,small_range
2012-08-14,NQ,2725.00,2662.429961,2624.932041,bull_trend,22.25,41.275000,0.539067,small_range
2012-08-15,NQ,2741.25,2669.936632,2629.493530,bull_trend,24.00,39.812500,0.602826,small_range
2012-08-16,NQ,2766.75,2679.156952,2634.876136,bull_trend,35.75,40.100000,0.891521,normal_range
2012-08-17,NQ,2776.75,2688.451528,2640.439817,bull_trend,17.25,38.725000,0.445449,small_range
2012-08-20,NQ,2780.25,2697.194240,2645.922570,bull_trend,17.25,36.000000,0.479167,small_range
2012-08-21,NQ,2774.50,2704.556693,2650.964822,bull_trend,41.00,34.387500,1.192294,normal_range
2012-08-22,NQ,2782.25,2711.956056,2656.113260,bull_trend,30.75,33.787500,0.910100,normal_range
2012-08-23,NQ,2760.25,2716.555479,2660.197054,bull_trend,38.50,32.525000,1.183705,normal_range
2012-08-24,NQ,2777.75,2722.383529,2664.806973,bull_trend,34.75,30.587500,1.136085,normal_range
2012-08-27,NQ,2783.00,2728.156526,2669.441994,bull_trend,19.25,30.075000,0.640067,small_range
2012-08-28,NQ,2781.50,2733.236857,2673.836426,bull_trend,19.50,29.975000,0.650542,small_range
2012-08-29,NQ,2780.75,2737.761918,2678.029115,bull_trend,19.25,29.050000,0.662651,small_range
2012-08-30,NQ,2753.50,2739.260783,2680.988757,bull_trend,32.25,28.225000,1.142604,normal_range
2012-08-31,NQ,2770.50,2742.235947,2684.499002,bull_trend,40.00,26.962500,1.483542,large_range
2012-09-03,NQ,2779.75,2745.808714,2688.234335,bull_trend,21.75,26.550000,0.819209,normal_range
2012-09-04,NQ,2772.75,2748.374550,2691.548675,bull_trend,40.00,26.712500,1.497426,large_range
2012-09-05,NQ,2769.50,2750.386498,2694.605590,bull_trend,23.75,27.087500,0.876788,normal_range
2012-09-06,NQ,2829.50,2757.921117,2699.895567,bull_trend,62.50,29.225000,2.138580,large_range
2012-09-07,NQ,2823.75,2764.190535,2704.752603,bull_trend,19.25,29.150000,0.660377,small_range
2012-09-10,NQ,2783.75,2766.053341,2707.850540,bull_trend,42.00,30.050000,1.397671,large_range
2012-09-11,NQ,2780.25,2767.405404,2710.689735,bull_trend,22.00,30.037500,0.732418,small_range
2012-09-12,NQ,2795.25,2770.057270,2714.005824,bull_trend,25.00,30.087500,0.830910,normal_range
2012-09-13,NQ,2827.50,2775.528006,2718.456576,bull_trend,56.75,31.137500,1.822561,large_range
2012-09-14,NQ,2851.25,2782.739625,2723.664161,bull_trend,33.50,31.950000,1.048513,normal_range
2012-09-17,NQ,2847.50,2788.907279,2728.520468,bull_trend,12.50,31.712500,0.394166,small_range
2012-09-18,NQ,2854.00,2795.106586,2733.441234,bull_trend,16.25,30.475000,0.533224,small_range
2012-09-19,NQ,2853.75,2800.691673,2738.159225,bull_trend,21.50,30.012500,0.716368,small_range
2012-09-20,NQ,2855.75,2805.935323,2742.770628,bull_trend,20.75,29.125000,0.712446,small_range
2012-09-21,NQ,2853.50,2810.465293,2747.112956,bull_trend,19.50,28.362500,0.687528,small_range
2012-09-24,NQ,2840.25,2813.301931,2750.765390,bull_trend,31.00,28.950000,1.070812,normal_range
2012-09-25,NQ,2806.25,2812.630319,2752.941257,range,54.75,30.712500,1.782662,large_range
2012-09-26,NQ,2778.75,2809.403622,2753.953364,range,45.00,32.000000,1.406250,large_range
2012-09-27,NQ,2814.50,2809.888991,2756.327742,bull_trend,43.25,32.550000,1.328725,large_range
2012-09-28,NQ,2791.25,2808.113849,2757.697242,range,30.50,32.075000,0.950896,normal_range
2012-10-01,NQ,2787.75,2806.174435,2758.875782,range,44.75,33.225000,1.346877,large_range
2012-10-02,NQ,2795.00,2805.110203,2760.292418,range,35.25,32.987500,1.068587,normal_range
2012-10-03,NQ,2810.25,2805.599708,2762.251539,bull_trend,29.25,33.262500,0.879369,normal_range
2012-10-04,NQ,2822.25,2807.185450,2764.604420,bull_trend,22.25,31.250000,0.712000,small_range
2012-10-05,NQ,2804.25,2806.905883,2766.159148,range,41.00,32.337500,1.267878,large_range
2012-10-08,NQ,2776.75,2804.033894,2766.574476,range,33.50,31.912500,1.049745,normal_range
2012-10-09,NQ,2736.50,2797.602095,2765.395085,range,56.75,33.650000,1.686478,large_range
2012-10-10,NQ,2719.00,2790.116181,2763.575669,range,29.25,33.862500,0.863787,normal_range
2012-10-11,NQ,2715.75,2783.033688,2761.700153,range,33.50,32.700000,1.024465,normal_range
2012-10-12,NQ,2712.00,2776.268574,2759.751127,range,21.00,32.075000,0.654716,small_range
2012-10-15,NQ,2732.00,2772.052520,2758.662848,range,31.25,33.012500,0.946611,normal_range
2012-10-16,NQ,2765.50,2771.428470,2758.930972,range,47.50,34.575000,1.373825,large_range
2012-10-17,NQ,2771.50,2771.435283,2759.423875,bull_trend,25.25,34.762500,0.726357,small_range
2012-10-18,NQ,2731.50,2767.631922,2758.328821,range,46.50,36.050000,1.289875,large_range
2012-10-19,NQ,2666.25,2757.976501,2754.717887,range,73.50,38.750000,1.896774,large_range
2012-10-22,NQ,2693.00,2751.788263,2752.297577,bear_trend,36.50,39.025000,0.935298,normal_range
2012-10-23,NQ,2663.50,2743.379857,2748.815319,bear_trend,43.75,38.475000,1.137102,normal_range
2012-10-24,NQ,2654.25,2734.891299,2745.106875,bear_trend,34.25,37.937500,0.902801,normal_range
2012-10-25,NQ,2637.50,2725.615937,2740.886998,bear_trend,69.00,39.225000,1.759082,large_range
2012-10-26,NQ,2659.75,2719.342991,2737.705155,bear_trend,45.50,39.975000,1.138211,normal_range
2012-10-29,NQ,2644.25,2712.191277,2734.040247,bear_trend,24.25,39.012500,0.621596,small_range
2012-10-30,NQ,2656.00,2706.839727,2730.979845,bear_trend,31.00,38.800000,0.798969,small_range
2012-10-31,NQ,2633.00,2699.807372,2727.137498,bear_trend,45.00,39.587500,1.136722,normal_range
2012-11-01,NQ,2687.00,2698.587623,2725.563479,bear_trend,61.75,41.562500,1.485714,large_range
2012-11-02,NQ,2642.50,2693.245944,2722.306087,bear_trend,52.50,42.137500,1.245921,large_range
2012-11-05,NQ,2659.00,2689.984426,2719.823496,bear_trend,38.75,42.400000,0.913915,normal_range
2012-11-06,NQ,2677.50,2688.795433,2718.163751,bear_trend,35.00,41.312500,0.847201,normal_range
2012-11-07,NQ,2614.25,2681.695868,2714.088702,bear_trend,89.00,44.300000,2.009029,large_range
2012-11-08,NQ,2576.00,2671.629595,2708.673458,bear_trend,54.75,45.362500,1.206944,large_range
2012-11-09,NQ,2582.75,2663.164871,2703.735284,bear_trend,51.00,46.862500,1.088290,normal_range
2012-11-12,NQ,2582.75,2655.506312,2698.990763,bear_trend,25.25,46.562500,0.542282,small_range
2012-11-13,NQ,2574.00,2647.743806,2694.089164,bear_trend,32.75,45.825000,0.714675,small_range
2012-11-14,NQ,2532.25,2636.744396,2687.742530,bear_trend,59.25,47.525000,1.246712,large_range
2012-11-15,NQ,2524.50,2626.054454,2681.340862,bear_trend,28.25,46.612500,0.606061,small_range
2012-11-16,NQ,2534.75,2617.358791,2675.592201,bear_trend,47.25,45.300000,1.043046,normal_range
2012-11-19,NQ,2590.50,2614.800811,2672.255252,bear_trend,59.75,46.462500,1.285983,large_range
2012-11-20,NQ,2592.00,2612.629305,2669.107987,bear_trend,28.75,45.712500,0.628931,small_range
2012-11-21,NQ,2600.25,2611.450324,2666.407674,bear_trend,25.00,45.250000,0.552486,small_range
2012-11-22,NQ,2600.00,2610.359817,2663.803452,bear_trend,9.25,42.262500,0.218870,small_range
2012-11-23,NQ,2634.50,2612.658882,2662.654297,range,42.50,42.112500,1.009202,normal_range
2012-11-26,NQ,2649.00,2616.119941,2662.118834,range,27.75,42.225000,0.657194,small_range
2012-11-27,NQ,2641.25,2618.513280,2661.300448,range,22.25,41.787500,0.532456,small_range
2012-11-28,NQ,2662.00,2622.654872,2661.327882,range,54.00,42.237500,1.278485,large_range
2012-11-29,NQ,2678.50,2627.973456,2662.001298,range,28.75,40.587500,0.708346,small_range
2012-11-30,NQ,2679.75,2632.904555,2662.697326,range,22.50,39.087500,0.575632,small_range
2012-12-03,NQ,2668.25,2636.270788,2662.915078,range,31.75,38.737500,0.819619,normal_range
2012-12-04,NQ,2664.00,2638.911665,2662.957624,range,25.50,38.262500,0.666449,small_range
2012-12-05,NQ,2635.75,2638.610554,2661.890658,bear_trend,56.25,36.625000,1.535836,large_range
2012-12-06,NQ,2655.00,2640.171454,2661.620436,range,39.50,35.862500,1.101429,normal_range
2012-12-07,NQ,2637.25,2639.893220,2660.664733,bear_trend,43.75,35.500000,1.232394,large_range
2012-12-10,NQ,2648.50,2640.712914,2660.187684,range,35.00,35.987500,0.972560,normal_range
2012-12-11,NQ,2688.00,2645.216446,2661.278363,range,52.25,36.962500,1.413595,large_range
2012-12-12,NQ,2670.00,2647.576784,2661.620388,range,28.00,35.400000,0.790960,small_range
2012-12-13,NQ,2650.25,2647.831376,2661.174491,range,46.75,36.325000,1.286992,large_range
2012-12-14,NQ,2626.50,2645.799816,2659.814707,bear_trend,43.75,36.150000,1.210235,large_range
2012-12-17,NQ,2664.75,2647.604596,2660.008248,range,55.75,35.950000,1.550765,large_range
2012-12-18,NQ,2701.75,2652.761301,2661.645179,range,44.75,36.750000,1.217687,large_range
2012-12-19,NQ,2690.75,2656.379272,2662.786545,range,23.25,36.662500,0.634163,small_range
2012-12-20,NQ,2691.00,2659.676485,2663.892955,range,24.00,37.400000,0.641711,small_range
2012-12-21,NQ,2665.25,2660.207296,2663.946172,range,59.00,38.225000,1.543492,large_range
2012-12-24,NQ,2650.00,2659.235172,2663.399263,bear_trend,16.25,37.775000,0.430179,small_range
2012-12-26,NQ,2631.25,2656.569918,2662.138508,bear_trend,36.75,38.500000,0.954545,normal_range
2012-12-27,NQ,2626.75,2653.729925,2660.750723,bear_trend,44.25,38.012500,1.164091,normal_range
2012-12-28,NQ,2583.25,2647.017552,2657.711479,bear_trend,48.00,38.975000,1.231559,large_range
2012-12-31,NQ,2659.00,2648.158737,2657.762010,range,85.00,42.100000,2.019002,large_range
2013-01-02,NQ,2741.50,2657.048381,2661.045852,range,56.50,44.700000,1.263982,large_range
2013-01-03,NQ,2727.25,2663.734250,2663.642093,bull_trend,28.00,44.825000,0.624651,small_range
2013-01-04,NQ,2715.00,2668.616702,2665.656129,bull_trend,24.75,43.250000,0.572254,small_range
2013-01-07,NQ,2718.00,2673.319873,2667.708830,bull_trend,20.25,42.287500,0.478865,small_range
2013-01-08,NQ,2713.25,2677.122743,2669.494758,bull_trend,26.25,41.412500,0.633867,small_range
2013-01-09,NQ,2723.00,2681.492005,2671.593003,bull_trend,19.00,40.612500,0.467836,small_range
2013-01-10,NQ,2740.00,2687.064195,2674.275630,bull_trend,29.75,39.487500,0.753403,small_range
2013-01-11,NQ,2742.00,2692.296177,2676.931488,bull_trend,12.25,38.700000,0.316537,small_range
2013-01-14,NQ,2731.00,2695.982255,2679.051822,bull_trend,31.00,37.912500,0.817672,normal_range
2013-01-15,NQ,2717.75,2698.055374,2680.569397,bull_trend,27.00,37.075000,0.728254,small_range
2013-01-16,NQ,2726.25,2700.740576,2682.360793,bull_trend,27.00,35.637500,0.757629,small_range
2013-01-17,NQ,2736.25,2704.122426,2684.474096,bull_trend,35.50,35.175000,1.009240,normal_range
2013-01-18,NQ,2734.50,2707.015528,2686.435896,bull_trend,19.25,34.975000,0.550393,small_range
2013-01-21,NQ,2743.00,2710.442621,2688.654096,bull_trend,10.50,34.300000,0.306122,small_range
2013-01-22,NQ,2753.75,2714.567133,2691.206877,bull_trend,33.50,33.025000,1.014383,normal_range
2013-01-23,NQ,2732.00,2716.227406,2692.806607,bull_trend,37.75,33.975000,1.111111,normal_range
2013-01-24,NQ,2713.00,2715.920034,2693.598505,range,35.25,33.900000,1.039823,normal_range
2013-01-25,NQ,2730.00,2717.260983,2695.026014,bull_trend,27.75,33.075000,0.839002,normal_range
2013-01-28,NQ,2734.25,2718.878985,2696.564210,bull_trend,21.25,31.737500,0.669555,small_range
2013-01-29,NQ,2745.25,2721.390510,2698.473456,bull_trend,30.75,29.025000,1.059432,normal_range
2013-01-30,NQ,2735.25,2722.710462,2699.915674,bull_trend,25.50,26.112500,0.976544,normal_range
2013-01-31,NQ,2730.50,2723.452322,2701.115059,bull_trend,22.50,25.837500,0.870827,normal_range
2013-02-01,NQ,2758.50,2726.790196,2703.365449,bull_trend,33.50,26.275000,1.274976,large_range
2013-02-04,NQ,2710.75,2725.262559,2703.655039,range,50.25,27.775000,1.809181,large_range
2013-02-05,NQ,2754.00,2727.999458,2705.629351,bull_trend,50.00,28.962500,1.726370,large_range
2013-02-06,NQ,2741.00,2729.237605,2707.016436,bull_trend,24.00,29.212500,0.821566,normal_range
2013-02-07,NQ,2745.50,2730.786404,2708.525595,bull_trend,36.00,29.525000,1.219306,large_range
2013-02-08,NQ,2773.00,2734.806747,2711.054003,bull_trend,37.50,30.787500,1.218027,large_range
2013-02-11,NQ,2772.00,2738.348961,2713.444042,bull_trend,17.25,30.100000,0.573090,small_range
2013-02-12,NQ,2765.25,2740.910965,2715.475648,bull_trend,15.75,29.537500,0.533220,small_range
2013-02-13,NQ,2770.25,2743.705159,2717.623662,bull_trend,19.00,29.137500,0.652081,small_range
2013-02-14,NQ,2768.75,2746.090382,2719.628617,bull_trend,19.00,28.312500,0.671082,small_range
2013-02-15,NQ,2760.75,2747.486536,2721.241220,bull_trend,22.50,28.475000,0.790167,small_range
2013-02-18,NQ,2764.75,2749.130675,2722.947447,bull_trend,6.75,28.287500,0.238621,small_range
2013-02-19,NQ,2784.25,2752.475373,2725.351468,bull_trend,25.75,27.900000,0.922939,normal_range
2013-02-20,NQ,2736.00,2750.906290,2725.769058,range,61.50,29.087500,2.114310,large_range
2013-02-21,NQ,2716.00,2747.581881,2725.385957,range,41.50,29.400000,1.411565,large_range
2013-02-22,NQ,2735.25,2746.407416,2725.772783,range,24.75,29.250000,0.846154,normal_range
2013-02-25,NQ,2699.50,2741.940043,2724.742477,range,72.75,31.825000,2.285939,large_range
2013-02-26,NQ,2710.75,2738.969563,2724.193753,range,29.25,31.750000,0.921260,normal_range
2013-02-27,NQ,2741.75,2739.234367,2724.882233,bull_trend,54.50,33.200000,1.641566,large_range
2013-02-28,NQ,2733.25,2738.664427,2725.210381,range,29.00,33.525000,0.865026,normal_range
2013-03-01,NQ,2748.75,2739.624958,2726.133503,bull_trend,39.75,33.837500,1.174732,normal_range
2013-03-04,NQ,2763.50,2741.898771,2727.598856,bull_trend,30.75,32.862500,0.935717,normal_range
2013-03-05,NQ,2799.50,2747.384603,2730.418509,bull_trend,42.75,32.500000,1.315385,large_range
2013-03-06,NQ,2790.75,2751.514640,2732.784450,bull_trend,20.50,32.325000,0.634184,small_range
2013-03-07,NQ,2799.50,2756.084675,2735.400746,bull_trend,16.00,31.325000,0.510774,small_range
2013-03-08,NQ,2801.50,2760.409944,2737.992873,bull_trend,35.25,31.212500,1.129355,normal_range
2013-03-11,NQ,2810.75,2765.204235,2740.846094,bull_trend,21.00,31.400000,0.668790,small_range
2013-03-12,NQ,2803.50,2768.851451,2743.303110,bull_trend,23.50,31.787500,0.739284,small_range
2013-03-13,NQ,2801.25,2771.937027,2745.575537,bull_trend,20.75,31.875000,0.650980,small_range
2013-03-14,NQ,2799.75,2774.585881,2747.700026,bull_trend,14.00,31.625000,0.442688,small_range
2013-03-15,NQ,2791.50,2776.196750,2749.417672,bull_trend,20.50,31.525000,0.650278,small_range
2013-03-18,NQ,2788.25,2777.344678,2750.940508,bull_trend,49.00,33.637500,1.456708,large_range
2013-03-19,NQ,2777.25,2777.335661,2751.972253,range,44.75,34.587500,1.293820,large_range
2013-03-20,NQ,2787.75,2778.327503,2753.375302,bull_trend,34.75,33.250000,1.045113,normal_range
2013-03-21,NQ,2770.50,2777.582027,2754.046859,range,27.00,32.525000,0.830131,normal_range
2013-03-22,NQ,2797.00,2779.431357,2755.731295,bull_trend,34.50,33.012500,1.045059,normal_range
2013-03-25,NQ,2787.25,2780.175990,2756.967323,bull_trend,40.50,31.400000,1.289809,large_range
2013-03-26,NQ,2802.00,2782.254467,2758.733310,bull_trend,17.75,30.825000,0.575831,small_range
2013-03-27,NQ,2802.25,2784.158804,2760.439847,bull_trend,29.50,29.575000,0.997464,normal_range
2013-03-28,NQ,2813.00,2786.905584,2762.501030,bull_trend,23.25,29.287500,0.793854,small_range
2013-04-01,NQ,2789.00,2787.105052,2763.540205,bull_trend,31.50,28.875000,1.090909,normal_range
2013-04-02,NQ,2814.00,2789.666476,2765.519021,bull_trend,36.75,29.175000,1.259640,large_range
2013-04-03,NQ,2787.75,2789.483954,2766.390824,range,39.00,28.987500,1.345408,large_range
2013-04-04,NQ,2783.75,2788.937864,2767.071576,range,29.00,29.412500,0.985975,normal_range
2013-04-05,NQ,2765.00,2786.658067,2766.990337,range,48.00,31.012500,1.547763,large_range
2013-04-08,NQ,2788.25,2786.809680,2767.824050,bull_trend,31.25,30.812500,1.014199,normal_range
2013-04-09,NQ,2799.25,2787.994472,2769.056440,bull_trend,36.75,31.600000,1.162975,normal_range
2013-04-10,NQ,2851.75,2794.066427,2772.299325,bull_trend,62.75,33.562500,1.869646,large_range
2013-04-11,NQ,2854.50,2799.822006,2775.522880,bull_trend,15.25,33.287500,0.458130,small_range
2013-04-12,NQ,2847.25,2804.338957,2778.335709,bull_trend,28.00,33.987500,0.823832,normal_range
2013-04-15,NQ,2784.75,2802.473342,2778.587250,range,79.75,36.950000,2.158322,large_range
2013-04-16,NQ,2829.00,2804.999691,2780.564220,bull_trend,49.00,36.975000,1.325220,large_range
2013-04-17,NQ,2773.50,2801.999720,2780.287192,range,72.25,38.350000,1.883963,large_range
2013-04-18,NQ,2750.50,2797.094985,2779.119067,range,64.00,39.812500,1.607535,large_range
2013-04-19,NQ,2771.75,2794.681177,2778.830084,range,42.75,40.600000,1.052956,normal_range
2013-04-22,NQ,2802.25,2795.402017,2779.748512,bull_trend,41.75,40.962500,1.019225,normal_range
2013-04-23,NQ,2840.50,2799.697063,2782.130923,bull_trend,57.75,41.825000,1.380753,large_range
2013-04-24,NQ,2823.50,2801.964009,2783.753240,bull_trend,22.25,42.162500,0.527720,small_range
2013-04-25,NQ,2844.75,2806.038866,2786.145270,bull_trend,40.50,42.712500,0.948200,normal_range
2013-04-26,NQ,2834.25,2808.725640,2788.031730,bull_trend,22.50,42.675000,0.527241,small_range
2013-04-29,NQ,2861.25,2813.727960,2790.903034,bull_trend,44.25,43.312500,1.021645,normal_range
2013-04-30,NQ,2883.50,2820.372917,2794.534288,bull_trend,30.25,42.987500,0.703693,small_range
2013-05-01,NQ,2866.75,2824.789782,2797.366277,bull_trend,24.75,42.275000,0.585452,small_range
2013-05-02,NQ,2903.00,2832.238374,2801.508776,bull_trend,43.25,43.012500,1.005522,normal_range
2013-05-03,NQ,2938.00,2842.310910,2806.861373,bull_trend,47.50,42.987500,1.104972,normal_range
2013-05-06,NQ,2948.25,2852.400347,2812.406025,bull_trend,17.50,42.300000,0.413712,small_range
2013-05-07,NQ,2947.50,2861.457457,2817.703828,bull_trend,19.50,41.437500,0.470588,small_range
2013-05-08,NQ,2961.75,2871.009127,2823.352697,bull_trend,23.25,39.462500,0.589167,small_range
2013-05-09,NQ,2962.75,2879.746353,2828.819258,bull_trend,28.25,40.112500,0.704269,small_range
2013-05-10,NQ,2977.25,2889.032415,2834.640071,bull_trend,19.25,39.675000,0.485192,small_range
2013-05-13,NQ,2980.75,2897.767423,2840.369873,bull_trend,27.00,37.037500,0.728991,small_range
2013-05-14,NQ,2997.00,2907.218145,2846.512231,bull_trend,33.75,36.250000,0.931034,normal_range
2013-05-15,NQ,3005.00,2916.530702,2852.727437,bull_trend,22.75,33.775000,0.673575,small_range
2013-05-16,NQ,3001.50,2924.623016,2858.561655,bull_trend,23.00,31.725000,0.724980,small_range
2013-05-17,NQ,3024.25,2934.111301,2865.059237,bull_trend,30.25,31.100000,0.972669,normal_range
2013-05-20,NQ,3022.25,2942.505462,2871.223581,bull_trend,22.00,30.112500,0.730594,small_range
2013-05-21,NQ,3021.50,2950.028752,2877.116774,bull_trend,26.75,28.562500,0.936543,normal_range
2013-05-22,NQ,3007.00,2955.454585,2882.210234,bull_trend,69.75,30.825000,2.262774,large_range
2013-05-23,NQ,2995.75,2959.292243,2886.662774,bull_trend,47.25,31.162500,1.516245,large_range
2013-05-24,NQ,2993.00,2962.502506,2890.832861,bull_trend,39.50,32.012500,1.233893,large_range
2013-05-27,NQ,3000.25,2966.097505,2895.123729,bull_trend,19.75,30.787500,0.641494,small_range
2013-05-28,NQ,3006.75,2969.969172,2899.501230,bull_trend,38.50,31.200000,1.233974,large_range
2013-05-29,NQ,2994.00,2972.257822,2903.207064,bull_trend,30.50,31.487500,0.968638,normal_range
2013-05-30,NQ,3010.25,2975.876125,2907.404826,bull_trend,43.75,31.487500,1.389440,large_range
2013-05-31,NQ,2977.00,2975.983160,2910.134049,bull_trend,45.75,31.400000,1.457006,large_range
2013-06-03,NQ,2987.50,2977.080002,2913.168008,bull_trend,45.00,32.775000,1.372998,large_range
2013-06-04,NQ,2976.50,2977.024764,2915.651615,range,46.00,34.100000,1.348974,large_range
2013-06-05,NQ,2939.00,2973.403358,2916.567238,range,45.75,35.225000,1.298793,large_range
2013-06-06,NQ,2949.50,2971.126848,2917.858719,range,43.50,35.987500,1.208753,large_range
2013-06-07,NQ,2984.75,2972.424291,2920.481906,bull_trend,52.00,37.625000,1.382060,large_range
2013-06-10,NQ,2987.50,2973.860072,2923.110067,bull_trend,27.75,37.662500,0.736807,small_range
2013-06-11,NQ,2966.25,2973.135304,2924.801829,range,39.50,37.950000,1.040843,normal_range
2013-06-12,NQ,2922.75,2968.336703,2924.721365,range,60.00,39.812500,1.507064,large_range
2013-06-13,NQ,2963.50,2967.876065,2926.242096,range,71.75,42.250000,1.698225,large_range
2013-06-14,NQ,2937.00,2964.935487,2926.663975,range,34.75,42.475000,0.818128,normal_range
2013-06-17,NQ,2967.75,2965.203536,2928.275191,bull_trend,48.75,43.812500,1.112696,normal_range
2013-06-18,NQ,2992.75,2967.827009,2930.803615,bull_trend,32.00,44.075000,0.726035,small_range
2013-06-19,NQ,2954.75,2966.581579,2931.742689,range,46.00,42.887500,1.072574,normal_range
2013-06-20,NQ,2879.50,2958.288096,2929.693956,range,80.75,44.562500,1.812062,large_range
2013-06-21,NQ,2865.00,2949.403515,2927.156938,range,53.25,45.250000,1.176796,normal_range
2013-06-24,NQ,2846.50,2939.603180,2923.993921,range,53.00,46.912500,1.129763,normal_range
2013-06-25,NQ,2859.00,2931.926687,2921.445140,range,43.00,47.137500,0.912225,normal_range
2013-06-26,NQ,2885.75,2927.528907,2920.045330,range,47.00,47.962500,0.979932,normal_range
2013-06-27,NQ,2900.00,2924.907107,2919.259239,range,36.00,47.575000,0.756700,small_range
2013-06-28,NQ,2900.75,2922.606430,2918.533387,range,37.75,47.175000,0.800212,normal_range
2013-07-01,NQ,2919.50,2922.310579,2918.571293,range,52.50,47.550000,1.104101,normal_range
2013-07-02,NQ,2923.25,2922.400048,2918.754772,bull_trend,34.00,46.950000,0.724175,small_range
2013-07-03,NQ,2936.50,2923.742901,2919.450663,bull_trend,52.00,47.262500,1.100238,normal_range
2013-07-04,NQ,2966.25,2927.791196,2921.285931,bull_trend,33.00,46.737500,0.706071,small_range
2013-07-05,NQ,2962.25,2931.072987,2922.892365,bull_trend,43.50,46.312500,0.939271,normal_range
2013-07-08,NQ,2962.50,2934.066036,2924.445606,bull_trend,29.50,46.400000,0.635776,small_range
2013-07-09,NQ,2976.25,2938.083556,2926.477151,bull_trend,26.00,45.725000,0.568617,small_range
2013-07-10,NQ,3005.50,2944.504170,2929.576086,bull_trend,37.25,44.587500,0.835436,normal_range
2013-07-11,NQ,3054.25,2954.956153,2934.465259,bull_trend,46.50,43.625000,1.065903,normal_range
2013-07-12,NQ,3065.00,2965.436520,2939.584268,bull_trend,21.25,42.950000,0.494761,small_range
2013-07-15,NQ,3074.25,2975.799708,2944.865278,bull_trend,13.75,41.200000,0.333738,small_range
2013-07-16,NQ,3073.50,2985.104498,2949.909776,bull_trend,16.50,40.425000,0.408163,small_range
2013-07-17,NQ,3074.50,2993.618355,2954.795668,bull_trend,21.00,39.175000,0.536056,small_range
2013-07-18,NQ,3049.75,2998.964226,2958.519367,bull_trend,41.00,37.187500,1.102521,normal_range
2013-07-19,NQ,3043.50,3003.205729,2961.851941,bull_trend,18.50,35.487500,0.521310,small_range
2013-07-22,NQ,3049.00,3007.567088,2965.269512,bull_trend,16.75,33.675000,0.497402,small_range
2013-07-23,NQ,3043.50,3010.989270,2968.337374,bull_trend,36.50,33.350000,1.094453,normal_range
2013-07-24,NQ,3052.75,3014.966482,2971.647673,bull_trend,28.50,32.425000,0.878951,normal_range
2013-07-25,NQ,3054.25,3018.707770,2974.886980,bull_trend,30.75,32.162500,0.956082,normal_range
2013-07-26,NQ,3072.75,3023.854649,2978.724745,bull_trend,36.00,32.075000,1.122369,normal_range
2013-07-29,NQ,3068.00,3028.058968,2982.225736,bull_trend,21.75,30.537500,0.712239,small_range
2013-07-30,NQ,3084.50,3033.434304,2986.236491,bull_trend,29.25,30.300000,0.965347,normal_range
2013-07-31,NQ,3092.75,3039.083418,2990.413492,bull_trend,25.75,28.987500,0.888314,normal_range
2013-08-01,NQ,3118.75,3046.670712,2995.446296,bull_trend,34.75,29.075000,1.195185,normal_range
2013-08-02,NQ,3136.50,3055.225882,3000.977814,bull_trend,25.75,28.187500,0.913525,normal_range
2013-08-05,NQ,3136.50,3062.966274,3006.292409,bull_trend,12.25,27.325000,0.448307,small_range
2013-08-06,NQ,3117.75,3068.183772,3010.663295,bull_trend,33.25,27.687500,1.200903,large_range
2013-08-07,NQ,3118.25,3072.951984,3014.882382,bull_trend,28.75,27.262500,1.054562,normal_range
2013-08-08,NQ,3130.00,3078.385128,3019.396798,bull_trend,28.00,26.037500,1.075372,normal_range
2013-08-09,NQ,3113.50,3081.729402,3023.087120,bull_trend,27.75,26.362500,1.052632,normal_range
2013-08-12,NQ,3126.75,3086.017078,3027.152331,bull_trend,35.25,27.437500,1.284738,large_range
2013-08-13,NQ,3138.50,3091.015451,3031.518906,bull_trend,43.25,28.775000,1.503041,large_range
2013-08-14,NQ,3119.25,3093.704456,3034.959341,bull_trend,25.75,29.012500,0.887548,normal_range
2013-08-15,NQ,3072.75,3091.708794,3036.441328,range,48.25,29.600000,1.630068,large_range
2013-08-16,NQ,3069.75,3089.617480,3037.747550,range,21.75,29.725000,0.731707,small_range
2013-08-19,NQ,3070.75,3087.820577,3039.041764,range,40.25,30.900000,1.302589,large_range
2013-08-20,NQ,3082.75,3087.337665,3040.755812,range,33.50,30.750000,1.089431,normal_range
2013-08-21,NQ,3061.00,3084.829316,3041.549702,range,39.00,31.275000,1.247002,large_range
2013-08-22,NQ,3105.00,3086.750333,3044.037949,bull_trend,51.50,32.312500,1.593810,large_range
2013-08-23,NQ,3122.25,3090.131254,3047.105088,bull_trend,30.50,32.037500,0.952009,normal_range
2013-08-26,NQ,3123.00,3093.261611,3050.081359,bull_trend,30.00,32.450000,0.924499,normal_range
2013-08-27,NQ,3061.75,3090.260505,3050.538953,range,72.25,34.600000,2.088150,large_range
2013-08-28,NQ,3066.25,3087.973790,3051.155073,range,28.75,34.750000,0.827338,normal_range
2013-08-29,NQ,3092.75,3088.428667,3052.786246,bull_trend,45.00,35.262500,1.276143,large_range
2013-08-30,NQ,3079.25,3087.554509,3053.824040,range,41.50,36.050000,1.151179,normal_range
2013-09-02,NQ,3109.00,3089.596936,3055.987804,bull_trend,24.50,37.137500,0.659711,small_range
2013-09-03,NQ,3089.00,3089.540085,3057.282399,range,37.00,37.325000,0.991293,normal_range
2013-09-04,NQ,3131.00,3093.488649,3060.173286,bull_trend,48.25,38.300000,1.259791,large_range
2013-09-05,NQ,3129.00,3096.870682,3062.872373,bull_trend,13.75,37.587500,0.365813,small_range
2013-09-06,NQ,3134.50,3100.454427,3065.681299,bull_trend,53.75,38.887500,1.382192,large_range
2013-09-09,NQ,3170.00,3107.077815,3069.772229,bull_trend,44.75,39.362500,1.136869,normal_range
2013-09-10,NQ,3184.50,3114.451356,3074.271357,bull_trend,22.00,38.300000,0.574413,small_range
2013-09-11,NQ,3184.00,3121.075036,3078.574441,bull_trend,28.75,38.450000,0.747724,small_range
2013-09-12,NQ,3179.00,3126.591700,3082.512698,bull_trend,16.50,36.637500,0.450358,small_range
2013-09-13,NQ,3181.25,3131.797252,3086.384749,bull_trend,20.75,36.587500,0.567134,small_range
2013-09-16,NQ,3161.50,3134.626085,3089.330445,bull_trend,57.00,37.425000,1.523046,large_range
2013-09-17,NQ,3186.50,3139.566458,3093.141016,bull_trend,32.75,37.387500,0.875961,normal_range
2013-09-18,NQ,3225.25,3147.726795,3098.321761,bull_trend,46.50,37.762500,1.231380,large_range
2013-09-19,NQ,3230.75,3155.633767,3103.515025,bull_trend,13.25,35.850000,0.369596,small_range
2013-09-20,NQ,3219.00,3161.668647,3108.043847,bull_trend,24.25,35.537500,0.682378,small_range
2013-09-23,NQ,3210.25,3166.295442,3112.051932,bull_trend,39.00,35.987500,1.083710,normal_range
2013-09-24,NQ,3214.25,3170.862543,3116.059699,bull_trend,28.00,33.775000,0.829016,normal_range
2013-09-25,NQ,3201.75,3173.804205,3119.420103,bull_trend,24.75,33.575000,0.737156,small_range
2013-09-26,NQ,3228.75,3179.037138,3123.707550,bull_trend,33.00,33.000000,1.000000,normal_range
2013-09-27,NQ,3223.00,3183.224077,3127.601372,bull_trend,30.50,32.450000,0.939908,normal_range
2013-09-30,NQ,3219.50,3186.678927,3131.205239,bull_trend,45.00,33.000000,1.363636,large_range
2013-10-01,NQ,3249.25,3192.638077,3135.834446,bull_trend,38.25,33.062500,1.156900,normal_range
2013-10-02,NQ,3239.75,3197.124927,3139.909566,bull_trend,30.00,32.150000,0.933126,normal_range
2013-10-03,NQ,3200.75,3197.470172,3142.295465,bull_trend,58.75,34.400000,1.707849,large_range
2013-10-04,NQ,3234.75,3201.020632,3145.921133,bull_trend,40.00,33.712500,1.186504,normal_range
2013-10-07,NQ,3207.00,3201.590095,3148.316383,bull_trend,31.00,33.125000,0.935849,normal_range
2013-10-08,NQ,3145.00,3196.200562,3148.186328,range,70.25,35.537500,1.976785,large_range
2013-10-09,NQ,3133.50,3190.229080,3147.610394,range,53.25,36.762500,1.448487,large_range
2013-10-10,NQ,3192.50,3190.445358,3149.370771,bull_trend,76.75,39.775000,1.929604,large_range
2013-10-11,NQ,3228.75,3194.093419,3152.483682,bull_trend,54.25,41.450000,1.308806,large_range
2013-10-14,NQ,3252.75,3199.679760,3156.415694,bull_trend,59.50,41.575000,1.431149,large_range
2013-10-15,NQ,3243.50,3203.853117,3159.830765,bull_trend,29.50,41.412500,0.712345,small_range
2013-10-16,NQ,3262.75,3209.462344,3163.866813,bull_trend,41.75,41.175000,1.013965,normal_range
2013-10-17,NQ,3306.50,3218.704025,3169.460272,bull_trend,51.50,43.087500,1.195242,normal_range
2013-10-18,NQ,3345.75,3230.803642,3176.373594,bull_trend,41.25,43.950000,0.938567,normal_range
2013-10-21,NQ,3353.75,3242.512819,3183.329532,bull_trend,19.75,42.987500,0.459436,small_range
2013-10-22,NQ,3358.00,3253.511598,3190.179354,bull_trend,39.25,43.550000,0.901263,normal_range
2013-10-23,NQ,3342.75,3262.010493,3196.162517,bull_trend,35.00,44.100000,0.793651,small_range
2013-10-24,NQ,3377.25,3272.985685,3203.263987,bull_trend,44.25,44.637500,0.991319,normal_range
2013-10-25,NQ,3376.00,3282.796572,3210.037948,bull_trend,31.50,44.687500,0.704895,small_range
2013-10-28,NQ,3370.50,3291.149279,3216.330577,bull_trend,30.25,43.950000,0.688282,small_range
2013-10-29,NQ,3388.00,3300.373157,3223.062712,bull_trend,23.75,43.225000,0.549451,small_range
2013-10-30,NQ,3389.00,3308.813809,3229.570056,bull_trend,37.50,43.600000,0.860092,normal_range
2013-10-31,NQ,3378.00,3315.402970,3235.390838,bull_trend,33.25,42.325000,0.785588,small_range
2013-11-01,NQ,3367.50,3320.364592,3240.571590,bull_trend,31.00,41.875000,0.740299,small_range
2013-11-04,NQ,3378.50,3325.901297,3245.980547,bull_trend,20.50,41.250000,0.496970,small_range
2013-11-05,NQ,3380.75,3331.124983,3251.265624,bull_trend,34.75,39.475000,0.880304,normal_range
2013-11-06,NQ,3375.75,3335.374985,3256.147364,bull_trend,27.75,38.200000,0.726440,small_range
2013-11-07,NQ,3322.50,3334.148796,3258.749428,range,72.75,38.000000,1.914474,large_range
2013-11-08,NQ,3360.00,3336.610815,3262.720039,bull_trend,53.00,37.937500,1.397035,large_range
2013-11-11,NQ,3354.50,3338.314547,3266.319253,bull_trend,20.00,35.962500,0.556135,small_range
2013-11-12,NQ,3364.25,3340.784590,3270.159674,bull_trend,23.00,35.637500,0.645388,small_range
2013-11-13,NQ,3400.25,3346.447963,3275.261256,bull_trend,68.50,36.975000,1.852603,large_range
2013-11-14,NQ,3411.50,3352.643395,3280.603952,bull_trend,29.00,35.850000,0.808926,normal_range
2013-11-15,NQ,3417.25,3358.796405,3285.962620,bull_trend,16.00,34.575000,0.462762,small_range
2013-11-18,NQ,3386.50,3361.434842,3289.905263,bull_trend,45.50,35.862500,1.268735,large_range
2013-11-19,NQ,3376.25,3362.845810,3293.291331,bull_trend,29.75,35.387500,0.840692,normal_range
2013-11-20,NQ,3368.00,3363.336685,3296.221082,bull_trend,40.00,35.600000,1.123596,normal_range
2013-11-21,NQ,3403.00,3367.114144,3300.408491,bull_trend,45.75,35.675000,1.282411,large_range
2013-11-22,NQ,3421.25,3372.269940,3305.147374,bull_trend,22.50,35.225000,0.638751,small_range
2013-11-25,NQ,3428.75,3377.648993,3309.994535,bull_trend,17.00,34.562500,0.491863,small_range
2013-11-26,NQ,3448.00,3384.349089,3315.406514,bull_trend,33.25,35.037500,0.948983,normal_range
2013-11-27,NQ,3470.25,3392.530128,3321.478808,bull_trend,26.50,34.487500,0.768394,small_range
2013-11-28,NQ,3482.75,3401.122497,3327.803168,bull_trend,15.75,33.612500,0.468576,small_range
2013-11-29,NQ,3491.50,3409.729878,3334.222652,bull_trend,16.00,32.862500,0.486877,small_range
2013-12-02,NQ,3483.75,3416.779413,3340.086470,bull_trend,24.50,33.062500,0.741021,small_range
2013-12-03,NQ,3477.00,3422.514707,3345.455628,bull_trend,22.50,32.450000,0.693374,small_range
2013-12-04,NQ,3483.75,3428.346640,3350.878936,bull_trend,40.75,33.100000,1.231118,large_range
2013-12-05,NQ,3477.25,3433.004103,3355.834664,bull_trend,23.25,30.625000,0.759184,small_range
2013-12-06,NQ,3505.50,3439.908474,3361.703893,bull_trend,34.00,29.675000,1.145746,normal_range
2013-12-09,NQ,3519.25,3447.464810,3367.882172,bull_trend,19.75,29.662500,0.665824,small_range
2013-12-10,NQ,3516.75,3454.063399,3373.720126,bull_trend,16.50,29.337500,0.562420,small_range
2013-12-11,NQ,3471.00,3455.676409,3377.535023,bull_trend,57.75,28.800000,2.005208,large_range
2013-12-12,NQ,3456.00,3455.707227,3380.612081,bull_trend,24.00,28.550000,0.840630,normal_range
2013-12-13,NQ,3458.75,3455.997015,3383.676313,bull_trend,28.50,29.175000,0.976864,normal_range
2013-12-16,NQ,3468.00,3457.140156,3386.983124,bull_trend,61.75,29.987500,2.059191,large_range
2013-12-17,NQ,3459.50,3457.364903,3389.826923,bull_trend,22.75,29.637500,0.767609,small_range
2013-12-18,NQ,3507.25,3462.115865,3394.431750,bull_trend,94.50,32.362500,2.920046,large_range
2013-12-19,NQ,3492.75,3465.033402,3398.287368,bull_trend,34.75,31.812500,1.092338,normal_range
2013-12-20,NQ,3533.25,3471.530221,3403.580020,bull_trend,44.00,32.912500,1.336878,large_range
2013-12-23,NQ,3566.25,3480.551152,3409.959235,bull_trend,26.50,33.775000,0.784604,small_range
2013-12-24,NQ,3571.00,3489.165328,3416.274559,bull_trend,11.75,32.700000,0.359327,small_range
2013-12-26,NQ,3583.00,3498.101963,3422.812811,bull_trend,15.00,32.125000,0.466926,small_range
2013-12-27,NQ,3570.25,3504.973205,3428.594662,bull_trend,20.50,32.362500,0.633449,small_range
2013-12-30,NQ,3567.50,3510.928138,3434.041930,bull_trend,17.50,32.437500,0.539499,small_range
2013-12-31,NQ,3592.50,3518.696887,3440.255972,bull_trend,29.75,32.700000,0.909786,normal_range
2014-01-02,NQ,3560.25,3522.654326,3444.961620,bull_trend,30.00,33.750000,0.888889,normal_range
2014-01-03,NQ,3528.75,3523.234866,3448.247439,bull_trend,38.00,33.612500,1.130532,normal_range
2014-01-06,NQ,3515.25,3522.474403,3450.874990,range,34.50,34.175000,1.009510,normal_range
2014-01-07,NQ,3549.75,3525.072079,3454.752442,bull_trend,41.25,34.575000,1.193059,normal_range
2014-01-08,NQ,3563.50,3528.731881,3459.017052,bull_trend,25.50,34.862500,0.731445,small_range
2014-01-09,NQ,3549.25,3530.685987,3462.555599,bull_trend,41.50,36.112500,1.149187,normal_range
2014-01-10,NQ,3562.75,3533.739703,3466.484791,bull_trend,42.50,35.350000,1.202263,large_range
2014-01-13,NQ,3509.50,3531.431160,3468.171662,range,74.00,37.850000,1.955086,large_range
2014-01-14,NQ,3573.50,3535.437716,3472.302185,bull_trend,73.25,40.087500,1.827253,large_range
2014-01-15,NQ,3599.00,3541.491267,3477.270727,bull_trend,39.50,38.975000,1.013470,normal_range
2014-01-16,NQ,3596.50,3546.730194,3481.946385,bull_trend,14.25,38.550000,0.369650,small_range
2014-01-17,NQ,3584.75,3550.351128,3485.977899,bull_trend,34.75,35.562500,0.977153,normal_range
2014-01-20,NQ,3588.50,3553.984354,3489.998374,bull_trend,11.50,34.400000,0.334302,small_range
2014-01-21,NQ,3607.75,3559.104891,3494.616084,bull_trend,32.50,33.800000,0.961538,normal_range
2014-01-22,NQ,3626.25,3565.499664,3499.778199,bull_trend,24.50,33.312500,0.735460,small_range
2014-01-23,NQ,3615.00,3570.213981,3504.296701,bull_trend,53.75,35.412500,1.517826,large_range
2014-01-24,NQ,3528.25,3566.217412,3505.236046,range,93.50,39.337500,2.376867,large_range
2014-01-27,NQ,3478.50,3557.863373,3504.187573,range,72.25,41.925000,1.723315,large_range
2014-01-28,NQ,3502.75,3552.614480,3504.131198,range,40.50,43.075000,0.940221,normal_range
2014-01-29,NQ,3476.00,3545.317863,3503.028014,range,74.75,45.325000,1.649200,large_range
2014-01-30,NQ,3510.50,3542.001876,3503.321033,range,66.25,46.462500,1.425881,large_range
2014-01-31,NQ,3514.75,3539.406459,3503.769228,range,53.50,47.237500,1.132575,normal_range
2014-02-03,NQ,3437.75,3529.724892,3501.180238,range,104.50,50.737500,2.059621,large_range
2014-02-04,NQ,3453.00,3522.417759,3499.290817,range,42.25,50.750000,0.832512,normal_range
2014-02-05,NQ,3449.00,3515.425592,3497.318628,range,51.25,52.037500,0.984867,normal_range
2014-02-06,NQ,3491.25,3513.123154,3497.080643,range,51.50,52.537500,0.980252,normal_range
2014-02-07,NQ,3561.00,3517.682854,3499.587284,bull_trend,82.25,54.525000,1.508482,large_range
2014-02-10,NQ,3579.50,3523.570201,3502.721116,bull_trend,29.50,52.300000,0.564054,small_range
2014-02-11,NQ,3613.25,3532.111134,3507.055582,bull_trend,47.50,51.012500,0.931144,normal_range
2014-02-12,NQ,3622.00,3540.671979,3511.563207,bull_trend,23.25,50.200000,0.463147,small_range
2014-02-13,NQ,3653.00,3551.369885,3517.109747,bull_trend,59.25,52.450000,1.129647,normal_range
2014-02-14,NQ,3661.25,3561.834658,3522.762306,bull_trend,30.00,52.212500,0.574575,small_range
2014-02-17,NQ,3667.00,3571.850405,3528.418687,bull_trend,16.00,52.437500,0.305125,small_range
2014-02-18,NQ,3676.50,3581.817033,3534.225797,bull_trend,30.75,52.350000,0.587393,small_range
2014-02-19,NQ,3656.50,3588.929697,3539.020864,bull_trend,34.25,52.837500,0.648214,small_range
2014-02-20,NQ,3669.50,3596.603059,3544.137693,bull_trend,38.75,52.087500,0.743940,small_range
2014-02-21,NQ,3665.00,3603.117053,3548.877391,bull_trend,26.00,48.712500,0.533744,small_range
2014-02-24,NQ,3687.75,3611.177334,3554.323376,bull_trend,46.50,47.425000,0.980496,normal_range
2014-02-25,NQ,3690.00,3618.684255,3559.644027,bull_trend,28.75,46.837500,0.613824,small_range
2014-02-26,NQ,3678.25,3624.357183,3564.295242,bull_trend,39.75,45.087500,0.881619,normal_range
2014-02-27,NQ,3704.50,3631.989832,3569.793468,bull_trend,43.75,43.962500,0.995166,normal_range
2014-02-28,NQ,3697.75,3638.252705,3574.811371,bull_trend,57.50,44.162500,1.302010,large_range
2014-03-03,NQ,3670.75,3641.347686,3578.573670,bull_trend,42.75,41.975000,1.018463,normal_range
2014-03-04,NQ,3717.25,3648.576477,3584.011958,bull_trend,53.50,42.537500,1.257714,large_range
2014-03-05,NQ,3730.00,3656.331099,3589.736979,bull_trend,20.00,40.975000,0.488103,small_range
2014-03-06,NQ,3723.75,3662.751946,3594.992392,bull_trend,28.00,39.800000,0.703518,small_range
2014-03-07,NQ,3704.00,3666.680332,3599.267200,bull_trend,54.75,38.425000,1.424854,large_range
2014-03-10,NQ,3709.75,3670.782206,3603.599859,bull_trend,28.00,38.350000,0.730117,small_range
2014-03-11,NQ,3686.75,3672.302948,3606.860648,bull_trend,45.00,38.225000,1.177240,normal_range
2014-03-12,NQ,3709.25,3675.821715,3610.875917,bull_trend,48.50,39.487500,1.228237,large_range
2014-03-13,NQ,3654.75,3673.814885,3612.596469,range,86.00,40.825000,2.106552,large_range
2014-03-14,NQ,3620.50,3668.737277,3612.906412,range,41.75,41.412500,1.008150,normal_range
2014-03-17,NQ,3653.75,3667.309917,3614.508121,range,71.00,44.162500,1.607699,large_range
2014-03-18,NQ,3696.25,3670.066115,3617.713685,bull_trend,62.25,45.737500,1.361028,large_range
2014-03-19,NQ,3670.00,3670.059819,3619.764129,range,52.75,46.662500,1.130458,normal_range
2014-03-20,NQ,3691.25,3672.077931,3622.567496,bull_trend,40.75,46.762500,0.871425,normal_range
2014-03-21,NQ,3642.25,3669.237176,3623.339359,range,79.00,49.412500,1.598786,large_range
2014-03-24,NQ,3613.00,3663.881254,3622.933894,range,81.50,51.162500,1.592964,large_range
2014-03-25,NQ,3624.25,3660.106849,3622.985506,range,61.00,52.775000,1.155850,normal_range
2014-03-26,NQ,3575.50,3652.049054,3621.123329,range,76.75,54.625000,1.405034,large_range
2014-03-27,NQ,3557.75,3643.068192,3618.638101,range,50.00,54.937500,0.910125,normal_range
2014-03-28,NQ,3564.00,3635.537888,3616.495430,range,49.75,54.550000,0.912007,normal_range
2014-03-31,NQ,3583.00,3630.534279,3615.181884,range,38.75,53.875000,0.719258,small_range
2014-04-01,NQ,3652.00,3632.578634,3616.625732,bull_trend,74.25,54.912500,1.352151,large_range
2014-04-02,NQ,3660.00,3635.190192,3618.326683,bull_trend,26.00,55.212500,0.470908,small_range
2014-04-03,NQ,3635.00,3635.172079,3618.980539,range,60.00,56.812500,1.056106,normal_range
2014-04-04,NQ,3540.75,3626.179500,3615.912675,range,135.00,60.825000,2.219482,large_range
2014-04-07,NQ,3500.25,3614.186214,3611.376883,range,68.25,62.837500,1.086135,normal_range
2014-04-08,NQ,3528.50,3606.025622,3608.126810,bear_trend,45.50,62.862500,0.723802,small_range
2014-04-09,NQ,3593.50,3604.832706,3607.553209,bear_trend,68.00,63.837500,1.065205,normal_range
2014-04-10,NQ,3485.25,3593.443877,3602.757005,bear_trend,129.25,66.000000,1.958333,large_range
2014-04-11,NQ,3443.00,3579.115889,3596.492024,bear_trend,62.25,67.025000,0.928758,normal_range
2014-04-14,NQ,3471.00,3568.819137,3591.570768,bear_trend,59.75,66.462500,0.899003,normal_range
2014-04-15,NQ,3499.25,3562.193505,3587.950346,bear_trend,96.25,68.162500,1.412067,large_range
2014-04-16,NQ,3501.25,3556.389362,3584.550333,bear_trend,45.00,67.775000,0.663962,small_range
2014-04-17,NQ,3526.25,3553.518946,3582.264045,bear_trend,50.00,68.237500,0.732735,small_range
2014-04-21,NQ,3552.75,3553.445713,3581.106631,bear_trend,37.50,66.162500,0.566786,small_range
2014-04-22,NQ,3585.00,3556.450884,3581.259313,range,42.75,64.225000,0.665629,small_range
2014-04-23,NQ,3589.00,3559.550799,3581.562869,range,46.00,63.475000,0.724695,small_range
2014-04-24,NQ,3592.75,3562.712628,3582.001580,range,74.25,63.350000,1.172060,normal_range
2014-04-25,NQ,3529.75,3559.573330,3579.952498,bear_trend,73.25,64.662500,1.132805,normal_range
2014-04-28,NQ,3541.50,3557.852061,3578.444557,bear_trend,82.00,66.275000,1.237269,large_range
2014-04-29,NQ,3556.75,3557.747102,3577.593790,bear_trend,41.25,65.975000,0.625237,small_range
2014-04-30,NQ,3577.50,3559.628331,3577.590112,range,39.00,64.212500,0.607358,small_range
2014-05-01,NQ,3589.50,3562.473252,3578.057167,range,35.00,64.662500,0.541272,small_range
2014-05-02,NQ,3579.00,3564.047228,3578.094141,range,35.00,63.412500,0.551942,small_range
2014-05-05,NQ,3594.75,3566.971301,3578.747312,range,50.00,59.162500,0.845130,normal_range
2014-05-06,NQ,3551.25,3565.474034,3577.668986,bear_trend,57.00,58.600000,0.972696,normal_range
2014-05-07,NQ,3541.25,3563.166984,3576.240790,bear_trend,69.00,59.775000,1.154329,normal_range
2014-05-08,NQ,3533.25,3560.317747,3574.554877,bear_trend,61.25,59.437500,1.030494,normal_range
2014-05-09,NQ,3550.25,3559.358914,3573.601744,bear_trend,41.75,55.062500,0.758229,small_range
2014-05-12,NQ,3611.00,3564.277113,3575.068343,range,62.75,55.087500,1.139097,normal_range
2014-05-13,NQ,3610.00,3568.631673,3576.438211,range,20.75,53.137500,0.390496,small_range
2014-05-14,NQ,3598.00,3571.428657,3577.283772,range,31.75,49.912500,0.636113,small_range
2014-05-15,NQ,3562.75,3570.602118,3576.713820,bear_trend,66.50,50.987500,1.304241,large_range
2014-05-16,NQ,3583.25,3571.806678,3576.970141,range,46.50,50.812500,0.915129,normal_range
2014-05-19,NQ,3610.75,3575.515566,3578.294841,range,52.00,51.537500,1.008974,normal_range
2014-05-20,NQ,3599.50,3577.799798,3579.126416,range,39.25,51.362500,0.764176,small_range
2014-05-21,NQ,3632.50,3583.009341,3581.219498,bull_trend,42.50,51.187500,0.830281,normal_range
2014-05-22,NQ,3649.25,3589.317975,3583.887361,bull_trend,28.50,48.900000,0.582822,small_range
2014-05-23,NQ,3676.50,3597.621025,3587.519229,bull_trend,31.75,46.675000,0.680236,small_range
2014-05-26,NQ,3690.25,3606.442832,3591.547886,bull_trend,15.00,43.375000,0.345821,small_range
2014-05-27,NQ,3722.75,3617.519705,3596.693067,bull_trend,37.50,43.187500,0.868307,normal_range
2014-05-28,NQ,3716.50,3626.946400,3601.391378,bull_trend,22.75,42.375000,0.536873,small_range
2014-05-29,NQ,3736.25,3637.356267,3606.679952,bull_trend,24.00,41.825000,0.573819,small_range
2014-05-30,NQ,3729.00,3646.084241,3611.476816,bull_trend,25.25,41.337500,0.610826,small_range
2014-06-02,NQ,3728.75,3653.957171,3616.075765,bull_trend,34.25,40.550000,0.844636,normal_range
2014-06-03,NQ,3732.75,3661.461250,3620.651225,bull_trend,21.75,38.787500,0.560748,small_range
2014-06-04,NQ,3744.25,3669.345893,3625.498236,bull_trend,35.25,37.100000,0.950135,normal_range
2014-06-05,NQ,3776.50,3679.551046,3631.419874,bull_trend,48.00,36.437500,1.317324,large_range
2014-06-06,NQ,3798.75,3690.903327,3637.981839,bull_trend,23.25,35.512500,0.654699,small_range
2014-06-09,NQ,3792.75,3700.603010,3644.051179,bull_trend,20.00,33.375000,0.599251,small_range
2014-06-10,NQ,3802.50,3710.307485,3650.264858,bull_trend,18.00,33.237500,0.541557,small_range
2014-06-11,NQ,3799.50,3718.802011,3656.117217,bull_trend,25.25,32.912500,0.767186,small_range
2014-06-12,NQ,3774.00,3724.058962,3660.740071,bull_trend,55.00,32.337500,1.700812,large_range
2014-06-13,NQ,3777.25,3729.124775,3665.309088,bull_trend,25.75,31.300000,0.822684,normal_range
2014-06-16,NQ,3773.00,3733.303368,3669.532261,bull_trend,33.25,30.362500,1.095101,normal_range
2014-06-17,NQ,3774.25,3737.203047,3673.638839,bull_trend,23.00,29.550000,0.778342,small_range
2014-06-18,NQ,3795.25,3742.731328,3678.407904,bull_trend,45.25,29.687500,1.524211,large_range
2014-06-19,NQ,3787.50,3746.995011,3682.686025,bull_trend,29.00,29.712500,0.976020,normal_range
2014-06-20,NQ,3795.25,3751.590725,3687.100299,bull_trend,14.75,28.862500,0.511044,small_range
2014-06-23,NQ,3794.00,3755.629703,3691.292444,bull_trend,22.00,29.162500,0.754393,small_range
2014-06-24,NQ,3792.75,3759.164970,3695.271172,bull_trend,46.75,29.625000,1.578059,large_range
2014-06-25,NQ,3814.25,3764.411163,3699.937008,bull_trend,40.50,30.512500,1.327325,large_range
2014-06-26,NQ,3818.75,3769.586290,3704.596341,bull_trend,33.00,30.962500,1.065805,normal_range
2014-06-27,NQ,3832.50,3775.578072,3709.612171,bull_trend,29.75,31.187500,0.953908,normal_range
2014-06-30,NQ,3847.00,3782.380161,3714.999929,bull_trend,23.50,30.650000,0.766721,small_range
2014-07-01,NQ,3886.00,3792.248717,3721.705814,bull_trend,49.75,32.050000,1.552262,large_range
2014-07-02,NQ,3891.25,3801.677410,3728.354606,bull_trend,13.50,30.962500,0.436011,small_range
2014-07-03,NQ,3917.25,3812.684324,3735.762268,bull_trend,29.75,30.050000,0.990017,normal_range
2014-07-04,NQ,3913.75,3822.309626,3742.742179,bull_trend,5.25,29.175000,0.179949,small_range
2014-07-07,NQ,3904.25,3830.113471,3749.075819,bull_trend,19.75,29.162500,0.677240,small_range
2014-07-08,NQ,3862.00,3833.150284,3753.504219,bull_trend,65.50,31.537500,2.076893,large_range
2014-07-09,NQ,3887.50,3838.326447,3758.758955,bull_trend,34.25,31.987500,1.070731,normal_range
2014-07-10,NQ,3873.00,3841.628690,3763.238996,bull_trend,58.00,32.137500,1.804745,large_range
2014-07-11,NQ,3898.50,3847.045005,3768.543349,bull_trend,27.25,32.212500,0.845945,normal_range
2014-07-14,NQ,3921.25,3854.112148,3774.531845,bull_trend,33.00,32.200000,1.024845,normal_range
2014-07-15,NQ,3917.75,3860.172896,3780.148243,bull_trend,53.50,33.725000,1.586360,large_range
2014-07-16,NQ,3920.25,3865.894525,3785.642430,bull_trend,28.00,32.862500,0.852035,normal_range
2014-07-17,NQ,3867.75,3866.071236,3788.862335,bull_trend,68.25,34.825000,1.959799,large_range
2014-07-18,NQ,3931.50,3872.302547,3794.455969,bull_trend,81.75,38.175000,2.141454,large_range
2014-07-21,NQ,3924.25,3877.249924,3799.545931,bull_trend,24.50,38.300000,0.639687,small_range
2014-07-22,NQ,3943.50,3883.559455,3805.191188,bull_trend,35.75,37.750000,0.947020,normal_range
2014-07-23,NQ,3977.75,3892.529983,3811.958201,bull_trend,39.00,37.712500,1.034140,normal_range
2014-07-24,NQ,3966.50,3899.574746,3818.018663,bull_trend,27.75,37.450000,0.740988,small_range
2014-07-25,NQ,3955.00,3904.853342,3823.390480,bull_trend,28.00,37.412500,0.748413,small_range
2014-07-28,NQ,3959.25,3910.033976,3828.718305,bull_trend,41.25,38.300000,1.077023,normal_range
2014-07-29,NQ,3958.25,3914.625978,3833.797979,bull_trend,29.00,37.262500,0.778262,small_range
2014-07-30,NQ,3969.50,3919.852076,3839.119627,bull_trend,29.75,38.075000,0.781353,small_range
2014-07-31,NQ,3887.50,3916.770926,3841.016896,range,88.50,41.012500,2.157879,large_range
2014-08-01,NQ,3873.25,3912.626076,3842.280940,range,53.75,43.412500,1.238123,large_range
2014-08-04,NQ,3896.00,3911.042640,3844.387569,range,48.50,44.850000,1.081382,normal_range
2014-08-05,NQ,3873.75,3907.490960,3845.539037,range,48.50,44.000000,1.102273,normal_range
2014-08-06,NQ,3869.00,3903.825154,3846.459075,range,49.25,44.750000,1.100559,normal_range
2014-08-07,NQ,3854.25,3899.103711,3846.764602,range,51.75,44.437500,1.164557,normal_range
2014-08-08,NQ,3875.00,3896.808119,3847.871872,range,60.25,46.087500,1.307296,large_range
2014-08-11,NQ,3907.00,3897.778775,3850.190622,bull_trend,44.00,46.637500,0.943447,normal_range
2014-08-12,NQ,3907.25,3898.680796,3852.428245,bull_trend,34.00,45.662500,0.744593,small_range
2014-08-13,NQ,3947.75,3903.354054,3856.166353,bull_trend,47.25,46.625000,1.013405,normal_range
2014-08-14,NQ,3971.50,3909.844144,3860.689241,bull_trend,33.75,44.900000,0.751670,small_range
2014-08-15,NQ,3985.00,3917.001844,3865.564173,bull_trend,47.25,43.175000,1.094383,normal_range
2014-08-18,NQ,4015.50,3926.382621,3871.444009,bull_trend,28.50,43.675000,0.652547,small_range
2014-08-19,NQ,4034.25,3936.655705,3877.828558,bull_trend,24.75,43.137500,0.573747,small_range
2014-08-20,NQ,4040.00,3946.498019,3884.188222,bull_trend,17.75,42.037500,0.422242,small_range
2014-08-21,NQ,4048.75,3956.236303,3890.641625,bull_trend,16.00,41.450000,0.386007,small_range
2014-08-22,NQ,4055.75,3965.713798,3897.116463,bull_trend,24.50,41.225000,0.594300,small_range
2014-08-25,NQ,4063.50,3975.026769,3903.641308,bull_trend,21.75,40.300000,0.539702,small_range
2014-08-26,NQ,4073.25,3984.381363,3910.292629,bull_trend,14.00,39.550000,0.353982,small_range
2014-08-27,NQ,4072.75,3992.797423,3916.663507,bull_trend,13.50,38.737500,0.348500,small_range
2014-08-28,NQ,4074.00,4000.531002,3922.833565,bull_trend,19.75,35.300000,0.559490,small_range
2014-08-29,NQ,4078.50,4007.956621,3928.938131,bull_trend,24.00,33.812500,0.709797,small_range
2014-09-01,NQ,4084.00,4015.198847,3935.018989,bull_trend,9.00,31.837500,0.282686,small_range
2014-09-02,NQ,4095.00,4022.798957,3941.292754,bull_trend,18.25,30.325000,0.601814,small_range
2014-09-03,NQ,4071.50,4027.437152,3946.398920,bull_trend,51.25,30.425000,1.684470,large_range
2014-09-04,NQ,4072.50,4031.728852,3951.344061,bull_trend,44.75,30.075000,1.487947,large_range
2014-09-05,NQ,4089.75,4037.254675,3956.771745,bull_trend,39.50,29.037500,1.360310,large_range
2014-09-08,NQ,4095.50,4042.801849,3962.212068,bull_trend,29.50,28.312500,1.041943,normal_range
2014-09-09,NQ,4065.25,4044.939768,3966.252772,bull_trend,57.25,29.475000,1.942324,large_range
2014-09-10,NQ,4093.50,4049.564552,3971.242859,bull_trend,41.50,29.187500,1.421842,large_range
2014-09-11,NQ,4096.00,4053.986976,3976.135296,bull_trend,36.25,29.312500,1.236674,large_range
2014-09-12,NQ,4067.50,4055.273930,3979.718226,bull_trend,39.75,28.937500,1.373650,large_range
2014-09-15,NQ,4026.00,4052.485937,3981.533197,range,58.00,30.112500,1.926110,large_range
2014-09-16,NQ,4059.00,4053.106324,3984.571111,bull_trend,62.25,31.975000,1.946833,large_range
2014-09-17,NQ,4067.25,4054.453341,3987.813420,bull_trend,44.75,33.325000,1.342836,large_range
2014-09-18,NQ,4099.50,4058.743499,3992.193286,bull_trend,38.75,34.462500,1.124411,normal_range
2014-09-19,NQ,4087.50,4061.482213,3995.930804,bull_trend,42.75,35.375000,1.208481,large_range
2014-09-22,NQ,4049.75,4060.364860,3998.041361,range,56.25,37.050000,1.518219,large_range
2014-09-23,NQ,4028.75,4057.353921,3999.245621,range,33.25,38.012500,0.874712,normal_range
2014-09-24,NQ,4086.75,4060.153547,4002.677166,bull_trend,59.00,40.400000,1.460396,large_range
2014-09-25,NQ,4006.50,4055.043686,4002.827081,range,90.25,43.925000,2.054639,large_range
2014-09-26,NQ,4046.75,4054.253811,4004.549548,range,48.75,45.162500,1.079435,normal_range
2014-09-29,NQ,4033.75,4052.301067,4005.694664,range,53.25,47.375000,1.124011,normal_range
2014-09-30,NQ,4037.00,4050.843822,4006.922324,range,40.50,48.487500,0.835267,normal_range
2014-10-01,NQ,3984.50,4044.525363,4006.043017,range,80.50,49.950000,1.611612,large_range
2014-10-02,NQ,3975.00,4037.903900,4004.825644,range,67.25,51.075000,1.316691,large_range
2014-10-03,NQ,4016.50,4035.865433,4005.283462,range,64.25,52.312500,1.228196,large_range
2014-10-06,NQ,4003.50,4032.783011,4005.213522,range,44.25,53.050000,0.834119,normal_range
2014-10-07,NQ,3950.00,4024.898915,4003.048286,range,61.25,53.250000,1.150235,normal_range
2014-10-08,NQ,4033.50,4025.718066,4004.242471,bull_trend,111.00,56.725000,1.956809,large_range
2014-10-09,NQ,3951.25,4018.625869,4002.164335,range,100.75,59.950000,1.680567,large_range
2014-10-10,NQ,3852.25,4002.780548,3996.285341,range,116.00,63.762500,1.819251,large_range
2014-10-13,NQ,3795.50,3983.039544,3988.411406,bear_trend,91.00,65.412500,1.391171,large_range
2014-10-14,NQ,3818.00,3967.321492,3981.728606,bear_trend,59.75,65.287500,0.915183,normal_range
2014-10-15,NQ,3744.25,3946.076588,3972.415720,bear_trend,140.25,70.062500,2.001784,large_range
2014-10-16,NQ,3743.50,3926.783579,3963.438633,bear_trend,102.50,73.250000,1.399317,large_range
2014-10-17,NQ,3805.75,3915.256572,3957.254765,bear_trend,98.50,76.037500,1.295413,large_range
2014-10-20,NQ,3876.50,3911.565470,3954.087911,bear_trend,84.75,77.462500,1.094078,normal_range
2014-10-21,NQ,3975.00,3917.606854,3954.907993,range,129.75,82.287500,1.576789,large_range
2014-10-22,NQ,3948.75,3920.572868,3954.666503,range,43.50,81.400000,0.534398,small_range
2014-10-23,NQ,4004.75,3928.589737,3956.630562,range,85.25,81.150000,1.050524,normal_range
2014-10-24,NQ,4037.25,3938.938334,3959.792108,range,68.00,82.112500,0.828132,normal_range
2014-10-27,NQ,4041.00,3948.658492,3962.976732,range,40.25,81.462500,0.494092,small_range
2014-10-28,NQ,4093.50,3962.452922,3968.095291,range,62.00,82.537500,0.751174,small_range
2014-10-29,NQ,4072.00,3972.885977,3972.169986,bull_trend,41.50,80.587500,0.514968,small_range
2014-10-30,NQ,4093.50,3984.373027,3976.928025,bull_trend,59.50,80.200000,0.741895,small_range
2014-10-31,NQ,4143.75,3999.551786,3983.470064,bull_trend,73.75,80.675000,0.914162,normal_range
2014-11-03,NQ,4156.25,4014.475425,3990.245747,bull_trend,31.75,80.050000,0.396627,small_range
2014-11-04,NQ,4144.75,4026.882528,3996.304738,bull_trend,44.50,79.212500,0.561780,small_range
2014-11-05,NQ,4142.50,4037.893716,4002.037885,bull_trend,42.50,75.787500,0.560778,small_range
2014-11-06,NQ,4165.75,4050.070505,4008.457968,bull_trend,36.75,72.587500,0.506286,small_range
2014-11-07,NQ,4151.75,4059.754266,4014.077264,bull_trend,43.75,68.975000,0.634288,small_range
2014-11-10,NQ,4171.50,4070.396717,4020.250704,bull_trend,34.50,66.150000,0.521542,small_range
2014-11-11,NQ,4184.50,4081.263696,4026.691853,bull_trend,24.25,64.375000,0.376699,small_range
2014-11-12,NQ,4194.25,4092.024297,4033.262761,bull_trend,32.25,58.975000,0.546842,small_range
2014-11-13,NQ,4204.25,4102.712459,4039.968143,bull_trend,35.50,55.625000,0.638202,small_range
2014-11-14,NQ,4224.25,4114.287463,4047.194882,bull_trend,28.75,52.137500,0.551427,small_range
2014-11-17,NQ,4212.75,4123.664847,4053.687240,bull_trend,33.00,49.550000,0.665994,small_range
2014-11-18,NQ,4239.00,4134.649148,4060.954407,bull_trend,45.75,45.350000,1.008820,normal_range
2014-11-19,NQ,4225.25,4143.277800,4067.397371,bull_trend,38.25,45.087500,0.848350,normal_range
2014-11-20,NQ,4246.00,4153.060867,4074.401396,bull_trend,46.50,43.150000,1.077636,normal_range
2014-11-21,NQ,4249.50,4162.245546,4081.268008,bull_trend,47.00,42.100000,1.116390,normal_range
2014-11-24,NQ,4282.75,4173.722161,4089.169262,bull_trend,38.75,42.025000,0.922070,normal_range
2014-11-25,NQ,4294.00,4185.177193,4097.201840,bull_trend,26.50,40.250000,0.658385,small_range
2014-11-26,NQ,4323.25,4198.326984,4106.066474,bull_trend,33.25,39.837500,0.834641,normal_range
2014-11-27,NQ,4331.50,4211.010129,4114.907005,bull_trend,19.50,37.837500,0.515362,small_range
2014-11-28,NQ,4337.75,4223.080593,4123.645946,bull_trend,29.25,35.612500,0.821341,normal_range
2014-12-01,NQ,4286.50,4229.120536,4130.032379,bull_trend,62.00,37.237500,1.664988,large_range
2014-12-02,NQ,4308.75,4236.704295,4137.040913,bull_trend,29.75,36.500000,0.815068,normal_range
2014-12-03,NQ,4312.25,4243.899124,4143.911858,bull_trend,32.50,36.000000,0.902778,normal_range
2014-12-04,NQ,4314.00,4250.575398,4150.581981,bull_trend,35.25,35.925000,0.981211,normal_range
2014-12-05,NQ,4314.75,4256.687264,4157.019943,bull_trend,24.00,34.937500,0.686941,small_range
2014-12-08,NQ,4282.75,4259.169430,4161.950533,bull_trend,61.25,36.275000,1.688491,large_range
2014-12-09,NQ,4292.75,4262.367579,4167.079924,bull_trend,81.75,39.150000,2.088123,large_range
2014-12-10,NQ,4226.00,4258.904000,4169.390515,range,79.25,41.500000,1.909639,large_range
2014-12-11,NQ,4228.50,4256.008381,4171.708534,range,77.75,43.612500,1.782746,large_range
2014-12-12,NQ,4191.50,4249.864726,4172.484670,range,66.75,45.512500,1.466630,large_range
2014-12-15,NQ,4156.00,4240.925228,4171.838212,range,93.00,48.512500,1.917032,large_range
2014-12-16,NQ,4088.00,4226.360921,4168.550439,range,109.00,51.675000,2.109337,large_range
2014-12-17,NQ,4160.00,4220.040833,4168.215128,range,91.50,54.337500,1.683920,large_range
2014-12-18,NQ,4270.75,4224.870278,4172.236103,bull_trend,121.50,58.087500,2.091672,large_range
2014-12-19,NQ,4282.50,4230.358823,4176.560178,bull_trend,49.00,58.187500,0.842105,normal_range
2014-12-22,NQ,4292.50,4236.277030,4181.106837,bull_trend,25.25,57.512500,0.439035,small_range
2014-12-23,NQ,4279.50,4240.393503,4184.965393,bull_trend,37.25,58.050000,0.641688,small_range
2014-12-24,NQ,4281.50,4244.308408,4188.751064,bull_trend,22.00,57.487500,0.382692,small_range
2014-12-26,NQ,4312.50,4250.802845,4193.603963,bull_trend,40.00,58.537500,0.683323,small_range
2014-12-29,NQ,4317.25,4257.131146,4198.452827,bull_trend,22.50,58.200000,0.386598,small_range
2014-12-30,NQ,4283.00,4259.594846,4201.768403,bull_trend,44.25,57.200000,0.773601,small_range
2014-12-31,NQ,4233.75,4257.133432,4203.022583,range,77.00,59.562500,1.292760,large_range
2015-01-02,NQ,4217.00,4253.311200,4203.570717,range,71.75,61.525000,1.166193,normal_range
2015-01-05,NQ,4166.25,4245.019658,4202.107160,range,75.75,63.550000,1.191975,normal_range
2015-01-06,NQ,4100.00,4231.208262,4198.102957,range,90.50,66.875000,1.353271,large_range
2015-01-07,NQ,4153.00,4223.759856,4196.334214,range,60.50,66.975000,0.903322,normal_range
2015-01-08,NQ,4230.50,4224.401774,4197.674049,bull_trend,90.50,67.412500,1.342481,large_range
2015-01-09,NQ,4201.50,4222.220653,4197.824086,range,71.50,67.025000,1.066766,normal_range
2015-01-12,NQ,4169.25,4217.175829,4196.703533,range,76.50,66.962500,1.142430,normal_range
2015-01-13,NQ,4165.00,4212.206702,4195.460258,range,121.00,69.675000,1.736634,large_range
2015-01-14,NQ,4149.75,4206.258445,4193.667698,range,68.75,68.462500,1.004199,normal_range
2015-01-15,NQ,4079.25,4194.162403,4189.180730,range,112.25,68.625000,1.635701,large_range
2015-01-16,NQ,4136.50,4188.670745,4187.114819,range,96.00,68.850000,1.394336,large_range
2015-01-19,NQ,4127.25,4182.821150,4184.767179,bear_trend,42.00,64.875000,0.647399,small_range
2015-01-20,NQ,4165.75,4181.195327,4184.021407,bear_trend,66.25,65.737500,1.007796,normal_range
2015-01-21,NQ,4184.50,4181.510057,4184.040176,range,68.25,67.887500,1.005340,normal_range
2015-01-22,NQ,4269.00,4189.842433,4187.371933,bull_trend,104.50,71.250000,1.466667,large_range
2015-01-23,NQ,4265.75,4197.071725,4190.445583,bull_trend,36.00,71.950000,0.500347,small_range
2015-01-26,NQ,4268.75,4203.898227,4193.516345,bull_trend,46.75,72.262500,0.646947,small_range
2015-01-27,NQ,4210.00,4204.479349,4194.162762,bull_trend,128.25,77.550000,1.653772,large_range
2015-01-28,NQ,4125.50,4196.957506,4191.470105,range,115.00,81.087500,1.418221,large_range
2015-01-29,NQ,4195.75,4196.842505,4191.637944,range,101.75,82.325000,1.235955,large_range
2015-01-30,NQ,4140.75,4191.500362,4189.642338,range,72.00,82.337500,0.874450,normal_range
2015-02-02,NQ,4182.00,4190.595566,4189.342639,range,102.50,83.675000,1.224978,large_range
2015-02-03,NQ,4212.50,4192.681702,4190.250771,bull_trend,57.00,82.000000,0.695122,small_range
2015-02-04,NQ,4192.75,4192.688207,4190.348780,bull_trend,55.50,81.612500,0.680043,small_range
2015-02-05,NQ,4253.00,4198.432187,4192.805690,bull_trend,73.25,80.750000,0.907121,normal_range
2015-02-06,NQ,4231.50,4201.581503,4194.323114,bull_trend,58.50,80.100000,0.730337,small_range
2015-02-09,NQ,4217.00,4203.049931,4195.212404,bull_trend,30.50,77.800000,0.392031,small_range
2015-02-10,NQ,4278.25,4210.211842,4198.468780,bull_trend,73.00,75.400000,0.968170,normal_range
2015-02-11,NQ,4312.00,4219.905952,4202.920985,bull_trend,51.00,74.512500,0.684449,small_range
2015-02-12,NQ,4343.25,4231.653005,4208.424083,bull_trend,60.75,71.937500,0.844483,normal_range
2015-02-13,NQ,4379.25,4245.709861,4215.123139,bull_trend,41.25,69.200000,0.596098,small_range
2015-02-16,NQ,4374.50,4257.975589,4221.373212,bull_trend,19.25,68.062500,0.282828,small_range
2015-02-17,NQ,4384.75,4270.049342,4227.780145,bull_trend,23.50,65.925000,0.356466,small_range
2015-02-18,NQ,4389.00,4281.377976,4234.102492,bull_trend,19.75,63.500000,0.311024,small_range
2015-02-19,NQ,4417.00,4294.294360,4241.274943,bull_trend,41.00,60.325000,0.679652,small_range
2015-02-20,NQ,4440.75,4308.242516,4249.097495,bull_trend,49.00,60.975000,0.803608,normal_range
2015-02-23,NQ,4446.00,4321.362276,4256.819162,bull_trend,19.50,59.612500,0.327113,small_range
2015-02-24,NQ,4450.25,4333.637297,4264.404685,bull_trend,28.75,54.637500,0.526195,small_range
2015-02-25,NQ,4438.00,4343.576602,4271.212344,bull_trend,31.75,50.475000,0.629024,small_range
2015-02-26,NQ,4462.50,4354.902640,4278.713821,bull_trend,33.75,47.075000,0.716941,small_range
2015-02-27,NQ,4446.50,4363.626198,4285.293671,bull_trend,27.75,44.862500,0.618557,small_range
2015-03-02,NQ,4478.75,4374.590370,4292.880194,bull_trend,37.00,41.587500,0.889690,normal_range
2015-03-03,NQ,4458.00,4382.534144,4299.355480,bull_trend,46.50,41.062500,1.132420,normal_range
2015-03-04,NQ,4443.25,4388.316607,4304.998402,bull_trend,39.00,40.237500,0.969245,normal_range
2015-03-05,NQ,4450.75,4394.262644,4310.714151,bull_trend,32.00,38.175000,0.838245,normal_range
2015-03-06,NQ,4407.75,4395.547154,4314.519479,bull_trend,71.25,38.812500,1.835749,large_range
2015-03-09,NQ,4413.75,4397.280759,4318.410872,bull_trend,33.00,38.937500,0.847512,normal_range
2015-03-10,NQ,4334.25,4391.277829,4319.032014,range,87.25,39.650000,2.200504,large_range
2015-03-11,NQ,4312.00,4383.727560,4318.756249,range,43.25,39.262500,1.101560,normal_range
2015-03-12,NQ,4333.50,4378.943983,4319.334435,range,40.75,38.262500,1.065011,normal_range
2015-03-13,NQ,4313.25,4372.687413,4319.095830,range,59.25,39.162500,1.512927,large_range
2015-03-16,NQ,4352.50,4370.764802,4320.405797,range,73.00,41.850000,1.744325,large_range
2015-03-17,NQ,4371.00,4370.787202,4322.389884,bull_trend,36.00,42.475000,0.847557,normal_range
2015-03-18,NQ,4422.75,4375.736040,4326.325575,bull_trend,98.50,46.412500,2.122273,large_range
2015-03-19,NQ,4420.75,4380.023084,4330.028493,bull_trend,23.50,45.537500,0.516058,small_range
2015-03-20,NQ,4447.00,4386.401838,4334.615611,bull_trend,56.50,45.912500,1.230602,large_range
2015-03-23,NQ,4437.50,4391.268329,4338.650293,bull_trend,25.25,46.200000,0.546537,small_range
2015-03-24,NQ,4429.50,4394.909441,4342.213027,bull_trend,36.75,46.600000,0.788627,small_range
2015-03-25,NQ,4326.00,4388.346637,4341.577222,range,118.50,50.937500,2.326380,large_range
2015-03-26,NQ,4313.25,4381.194576,4340.466350,range,61.00,52.300000,1.166348,normal_range
2015-03-27,NQ,4323.75,4375.723664,4339.810807,range,36.25,52.725000,0.687530,small_range
2015-03-30,NQ,4370.75,4375.249982,4341.024109,range,66.00,54.175000,1.218274,large_range
2015-03-31,NQ,4323.25,4370.297603,4340.327085,range,55.00,54.600000,1.007326,normal_range
2015-04-01,NQ,4314.25,4364.959736,4339.304454,range,75.25,56.412500,1.333924,large_range
2015-04-02,NQ,4309.00,4359.630237,4338.116044,range,32.50,56.437500,0.575858,small_range
2015-04-03,NQ,4263.00,4350.427357,4335.170317,range,51.75,55.462500,0.933063,normal_range
2015-04-06,NQ,4340.25,4349.458085,4335.369520,range,90.25,58.400000,1.545377,large_range
2015-04-07,NQ,4334.00,4347.985887,4335.315813,range,42.00,56.137500,0.748163,small_range
2015-04-08,NQ,4376.50,4350.701516,4336.930880,bull_trend,49.75,56.462500,0.881116,normal_range
2015-04-09,NQ,4398.75,4355.277563,4339.355159,bull_trend,48.50,56.850000,0.853122,normal_range
2015-04-10,NQ,4414.50,4360.917795,4342.302015,bull_trend,30.25,55.400000,0.546029,small_range
2015-04-13,NQ,4403.25,4364.949433,4344.692132,bull_trend,42.00,53.850000,0.779944,small_range
2015-04-14,NQ,4396.50,4367.954249,4346.723814,bull_trend,47.75,54.437500,0.877153,normal_range
2015-04-15,NQ,4423.50,4373.244321,4349.734644,bull_trend,40.25,51.525000,0.781174,small_range
2015-04-16,NQ,4414.25,4377.149623,4352.264658,bull_trend,31.50,51.925000,0.606644,small_range
2015-04-17,NQ,4347.25,4374.302040,4352.068005,range,93.50,53.775000,1.738726,large_range
2015-04-20,NQ,4406.75,4377.392322,4354.212397,bull_trend,64.75,56.000000,1.156250,normal_range
2015-04-21,NQ,4430.50,4382.450196,4357.204068,bull_trend,40.00,56.162500,0.712219,small_range
2015-04-22,NQ,4438.00,4387.740654,4360.372536,bull_trend,61.00,53.287500,1.144734,normal_range
2015-04-23,NQ,4493.00,4397.765353,4365.573613,bull_trend,79.00,54.187500,1.457901,large_range
2015-04-24,NQ,4530.25,4410.382939,4372.031510,bull_trend,46.75,54.712500,0.854467,normal_range
2015-04-27,NQ,4523.25,4421.132183,4377.961647,bull_trend,46.25,53.725000,0.860866,normal_range
2015-04-28,NQ,4514.75,4430.048165,4383.325896,bull_trend,59.50,53.950000,1.102873,normal_range
2015-04-29,NQ,4474.25,4434.257864,4386.891547,bull_trend,57.75,53.112500,1.087315,normal_range
2015-04-30,NQ,4414.50,4432.376163,4387.974232,range,91.75,56.075000,1.636202,large_range
2015-05-01,NQ,4468.50,4435.816528,4391.132105,bull_trend,61.00,56.537500,1.078930,normal_range
2015-05-04,NQ,4474.25,4439.476859,4394.391630,bull_trend,46.50,54.275000,0.856748,normal_range
2015-05-05,NQ,4410.25,4436.693348,4395.013527,range,80.75,56.212500,1.436513,large_range
2015-05-06,NQ,4373.25,4430.651125,4394.160055,range,82.00,57.825000,1.418072,large_range
2015-05-07,NQ,4400.25,4427.755779,4394.398877,range,76.75,59.237500,1.295632,large_range
2015-05-08,NQ,4449.00,4429.779039,4396.540097,bull_trend,61.75,60.850000,1.014790,normal_range
2015-05-11,NQ,4429.50,4429.752463,4397.832643,range,37.75,60.637500,0.622552,small_range
2015-05-12,NQ,4421.50,4428.966515,4398.760774,range,63.50,61.425000,1.033781,normal_range
2015-05-13,NQ,4427.25,4428.803037,4399.877999,range,40.25,61.425000,0.655271,small_range
2015-05-14,NQ,4489.75,4434.607510,4403.402391,bull_trend,80.25,63.862500,1.256606,large_range
2015-05-15,NQ,4490.75,4439.954413,4406.827787,bull_trend,29.75,60.675000,0.490317,small_range
2015-05-18,NQ,4509.00,4446.530184,4410.834541,bull_trend,47.25,59.550000,0.793451,small_range
2015-05-19,NQ,4500.50,4451.670166,4414.350833,bull_trend,30.00,59.050000,0.508044,small_range
2015-05-20,NQ,4502.25,4456.487293,4417.797860,bull_trend,51.75,58.587500,0.883294,normal_range
2015-05-21,NQ,4529.25,4463.417075,4422.168532,bull_trend,50.00,57.137500,0.875082,normal_range
2015-05-22,NQ,4527.50,4469.520211,4426.299177,bull_trend,20.00,55.800000,0.358423,small_range
2015-05-25,NQ,4526.00,4474.899238,4430.209014,bull_trend,21.00,54.537500,0.385056,small_range
2015-05-26,NQ,4480.50,4475.432644,4432.181209,bull_trend,73.25,55.225000,1.326392,large_range
2015-05-27,NQ,4540.00,4481.581916,4436.409397,bull_trend,78.00,56.200000,1.387900,large_range
2015-05-28,NQ,4543.50,4487.478876,4440.609029,bull_trend,25.75,52.900000,0.486767,small_range
2015-05-29,NQ,4516.00,4490.195174,4443.565537,bull_trend,48.00,52.250000,0.918660,normal_range
2015-06-01,NQ,4525.25,4493.533729,4446.768850,bull_trend,52.25,52.537500,0.994528,normal_range
2015-06-02,NQ,4503.25,4494.459088,4448.983797,bull_trend,51.00,51.050000,0.999021,normal_range
2015-06-03,NQ,4527.00,4497.558222,4452.043256,bull_trend,39.50,48.925000,0.807358,normal_range
2015-06-04,NQ,4495.50,4497.362201,4453.747442,range,54.00,47.787500,1.130003,normal_range
2015-06-05,NQ,4481.50,4495.851515,4454.835777,range,57.25,47.525000,1.204629,large_range
2015-06-08,NQ,4435.75,4490.127562,4454.087315,range,61.25,48.700000,1.257700,large_range
2015-06-09,NQ,4432.00,4484.591603,4453.221146,range,51.00,48.075000,1.060842,normal_range
2015-06-10,NQ,4488.25,4484.940022,4454.594827,bull_trend,67.75,49.450000,1.370071,large_range
2015-06-11,NQ,4491.50,4485.564782,4456.042088,bull_trend,33.00,47.087500,0.700823,small_range
2015-06-12,NQ,4456.00,4482.749088,4456.040438,range,43.50,47.787500,0.910280,normal_range
2015-06-15,NQ,4427.00,4477.439651,4454.901597,range,50.75,48.900000,1.037832,normal_range
2015-06-16,NQ,4451.50,4474.969208,4454.768201,range,60.75,50.437500,1.204461,large_range
2015-06-17,NQ,4452.25,4472.805474,4454.669448,range,44.75,50.087500,0.893436,normal_range
2015-06-18,NQ,4530.25,4478.276381,4457.633391,bull_trend,95.00,52.337500,1.815142,large_range
2015-06-19,NQ,4503.50,4480.678631,4459.432082,bull_trend,41.25,53.400000,0.772472,small_range
2015-06-22,NQ,4536.50,4485.994952,4462.454353,bull_trend,40.00,54.787500,0.730094,small_range
2015-06-23,NQ,4542.25,4491.352575,4465.583594,bull_trend,26.00,52.425000,0.495947,small_range
2015-06-24,NQ,4519.75,4494.057092,4467.707767,bull_trend,40.75,50.562500,0.805933,normal_range
2015-06-25,NQ,4505.75,4495.170702,4469.199619,bull_trend,47.50,51.650000,0.919652,normal_range
2015-06-26,NQ,4481.50,4493.868731,4469.681987,range,57.25,52.112500,1.098585,normal_range
2015-06-29,NQ,4383.00,4483.309804,4466.282694,range,83.25,55.162500,1.509177,large_range
2015-06-30,NQ,4394.00,4474.804108,4463.448078,range,40.25,54.625000,0.736842,small_range
2015-07-01,NQ,4423.75,4469.941812,4461.891291,range,49.75,55.137500,0.902290,normal_range
2015-07-02,NQ,4428.00,4465.947354,4460.562221,range,33.25,54.100000,0.614603,small_range
2015-07-03,NQ,4417.75,4461.357130,4458.883310,range,24.00,52.437500,0.457688,small_range
2015-07-06,NQ,4427.00,4458.085022,4457.632984,range,93.25,54.037500,1.725653,large_range
2015-07-07,NQ,4421.25,4454.576925,4456.206200,bear_trend,113.50,57.162500,1.985567,large_range
2015-07-08,NQ,4346.50,4444.283884,4451.903996,bear_trend,86.00,58.075000,1.480844,large_range
2015-07-09,NQ,4340.75,4434.423514,4447.545016,bear_trend,76.25,60.237500,1.265823,large_range
2015-07-10,NQ,4410.00,4432.097465,4446.072663,bear_trend,80.75,62.337500,1.295368,large_range
2015-07-13,NQ,4486.75,4437.302469,4447.667852,range,119.25,64.825000,1.839568,large_range
2015-07-14,NQ,4520.50,4445.226043,4450.524015,range,45.25,64.050000,0.706479,small_range
2015-07-15,NQ,4536.00,4453.871182,4453.876014,range,30.25,63.325000,0.477694,small_range
2015-07-16,NQ,4605.75,4468.335831,4459.831857,bull_trend,77.25,62.437500,1.237237,large_range
2015-07-17,NQ,4651.25,4485.756228,4467.338451,bull_trend,46.25,62.762500,0.736905,small_range
2015-07-20,NQ,4670.75,4503.374683,4475.315374,bull_trend,39.50,62.300000,0.634029,small_range
2015-07-21,NQ,4620.75,4514.553284,4481.018693,bull_trend,68.50,64.425000,1.063252,normal_range
2015-07-22,NQ,4622.25,4524.810114,4486.557176,bull_trend,47.75,64.775000,0.737167,small_range
2015-07-23,NQ,4632.75,4535.090104,4492.290228,bull_trend,50.50,64.925000,0.777821,small_range
2015-07-24,NQ,4563.00,4537.748189,4495.063160,bull_trend,94.25,66.775000,1.411456,large_range
2015-07-27,NQ,4519.50,4536.010266,4496.021467,range,64.75,64.350000,1.006216,normal_range
2015-07-28,NQ,4559.25,4538.223574,4498.501018,bull_trend,64.25,65.550000,0.980168,normal_range
2015-07-29,NQ,4565.50,4540.821329,4501.128429,bull_trend,35.50,64.837500,0.547523,small_range
2015-07-30,NQ,4595.00,4545.981202,4504.809667,bull_trend,68.00,66.575000,1.021404,normal_range
2015-07-31,NQ,4584.00,4549.602040,4507.915170,bull_trend,32.50,67.000000,0.485075,small_range
2015-08-03,NQ,4573.25,4551.854227,4510.477320,bull_trend,58.75,65.275000,0.900038,normal_range
2015-08-04,NQ,4555.00,4552.153824,4512.223308,bull_trend,37.75,61.487500,0.613946,small_range
2015-08-05,NQ,4594.75,4556.210603,4515.459648,bull_trend,78.00,61.087500,1.276857,large_range
2015-08-06,NQ,4527.25,4553.452450,4515.922015,range,106.00,62.575000,1.693967,large_range
2015-08-07,NQ,4516.50,4549.933169,4515.944681,range,53.25,60.950000,0.873667,normal_range
2015-08-10,NQ,4576.75,4552.487153,4518.329204,bull_trend,67.25,58.350000,1.152528,normal_range
2015-08-11,NQ,4513.75,4548.797901,4518.149627,range,99.25,61.050000,1.625717,large_range
2015-08-12,NQ,4532.75,4547.269529,4518.722191,range,104.25,64.750000,1.610039,large_range
2015-08-13,NQ,4518.75,4544.553383,4518.723281,range,48.25,63.300000,0.762243,small_range
2015-08-14,NQ,4532.75,4543.429252,4519.273349,range,35.00,62.662500,0.558548,small_range
2015-08-17,NQ,4563.75,4545.364561,4521.017531,bull_trend,64.50,63.912500,1.009192,normal_range
2015-08-18,NQ,4542.25,4545.067936,4521.850177,range,39.75,62.475000,0.636255,small_range
2015-08-19,NQ,4504.50,4541.204323,4521.169778,range,69.00,63.537500,1.085973,normal_range
2015-08-20,NQ,4363.75,4524.303911,4514.996453,range,153.00,68.662500,2.228291,large_range
2015-08-21,NQ,4195.25,4492.965444,4502.457377,bear_trend,173.25,72.612500,2.385953,large_range
2015-08-24,NQ,4009.00,4446.873497,4483.106107,bear_trend,288.00,83.775000,3.437780,large_range
2015-08-25,NQ,4017.50,4405.980783,4464.847044,bear_trend,206.50,90.887500,2.272040,large_range
2015-08-26,NQ,4209.25,4387.244518,4454.823630,bear_trend,270.75,102.650000,2.637604,large_range
2015-08-27,NQ,4326.00,4381.411706,4449.771723,bear_trend,127.50,105.625000,1.207101,large_range
2015-08-28,NQ,4323.00,4375.848687,4444.800283,bear_trend,59.00,106.950000,0.551660,small_range
2015-08-31,NQ,4266.50,4365.434526,4437.808115,bear_trend,71.75,107.600000,0.666822,small_range
2015-09-01,NQ,4150.75,4344.988381,4426.550934,bear_trend,149.75,113.200000,1.322880,large_range
2015-09-02,NQ,4262.00,4337.084726,4420.097956,bear_trend,127.75,115.687500,1.104268,normal_range
2015-09-03,NQ,4231.50,4327.029037,4412.701958,bear_trend,84.50,114.612500,0.737267,small_range
2015-09-04,NQ,4189.00,4313.883415,4403.929332,bear_trend,82.50,116.075000,0.710747,small_range
2015-09-07,NQ,4211.50,4304.132613,4396.383084,bear_trend,63.75,115.900000,0.550043,small_range
2015-09-08,NQ,4299.50,4303.691412,4392.583747,bear_trend,101.50,116.012500,0.874906,normal_range
2015-09-09,NQ,4255.00,4299.054135,4387.188306,bear_trend,129.25,117.262500,1.102228,normal_range
2015-09-10,NQ,4297.00,4298.858503,4383.651510,bear_trend,100.75,119.887500,0.840371,normal_range
2015-09-11,NQ,4327.75,4301.610074,4381.459294,range,69.75,121.625000,0.573484,small_range
2015-09-14,NQ,4298.00,4301.266257,4378.186380,bear_trend,75.50,122.175000,0.617966,small_range
2015-09-15,NQ,4354.25,4306.312328,4377.247699,range,84.00,124.387500,0.675309,small_range
2015-09-16,NQ,4378.25,4313.163535,4377.287005,range,47.25,123.300000,0.383212,small_range
2015-09-17,NQ,4368.25,4318.409865,4376.932612,range,84.75,119.887500,0.706913,small_range
2015-09-18,NQ,4320.75,4318.632735,4374.729373,range,83.00,115.375000,0.719393,small_range
2015-09-21,NQ,4343.25,4320.977236,4373.494887,range,75.00,104.725000,0.716161,small_range
2015-09-22,NQ,4262.50,4315.407976,4369.142147,bear_trend,124.50,100.625000,1.237267,large_range
2015-09-23,NQ,4268.25,4310.916740,4365.185592,bear_trend,71.25,90.650000,0.785990,small_range
2015-09-24,NQ,4247.25,4304.853241,4360.560667,bear_trend,93.50,88.950000,1.051152,normal_range
2015-09-25,NQ,4204.50,4295.295789,4354.440641,bear_trend,130.25,92.512500,1.407918,large_range
2015-09-28,NQ,4101.25,4276.815238,4344.511596,bear_trend,159.50,96.900000,1.646027,large_range
2015-09-29,NQ,4072.75,4257.380453,4333.854278,bear_trend,103.50,94.587500,1.094225,normal_range
2015-09-30,NQ,4154.00,4247.534696,4326.801170,bear_trend,103.00,93.350000,1.103374,normal_range
2015-10-01,NQ,4191.00,4242.150439,4321.475633,bear_trend,109.50,94.600000,1.157505,normal_range
2015-10-02,NQ,4262.50,4244.088493,4319.162864,range,152.25,98.087500,1.552186,large_range
2015-10-05,NQ,4313.00,4250.651493,4318.921183,range,79.25,98.862500,0.801618,normal_range
2015-10-06,NQ,4282.25,4253.660875,4317.483097,range,58.50,96.712500,0.604886,small_range
2015-10-07,NQ,4327.00,4260.645554,4317.856309,range,65.75,93.537500,0.702927,small_range
2015-10-08,NQ,4342.25,4268.417406,4318.812924,range,83.25,92.662500,0.898422,normal_range
2015-10-09,NQ,4356.00,4276.758605,4320.271241,range,44.75,91.412500,0.489539,small_range
2015-10-12,NQ,4378.75,4286.472071,4322.564526,range,35.25,89.400000,0.394295,small_range
2015-10-13,NQ,4340.00,4291.569969,4323.248270,range,52.25,87.812500,0.595018,small_range
2015-10-14,NQ,4331.00,4295.325210,4323.552259,range,47.75,87.837500,0.543617,small_range
2015-10-15,NQ,4411.75,4306.413285,4327.010994,range,79.50,87.650000,0.907017,normal_range
2015-10-16,NQ,4438.75,4319.016782,4331.392916,range,43.00,85.650000,0.502043,small_range
2015-10-19,NQ,4453.00,4331.777089,4336.161821,range,44.50,84.125000,0.528975,small_range
2015-10-20,NQ,4422.75,4340.441175,4339.557436,bull_trend,42.00,80.000000,0.525000,small_range
2015-10-21,NQ,4405.75,4346.661063,4342.153223,bull_trend,61.50,79.512500,0.773463,small_range
2015-10-22,NQ,4565.25,4367.479057,4350.902116,bull_trend,163.50,83.012500,1.969583,large_range
2015-10-23,NQ,4610.75,4390.647719,4361.092229,bull_trend,75.50,80.275000,0.940517,normal_range
2015-10-26,NQ,4618.00,4412.300317,4371.167044,bull_trend,37.25,74.162500,0.502275,small_range
2015-10-27,NQ,4641.50,4434.128858,4381.768336,bull_trend,50.50,71.512500,0.706170,small_range
2015-10-28,NQ,4667.50,4456.354681,4392.973499,bull_trend,77.75,70.250000,1.106762,normal_range
2015-10-29,NQ,4664.50,4476.178045,4403.621597,bull_trend,27.50,66.150000,0.415722,small_range
2015-10-30,NQ,4645.00,4492.256326,4413.087417,bull_trend,54.25,61.250000,0.885714,normal_range
2015-11-02,NQ,4689.25,4511.017629,4423.917322,bull_trend,74.50,61.012500,1.221061,large_range
2015-11-03,NQ,4712.75,4530.230235,4435.244094,bull_trend,50.50,60.612500,0.833161,normal_range
2015-11-04,NQ,4711.25,4547.470213,4446.067855,bull_trend,38.50,59.250000,0.649789,small_range
2015-11-05,NQ,4699.50,4561.949240,4456.006371,bull_trend,53.75,57.775000,0.930333,normal_range
2015-11-06,NQ,4703.00,4575.382646,4465.692395,bull_trend,50.00,58.037500,0.861512,normal_range
2015-11-09,NQ,4649.00,4582.393823,4472.880929,bull_trend,90.75,60.812500,1.492292,large_range
2015-11-10,NQ,4641.50,4588.022982,4479.493441,bull_trend,49.75,60.687500,0.819773,normal_range
2015-11-11,NQ,4632.00,4592.211270,4485.474091,bull_trend,49.50,60.775000,0.814480,normal_range
2015-11-12,NQ,4583.25,4591.357815,4489.308440,range,72.00,60.325000,1.193535,normal_range
2015-11-13,NQ,4489.00,4581.609452,4489.296344,range,104.75,63.412500,1.651883,large_range
2015-11-16,NQ,4562.50,4579.789504,4492.167076,range,110.50,66.712500,1.656361,large_range
2015-11-17,NQ,4569.50,4578.809551,4495.199740,range,45.75,66.900000,0.683857,small_range
2015-11-18,NQ,4650.75,4585.661023,4501.299750,bull_trend,100.50,68.850000,1.459695,large_range
2015-11-19,NQ,4660.25,4592.764735,4507.533093,bull_trend,30.25,62.187500,0.486432,small_range
2015-11-20,NQ,4690.00,4602.025236,4514.688658,bull_trend,39.25,60.375000,0.650104,small_range
2015-11-23,NQ,4675.00,4608.975214,4520.975377,bull_trend,53.00,61.162500,0.866544,normal_range
2015-11-24,NQ,4665.00,4614.310908,4526.623402,bull_trend,64.50,61.862500,1.042635,normal_range
2015-11-25,NQ,4678.25,4620.400345,4532.569543,bull_trend,25.00,59.225000,0.422119,small_range
2015-11-26,NQ,4695.50,4627.552693,4538.958973,bull_trend,24.50,59.100000,0.414552,small_range
2015-11-27,NQ,4685.75,4633.095294,4544.715483,bull_trend,34.25,58.100000,0.589501,small_range
2015-11-30,NQ,4679.75,4637.538599,4550.010955,bull_trend,47.00,56.725000,0.828559,normal_range
2015-12-01,NQ,4715.25,4644.939685,4556.490917,bull_trend,40.25,56.212500,0.716033,small_range
2015-12-02,NQ,4698.00,4649.993048,4562.040293,bull_trend,61.00,57.337500,1.063876,normal_range
2015-12-03,NQ,4616.25,4646.779425,4564.166164,range,151.25,62.212500,2.431183,large_range
2015-12-04,NQ,4714.50,4653.229003,4570.061608,bull_trend,120.25,65.725000,1.829593,large_range
2015-12-07,NQ,4702.00,4657.873860,4575.235663,bull_trend,59.50,64.162500,0.927333,normal_range
2015-12-08,NQ,4692.25,4661.147778,4579.824461,bull_trend,67.75,65.062500,1.041306,normal_range
2015-12-09,NQ,4623.50,4657.562275,4581.537227,range,114.25,68.300000,1.672767,large_range
2015-12-10,NQ,4646.00,4656.461106,4584.065179,range,56.25,67.512500,0.833179,normal_range
2015-12-11,NQ,4535.50,4644.941001,4582.160662,range,131.50,68.850000,1.909949,large_range
2015-12-14,NQ,4565.75,4637.399001,4581.517106,range,102.25,68.437500,1.494064,large_range
2015-12-15,NQ,4602.00,4634.027668,4582.320357,range,72.50,69.775000,1.039054,normal_range
2015-12-16,NQ,4650.25,4635.572652,4584.984265,bull_trend,94.75,69.487500,1.363555,large_range
2015-12-17,NQ,4567.75,4629.113351,4584.308411,range,119.00,73.925000,1.609740,large_range
2015-12-18,NQ,4510.00,4617.769223,4581.394356,range,86.00,76.262500,1.127684,normal_range
2015-12-21,NQ,4571.75,4613.386440,4581.016146,range,60.00,76.700000,0.782269,small_range
2015-12-22,NQ,4589.50,4611.111541,4581.348846,range,53.25,76.137500,0.699393,small_range
2015-12-23,NQ,4606.75,4610.696156,4582.344970,range,37.25,76.750000,0.485342,small_range
2015-12-24,NQ,4610.75,4610.701284,4583.458892,bull_trend,29.25,76.962500,0.380055,small_range
2015-12-28,NQ,4618.00,4611.396400,4584.813446,bull_trend,48.00,77.650000,0.618158,small_range
2015-12-29,NQ,4689.75,4618.858647,4588.928605,bull_trend,87.25,79.662500,1.095246,normal_range
2015-12-30,NQ,4650.25,4621.848300,4591.333365,bull_trend,51.50,80.225000,0.641945,small_range
2015-12-31,NQ,4592.50,4619.053224,4591.379116,range,75.50,80.950000,0.932674,normal_range
2016-01-04,NQ,4506.25,4608.310060,4588.040719,range,177.00,82.237500,2.152303,large_range
2016-01-05,NQ,4481.50,4596.232911,4583.862652,range,65.75,79.512500,0.826914,normal_range
2016-01-06,NQ,4448.50,4582.163110,4578.554312,range,101.50,81.612500,1.243682,large_range
2016-01-07,NQ,4293.25,4554.647576,4567.365908,bear_trend,175.50,87.000000,2.017241,large_range
2016-01-08,NQ,4264.50,4527.014473,4555.488813,bear_trend,114.25,87.000000,1.313218,large_range
2016-01-11,NQ,4268.75,4502.417857,4544.244154,bear_trend,95.75,88.975000,1.076145,normal_range
2016-01-12,NQ,4307.25,4483.830442,4534.950266,bear_trend,109.25,87.862500,1.243420,large_range
2016-01-13,NQ,4179.00,4454.798971,4520.991432,bear_trend,197.75,92.637500,2.134665,large_range
2016-01-14,NQ,4249.00,4435.199069,4510.325101,bear_trend,176.50,97.837500,1.804012,large_range
2016-01-15,NQ,4145.75,4407.632491,4496.028038,bear_trend,193.00,102.750000,1.878345,large_range
2016-01-18,NQ,4132.75,4381.453206,4481.781841,bear_trend,70.00,100.300000,0.697906,small_range
2016-01-19,NQ,4140.50,4358.505282,4468.398239,bear_trend,124.50,102.225000,1.217902,large_range
2016-01-20,NQ,4128.25,4336.576207,4455.059093,bear_trend,188.00,108.537500,1.732120,large_range
2016-01-21,NQ,4129.50,4316.854664,4442.292069,bear_trend,106.50,111.200000,0.957734,normal_range
2016-01-22,NQ,4246.75,4310.178029,4434.623753,bear_trend,134.00,116.037500,1.154799,normal_range
2016-01-25,NQ,4190.25,4298.756312,4425.040468,bear_trend,80.75,118.612500,0.680788,small_range
2016-01-26,NQ,4210.75,4290.374759,4416.636921,bear_trend,110.75,121.750000,0.909651,normal_range
2016-01-27,NQ,4143.25,4276.362877,4405.915865,bear_trend,116.75,123.225000,0.947454,normal_range
2016-01-28,NQ,4149.25,4264.256889,4395.850537,bear_trend,92.25,125.262500,0.736453,small_range
2016-01-29,NQ,4269.75,4264.780042,4390.905418,range,142.25,128.600000,1.106143,normal_range
2016-02-01,NQ,4286.25,4266.824800,4386.801284,range,80.75,123.787500,0.652328,small_range
2016-02-02,NQ,4188.00,4259.317676,4379.005155,bear_trend,116.25,126.312500,0.920336,normal_range
2016-02-03,NQ,4172.00,4251.001707,4370.887306,bear_trend,124.50,127.462500,0.976758,normal_range
2016-02-04,NQ,4147.50,4241.144402,4362.127019,bear_trend,93.00,123.337500,0.754029,small_range
2016-02-05,NQ,4019.75,4220.059220,4348.700469,bear_trend,172.50,126.250000,1.366337,large_range
2016-02-08,NQ,3961.50,4195.434533,4333.516137,bear_trend,163.00,129.612500,1.257595,large_range
2016-02-09,NQ,3942.00,4171.297911,4318.162563,bear_trend,106.50,129.475000,0.822553,normal_range
2016-02-10,NQ,3963.00,4151.460014,4304.234620,bear_trend,118.75,125.525000,0.946027,normal_range
2016-02-11,NQ,3962.75,4133.487632,4290.843066,bear_trend,123.25,122.862500,1.003154,normal_range
2016-02-12,NQ,4015.25,4122.226905,4280.035495,bear_trend,64.50,116.437500,0.553945,small_range
2016-02-15,NQ,4076.25,4117.848152,4272.043907,bear_trend,70.00,116.750000,0.599572,small_range
2016-02-16,NQ,4091.50,4115.338804,4264.963754,bear_trend,57.75,113.412500,0.509203,small_range
2016-02-17,NQ,4211.00,4124.449395,4262.847528,range,143.25,111.175000,1.288509,large_range
2016-02-18,NQ,4160.25,4127.858976,4258.824095,range,83.50,110.025000,0.758918,small_range
2016-02-19,NQ,4161.25,4131.039074,4254.997660,range,54.75,106.062500,0.516205,small_range
2016-02-22,NQ,4207.25,4138.297257,4253.125203,range,87.50,106.400000,0.822368,normal_range
2016-02-23,NQ,4156.25,4140.007042,4249.326175,range,62.00,103.962500,0.596369,small_range
2016-02-24,NQ,4217.50,4147.387324,4248.078090,range,133.75,104.812500,1.276088,large_range
2016-02-25,NQ,4246.25,4156.802817,4248.006400,range,77.50,104.075000,0.744655,small_range
2016-02-26,NQ,4226.50,4163.440644,4247.163012,range,68.25,100.375000,0.679950,small_range
2016-02-29,NQ,4199.50,4166.874868,4245.293874,range,78.75,100.275000,0.785340,small_range
2016-03-01,NQ,4337.50,4183.124881,4248.909801,range,158.50,102.387500,1.548041,large_range
2016-03-02,NQ,4327.00,4196.827273,4251.972162,range,58.50,99.087500,0.590387,small_range
2016-03-03,NQ,4324.00,4208.938961,4254.796783,range,51.00,96.987500,0.525841,small_range
2016-03-04,NQ,4320.25,4219.540013,4257.363576,range,57.00,91.212500,0.624914,small_range
2016-03-07,NQ,4303.00,4227.488583,4259.153239,range,61.25,86.125000,0.711176,small_range
2016-03-08,NQ,4273.50,4231.870623,4259.715857,range,57.25,83.662500,0.684297,small_range
2016-03-09,NQ,4294.75,4237.859135,4261.089745,range,42.25,79.837500,0.529200,small_range
2016-03-10,NQ,4287.25,4242.563027,4262.115638,range,117.75,79.562500,1.479969,large_range
2016-03-11,NQ,4357.00,4253.461786,4265.836593,range,78.75,80.275000,0.981003,normal_range
2016-03-14,NQ,4357.75,4263.393997,4269.441040,range,38.75,78.400000,0.494260,small_range
2016-03-15,NQ,4360.25,4272.618378,4273.002176,range,35.25,77.275000,0.456163,small_range
2016-03-16,NQ,4389.75,4283.773771,4277.580522,bull_trend,67.25,73.475000,0.915277,normal_range
2016-03-17,NQ,4396.00,4294.461983,4282.224423,bull_trend,53.00,71.950000,0.736623,small_range
2016-03-18,NQ,4397.00,4304.227508,4286.725426,bull_trend,35.00,70.962500,0.493218,small_range
2016-03-21,NQ,4416.00,4314.872508,4291.795017,bull_trend,44.50,68.812500,0.646685,small_range
2016-03-22,NQ,4436.75,4326.479888,4297.479526,bull_trend,56.75,68.550000,0.827863,normal_range
2016-03-23,NQ,4395.00,4333.005613,4301.303859,bull_trend,58.00,64.762500,0.895580,normal_range
2016-03-24,NQ,4400.50,4339.433650,4305.193903,bull_trend,36.00,62.687500,0.574277,small_range
2016-03-28,NQ,4391.00,4344.344731,4308.558848,bull_trend,44.25,61.487500,0.719658,small_range
2016-03-29,NQ,4460.75,4355.430947,4314.527129,bull_trend,89.50,62.025000,1.442967,large_range
2016-03-30,NQ,4480.25,4367.318476,4321.026065,bull_trend,53.75,56.787500,0.946511,normal_range
2016-03-31,NQ,4475.00,4377.573859,4327.064259,bull_trend,33.25,55.525000,0.598829,small_range
2016-04-01,NQ,4528.75,4391.971587,4334.973503,bull_trend,88.00,57.375000,1.533769,large_range
2016-04-04,NQ,4499.75,4402.236197,4341.435327,bull_trend,48.50,56.950000,0.851624,normal_range
2016-04-05,NQ,4476.00,4409.261322,4346.712373,bull_trend,45.00,56.137500,0.801603,normal_range
2016-04-06,NQ,4532.00,4420.950719,4353.978554,bull_trend,70.50,56.800000,1.241197,large_range
2016-04-07,NQ,4469.00,4425.526841,4358.489199,bull_trend,88.75,59.125000,1.501057,large_range
2016-04-08,NQ,4469.50,4429.714761,4362.842564,bull_trend,58.25,56.150000,1.037400,normal_range
2016-04-11,NQ,4446.75,4431.337165,4366.133052,bull_trend,63.75,55.400000,1.150722,normal_range
2016-04-12,NQ,4489.50,4436.876483,4370.970971,bull_trend,71.00,57.012500,1.245341,large_range
2016-04-13,NQ,4548.75,4447.531103,4377.942698,bull_trend,67.00,58.600000,1.143345,normal_range
2016-04-14,NQ,4548.75,4457.170998,4384.641023,bull_trend,32.75,56.875000,0.575824,small_range
2016-04-15,NQ,4538.75,4464.940427,4390.684513,bull_trend,31.50,55.800000,0.564516,small_range
2016-04-18,NQ,4547.50,4472.803243,4396.834140,bull_trend,60.25,57.062500,1.055860,normal_range
2016-04-19,NQ,4529.25,4478.179125,4402.026918,bull_trend,77.75,58.725000,1.323968,large_range
2016-04-20,NQ,4534.75,4483.566827,4407.231745,bull_trend,47.00,58.237500,0.807040,normal_range
2016-04-21,NQ,4500.25,4485.155701,4410.879520,bull_trend,63.75,58.525000,1.089278,normal_range
2016-04-22,NQ,4466.75,4483.402777,4413.070519,range,70.75,60.262500,1.174030,normal_range
2016-04-25,NQ,4474.00,4482.507274,4415.459910,range,43.75,60.237500,0.726292,small_range
2016-04-26,NQ,4411.25,4475.720867,4415.294816,range,82.75,59.900000,1.381469,large_range
2016-04-27,NQ,4433.00,4471.652213,4415.989137,range,61.50,60.287500,1.020112,normal_range
2016-04-28,NQ,4385.00,4463.399622,4414.773877,range,96.00,63.425000,1.513599,large_range
2016-04-29,NQ,4335.75,4451.242515,4411.674901,range,94.50,63.750000,1.482353,large_range
2016-05-02,NQ,4372.25,4443.719418,4410.128826,range,60.50,64.350000,0.940171,normal_range
2016-05-03,NQ,4336.50,4433.508045,4407.241422,range,55.00,64.850000,0.848111,normal_range
2016-05-04,NQ,4309.00,4421.650136,4403.388817,range,49.75,63.812500,0.779628,small_range
2016-05-05,NQ,4298.50,4409.921552,4399.275530,range,50.00,61.875000,0.808081,normal_range
2016-05-06,NQ,4333.75,4402.667118,4396.705901,range,62.75,62.100000,1.010467,normal_range
2016-05-09,NQ,4335.75,4396.294059,4394.315474,range,38.50,60.837500,0.632833,small_range
2016-05-10,NQ,4396.00,4396.266054,4394.381534,range,75.00,61.037500,1.228753,large_range
2016-05-11,NQ,4352.25,4392.074048,4392.729317,bear_trend,52.25,60.300000,0.866501,normal_range
2016-05-12,NQ,4336.75,4386.805091,4390.534049,bear_trend,76.00,62.462500,1.216730,large_range
2016-05-13,NQ,4322.50,4380.680797,4387.866047,bear_trend,56.75,63.725000,0.890545,normal_range
2016-05-16,NQ,4374.25,4380.068340,4387.332085,bear_trend,86.50,65.037500,1.330002,large_range
2016-05-17,NQ,4321.75,4374.514213,4384.760238,bear_trend,85.75,65.437500,1.310411,large_range
2016-05-18,NQ,4337.00,4370.941430,4382.887288,bear_trend,58.00,65.987500,0.878954,normal_range
2016-05-19,NQ,4318.00,4365.899389,4380.342688,bear_trend,60.00,65.800000,0.911854,normal_range
2016-05-20,NQ,4364.00,4365.718495,4379.701798,bear_trend,64.50,65.487500,0.984921,normal_range
2016-05-23,NQ,4353.00,4364.507210,4378.654669,bear_trend,33.25,64.962500,0.511834,small_range
2016-05-24,NQ,4445.75,4372.244619,4381.285859,range,107.00,66.175000,1.616925,large_range
2016-05-25,NQ,4476.50,4382.173702,4385.019746,range,46.50,65.425000,0.710737,small_range
2016-05-26,NQ,4494.50,4392.871445,4389.313090,bull_trend,32.00,62.225000,0.514263,small_range
2016-05-27,NQ,4513.00,4404.312260,4394.163557,bull_trend,23.25,58.662500,0.396335,small_range
2016-05-30,NQ,4522.00,4415.520616,4399.176751,bull_trend,11.50,56.225000,0.204535,small_range
2016-05-31,NQ,4523.50,4425.804367,4404.052172,bull_trend,30.75,55.012500,0.558964,small_range
2016-06-01,NQ,4522.00,4434.965856,4408.677577,bull_trend,34.75,54.262500,0.640405,small_range
2016-06-02,NQ,4531.50,4444.159584,4413.494143,bull_trend,46.75,54.100000,0.864140,normal_range
2016-06-03,NQ,4509.00,4450.334862,4417.239471,bull_trend,60.00,53.962500,1.111883,normal_range
2016-06-06,NQ,4525.00,4457.445827,4421.465374,bull_trend,32.50,53.662500,0.605637,small_range
2016-06-07,NQ,4513.50,4462.784320,4425.074575,bull_trend,34.25,51.625000,0.663438,small_range
2016-06-08,NQ,4519.25,4468.162004,4428.767729,bull_trend,26.25,50.325000,0.521610,small_range
2016-06-09,NQ,4512.75,4472.408479,4432.061151,bull_trend,29.00,47.975000,0.604482,small_range
2016-06-10,NQ,4466.00,4471.798148,4433.392086,range,68.00,48.537500,1.400979,large_range
2016-06-13,NQ,4422.00,4467.055467,4432.945338,range,42.50,46.550000,0.912997,normal_range
2016-06-14,NQ,4416.75,4462.264470,4432.310227,range,48.75,44.700000,1.090604,normal_range
2016-06-15,NQ,4403.50,4456.667854,4431.180414,range,39.25,43.762500,0.896887,normal_range
2016-06-16,NQ,4415.25,4452.723297,4430.555692,range,68.50,44.187500,1.550212,large_range
2016-06-17,NQ,4361.25,4444.011554,4427.837821,range,79.00,44.912500,1.758976,large_range
2016-06-20,NQ,4407.75,4440.558073,4427.050064,range,53.75,47.025000,1.143009,normal_range
2016-06-21,NQ,4397.00,4436.409685,4425.871630,range,27.50,43.050000,0.638792,small_range
2016-06-22,NQ,4394.25,4432.394477,4424.631566,range,43.00,42.875000,1.002915,normal_range
2016-06-23,NQ,4479.00,4436.833098,4426.763661,bull_trend,71.25,45.525000,1.565074,large_range
2016-06-24,NQ,4262.00,4420.182327,4420.302341,bear_trend,259.50,57.337500,4.525834,large_range
2016-06-27,NQ,4174.00,4396.736391,4410.643426,bear_trend,100.00,61.750000,1.619433,large_range
2016-06-28,NQ,4281.75,4385.785306,4405.588782,bear_trend,108.50,65.737500,1.650504,large_range
2016-06-29,NQ,4379.50,4385.186705,4404.565692,bear_trend,111.75,69.587500,1.605892,large_range
2016-06-30,NQ,4400.50,4386.645114,4404.406253,range,72.00,70.850000,1.016231,normal_range
2016-07-01,NQ,4434.25,4391.178913,4405.576596,range,60.00,70.850000,0.846860,normal_range
2016-07-04,NQ,4440.25,4395.852350,4406.936338,range,25.25,70.487500,0.358220,small_range
2016-07-05,NQ,4407.25,4396.937840,4406.948638,range,61.25,71.912500,0.851730,normal_range
2016-07-06,NQ,4437.50,4400.800903,4408.146731,range,74.75,74.337500,1.005549,normal_range
2016-07-07,NQ,4452.75,4405.748436,4409.895879,range,33.75,74.575000,0.452565,small_range
2016-07-08,NQ,4517.00,4416.343823,4414.096040,bull_trend,83.50,75.350000,1.108162,normal_range
2016-07-11,NQ,4551.00,4429.168221,4419.464823,bull_trend,47.75,75.400000,0.633289,small_range
2016-07-12,NQ,4570.00,4442.580771,4425.368163,bull_trend,35.25,74.725000,0.471730,small_range
2016-07-13,NQ,4561.00,4453.858793,4430.687059,bull_trend,26.00,74.062500,0.351055,small_range
2016-07-14,NQ,4589.25,4466.753194,4436.905213,bull_trend,54.75,73.375000,0.746167,small_range
2016-07-15,NQ,4562.25,4475.848128,4441.820695,bull_trend,53.25,72.087500,0.738686,small_range
2016-07-18,NQ,4609.25,4488.553068,4448.386550,bull_trend,44.75,71.287500,0.627740,small_range
2016-07-19,NQ,4606.75,4499.809919,4454.596882,bull_trend,23.00,71.062500,0.323659,small_range
2016-07-20,NQ,4656.50,4514.732784,4462.514651,bull_trend,61.25,71.975000,0.850990,normal_range
2016-07-21,NQ,4639.75,4526.639185,4469.465057,bull_trend,35.50,69.500000,0.510791,small_range
2016-07-22,NQ,4658.50,4539.197358,4476.878192,bull_trend,36.00,58.325000,0.617231,small_range
2016-07-25,NQ,4657.75,4550.488086,4483.971204,bull_trend,26.00,54.625000,0.475973,small_range
2016-07-26,NQ,4686.75,4563.465411,4491.923314,bull_trend,47.25,51.462500,0.918144,normal_range
2016-07-27,NQ,4712.25,4577.635372,4500.563576,bull_trend,37.25,47.737500,0.780309,small_range
2016-07-28,NQ,4730.50,4592.193908,4509.580690,bull_trend,42.50,46.262500,0.918671,normal_range
2016-07-29,NQ,4730.00,4605.318298,4518.224585,bull_trend,27.50,44.637500,0.616074,small_range
2016-08-01,NQ,4748.00,4618.907031,4527.235386,bull_trend,39.25,45.337500,0.865729,normal_range
2016-08-02,NQ,4715.00,4628.058742,4534.598704,bull_trend,77.75,46.087500,1.687008,large_range
2016-08-03,NQ,4726.25,4637.410291,4542.114441,bull_trend,31.25,43.912500,0.711642,small_range
2016-08-04,NQ,4746.00,4647.752168,4550.109953,bull_trend,32.00,43.825000,0.730177,small_range
2016-08-05,NQ,4783.75,4660.704342,4559.272308,bull_trend,55.25,42.412500,1.302682,large_range
2016-08-08,NQ,4780.75,4672.137262,4567.957707,bull_trend,34.50,41.750000,0.826347,normal_range
2016-08-09,NQ,4793.00,4683.647999,4576.782895,bull_trend,30.25,41.500000,0.728916,small_range
2016-08-10,NQ,4781.50,4692.967237,4584.811017,bull_trend,33.00,41.850000,0.788530,small_range
2016-08-11,NQ,4800.50,4703.208453,4593.269409,bull_trend,35.25,40.875000,0.862385,normal_range
2016-08-12,NQ,4806.00,4712.998124,4601.611785,bull_trend,19.75,39.200000,0.503827,small_range
2016-08-15,NQ,4823.00,4723.474493,4610.293676,bull_trend,30.25,37.737500,0.801590,normal_range
2016-08-16,NQ,4801.75,4730.929303,4617.801767,bull_trend,28.00,37.987500,0.737085,small_range
2016-08-17,NQ,4807.25,4738.197941,4625.231109,bull_trend,37.75,36.812500,1.025467,normal_range
2016-08-18,NQ,4807.75,4744.821947,4632.388713,bull_trend,21.25,36.100000,0.588643,small_range
2016-08-19,NQ,4809.00,4750.934142,4639.314646,bull_trend,31.75,35.887500,0.884709,normal_range
2016-08-22,NQ,4811.75,4756.726129,4646.076816,bull_trend,28.50,36.012500,0.791392,small_range
2016-08-23,NQ,4819.00,4762.656974,4652.858118,bull_trend,29.00,35.100000,0.826211,normal_range
2016-08-24,NQ,4786.50,4764.927738,4658.098976,bull_trend,52.75,35.875000,1.470383,large_range
2016-08-25,NQ,4783.50,4766.696525,4663.016663,bull_trend,25.75,35.037500,0.734927,small_range
2016-08-26,NQ,4783.25,4768.273046,4667.731696,bull_trend,60.25,36.675000,1.642808,large_range
2016-08-29,NQ,4794.75,4770.794661,4672.712806,bull_trend,31.75,36.300000,0.874656,normal_range
2016-08-30,NQ,4778.75,4771.552312,4676.871127,bull_trend,38.75,34.350000,1.128093,normal_range
2016-08-31,NQ,4771.75,4771.571140,4680.591867,bull_trend,27.75,34.175000,0.811997,normal_range
2016-09-01,NQ,4776.00,4771.992936,4684.333363,bull_trend,45.75,34.862500,1.312298,large_range
2016-09-02,NQ,4798.75,4774.541228,4688.820290,bull_trend,43.50,34.275000,1.269147,large_range
2016-09-05,NQ,4792.50,4776.251587,4692.886161,bull_trend,23.75,33.737500,0.703964,small_range
2016-09-06,NQ,4831.00,4781.465722,4698.302390,bull_trend,42.25,34.337500,1.230433,large_range
2016-09-07,NQ,4828.50,4785.945177,4703.408178,bull_trend,27.00,34.037500,0.793243,small_range
2016-09-08,NQ,4797.25,4787.021826,4707.088250,bull_trend,47.50,34.650000,1.370851,large_range
2016-09-09,NQ,4668.50,4775.734033,4705.574985,range,133.00,40.312500,3.299225,large_range
2016-09-12,NQ,4766.00,4774.806983,4707.944593,range,143.00,45.950000,3.112078,large_range
2016-09-13,NQ,4734.75,4770.992032,4708.995786,range,65.50,47.887500,1.367789,large_range
2016-09-14,NQ,4732.50,4767.326124,4709.917520,range,47.00,48.350000,0.972079,normal_range
2016-09-15,NQ,4812.50,4771.628398,4713.940362,bull_trend,107.25,52.650000,2.037037,large_range
2016-09-16,NQ,4816.00,4775.854265,4717.942701,bull_trend,30.75,52.600000,0.584601,small_range
2016-09-19,NQ,4796.25,4777.796716,4721.013575,bull_trend,59.25,54.137500,1.094435,normal_range
2016-09-20,NQ,4799.50,4779.863695,4724.091474,bull_trend,30.50,54.212500,0.562601,small_range
2016-09-21,NQ,4849.75,4786.519534,4729.019260,bull_trend,66.00,54.875000,1.202733,large_range
2016-09-22,NQ,4887.50,4796.136721,4735.234191,bull_trend,49.50,56.062500,0.882943,normal_range
2016-09-23,NQ,4857.25,4801.957033,4740.019124,bull_trend,41.50,55.125000,0.752834,small_range
2016-09-26,NQ,4816.00,4803.294459,4742.998767,bull_trend,52.00,56.137500,0.926297,normal_range
2016-09-27,NQ,4859.50,4808.647367,4747.567442,bull_trend,63.75,57.387500,1.110869,normal_range
2016-09-28,NQ,4868.00,4814.299999,4752.290288,bull_trend,28.50,57.425000,0.496300,small_range
2016-09-29,NQ,4842.00,4816.938094,4755.808316,bull_trend,64.00,58.337500,1.097064,normal_range
2016-09-30,NQ,4863.25,4821.348752,4760.021715,bull_trend,73.75,59.850000,1.232247,large_range
2016-10-03,NQ,4868.25,4825.815538,4764.265962,bull_trend,36.75,60.500000,0.607438,small_range
2016-10-04,NQ,4856.50,4828.737867,4767.882983,bull_trend,51.75,60.975000,0.848708,normal_range
2016-10-05,NQ,4876.25,4833.262832,4772.132670,bull_trend,39.25,61.587500,0.637305,small_range
2016-10-06,NQ,4870.75,4836.833039,4776.000016,bull_trend,35.50,60.987500,0.582086,small_range
2016-10-07,NQ,4859.50,4838.991797,4779.274525,bull_trend,49.00,56.787500,0.862866,normal_range
2016-10-10,NQ,4892.50,4844.087816,4783.714740,bull_trend,39.25,51.737500,0.758637,small_range
2016-10-11,NQ,4824.75,4842.246120,4785.323966,range,99.25,53.362500,1.859920,large_range
2016-10-12,NQ,4806.50,4838.841727,4786.154398,range,41.75,53.100000,0.786252,small_range
2016-10-13,NQ,4794.75,4834.642515,4786.491481,range,58.50,50.662500,1.154700,normal_range
2016-10-14,NQ,4802.00,4831.533704,4787.099658,range,54.75,51.862500,1.055676,normal_range
2016-10-17,NQ,4802.50,4828.768589,4787.703593,range,29.50,50.375000,0.585608,small_range
2016-10-18,NQ,4826.00,4828.504914,4789.205413,range,57.00,51.700000,1.102515,normal_range
2016-10-19,NQ,4830.00,4828.647303,4790.805201,bull_trend,29.25,49.862500,0.586613,small_range
2016-10-20,NQ,4845.25,4830.228513,4792.940291,bull_trend,48.50,49.812500,0.973651,normal_range
2016-10-21,NQ,4846.00,4831.730559,4795.021064,bull_trend,34.25,49.450000,0.692619,small_range
2016-10-24,NQ,4907.50,4838.946696,4799.432002,bull_trend,66.00,50.150000,1.316052,large_range
2016-10-25,NQ,4879.50,4842.808916,4802.571924,bull_trend,46.00,49.262500,0.933773,normal_range
2016-10-26,NQ,4853.75,4843.850924,4804.578907,bull_trend,42.25,49.950000,0.845846,normal_range
2016-10-27,NQ,4823.75,4841.936550,4805.330715,range,76.00,50.550000,1.503462,large_range
2016-10-28,NQ,4805.50,4838.466402,4805.337353,range,56.75,49.700000,1.141851,normal_range
2016-10-31,NQ,4803.75,4835.160078,4805.275104,range,41.75,49.950000,0.835836,normal_range
2016-11-01,NQ,4755.25,4827.549595,4803.313335,range,98.25,52.275000,1.879484,large_range
2016-11-02,NQ,4719.50,4817.259157,4800.026538,range,60.25,53.325000,1.129864,normal_range
2016-11-03,NQ,4670.25,4803.258285,4794.937262,range,61.25,54.612500,1.121538,normal_range
2016-11-04,NQ,4661.00,4789.709877,4789.684820,range,44.25,54.375000,0.813793,normal_range
2016-11-07,NQ,4781.25,4788.904174,4789.354043,bear_trend,72.00,58.312500,1.234727,large_range
2016-11-08,NQ,4803.00,4790.246634,4789.889179,bull_trend,69.75,56.837500,1.227183,large_range
2016-11-09,NQ,4820.25,4793.104097,4791.079799,bull_trend,279.00,68.700000,4.061135,large_range
2016-11-10,NQ,4739.50,4787.998945,4789.057062,bear_trend,200.50,75.800000,2.645119,large_range
2016-11-11,NQ,4742.00,4783.618093,4787.211687,bear_trend,76.25,76.875000,0.991870,normal_range
2016-11-14,NQ,4693.25,4775.011608,4783.526915,bear_trend,111.75,80.987500,1.379843,large_range
2016-11-15,NQ,4765.00,4774.058122,4782.800369,bear_trend,91.25,82.700000,1.103386,normal_range
2016-11-16,NQ,4784.25,4775.028777,4782.857217,range,58.50,84.162500,0.695084,small_range
2016-11-17,NQ,4831.50,4780.406989,4784.764778,range,53.50,84.412500,0.633792,small_range
2016-11-18,NQ,4809.25,4783.153942,4785.724982,range,37.50,84.575000,0.443393,small_range
2016-11-21,NQ,4857.50,4790.234519,4788.539689,bull_trend,58.75,84.212500,0.697640,small_range
2016-11-22,NQ,4878.00,4798.593136,4792.047936,bull_trend,27.75,83.300000,0.333133,small_range
2016-11-23,NQ,4851.75,4803.655695,4794.389194,bull_trend,52.25,83.800000,0.623508,small_range
2016-11-24,NQ,4863.00,4809.307533,4797.079814,bull_trend,24.00,81.200000,0.295567,small_range
2016-11-25,NQ,4870.00,4815.087768,4799.939429,bull_trend,18.00,79.262500,0.227094,small_range
2016-11-28,NQ,4857.75,4819.150838,4802.206510,bull_trend,37.00,79.025000,0.468206,small_range
2016-11-29,NQ,4875.00,4824.469806,4805.061157,bull_trend,50.25,76.625000,0.655791,small_range
2016-11-30,NQ,4818.25,4823.877443,4805.578366,range,73.00,77.262500,0.944831,normal_range
2016-12-01,NQ,4734.75,4815.389115,4802.800783,range,104.75,79.437500,1.318647,large_range
2016-12-02,NQ,4734.25,4807.661581,4800.112517,range,51.75,79.812500,0.648395,small_range
2016-12-05,NQ,4781.75,4805.193811,4799.392419,range,94.25,78.487500,1.200828,large_range
2016-12-06,NQ,4789.50,4803.699162,4799.004481,range,28.75,76.437500,0.376124,small_range
2016-12-07,NQ,4845.25,4807.656385,4800.818030,bull_trend,91.25,67.050000,1.360925,large_range
2016-12-08,NQ,4864.25,4813.046253,4803.305559,bull_trend,33.50,58.700000,0.570698,small_range
2016-12-09,NQ,4895.00,4820.851372,4806.901419,bull_trend,45.00,57.137500,0.787574,small_range
2016-12-12,NQ,4867.00,4825.246479,4809.258226,bull_trend,64.50,54.775000,1.177545,normal_range
2016-12-13,NQ,4939.75,4836.151576,4814.375551,bull_trend,100.50,55.237500,1.819416,large_range
2016-12-14,NQ,4931.75,4845.256188,4818.978470,bull_trend,47.00,54.662500,0.859822,normal_range
2016-12-15,NQ,4938.25,4854.112742,4823.655785,bull_trend,43.50,54.162500,0.803139,normal_range
2016-12-16,NQ,4915.25,4859.935338,4827.247715,bull_trend,47.50,54.662500,0.868969,normal_range
2016-12-19,NQ,4941.00,4867.655782,4831.708589,bull_trend,53.75,54.412500,0.987824,normal_range
2016-12-20,NQ,4955.75,4876.045707,4836.572958,bull_trend,24.75,54.262500,0.456116,small_range
2016-12-21,NQ,4947.25,4882.827069,4840.913234,bull_trend,20.75,52.687500,0.393832,small_range
2016-12-22,NQ,4933.75,4887.676872,4844.553892,bull_trend,36.00,53.287500,0.675581,small_range
2016-12-23,NQ,4941.00,4892.755265,4848.336092,bull_trend,21.00,53.437500,0.392982,small_range
2016-12-27,NQ,4960.50,4899.207144,4852.734677,bull_trend,54.50,54.312500,1.003452,normal_range
2016-12-28,NQ,4922.25,4901.401702,4855.460768,bull_trend,59.00,54.750000,1.077626,normal_range
2016-12-29,NQ,4919.75,4903.149159,4857.981914,bull_trend,32.25,52.712500,0.611809,small_range
2016-12-30,NQ,4862.25,4899.254001,4858.149290,range,90.00,51.975000,1.731602,large_range
2017-01-03,NQ,4905.50,4899.848858,4860.006181,bull_trend,50.75,52.650000,0.963913,normal_range
2017-01-04,NQ,4933.50,4903.053729,4862.888291,bull_trend,39.50,49.912500,0.791385,small_range
2017-01-05,NQ,4963.00,4908.762897,4866.814241,bull_trend,43.75,50.662500,0.863558,normal_range
2017-01-06,NQ,5004.75,4917.904526,4872.223486,bull_trend,65.00,49.350000,1.317123,large_range
2017-01-09,NQ,5020.75,4927.699333,4878.048055,bull_trend,27.00,49.025000,0.550739,small_range
2017-01-10,NQ,5033.50,4937.775587,4884.144210,bull_trend,39.75,48.762500,0.815176,normal_range
2017-01-11,NQ,5047.75,4948.249341,4890.560123,bull_trend,40.75,47.575000,0.856542,normal_range
2017-01-12,NQ,5038.00,4956.797023,4896.342079,bull_trend,54.50,45.425000,1.199780,normal_range
2017-01-13,NQ,5060.50,4966.673497,4902.779645,bull_trend,28.00,44.475000,0.629567,small_range
2017-01-16,NQ,5050.25,4974.633164,4908.562796,bull_trend,14.75,43.112500,0.342128,small_range
2017-01-17,NQ,5040.00,4980.858577,4913.717196,bull_trend,28.50,42.162500,0.675956,small_range
2017-01-18,NQ,5053.75,4987.800617,4919.208679,bull_trend,23.25,40.637500,0.572132,small_range
2017-01-19,NQ,5056.00,4994.295796,4924.573044,bull_trend,38.25,41.312500,0.925870,normal_range
2017-01-20,NQ,5061.00,5000.648578,4929.923121,bull_trend,38.25,42.187500,0.906667,normal_range
2017-01-23,NQ,5064.25,5006.705856,4935.190842,bull_trend,39.50,42.362500,0.932428,normal_range
2017-01-24,NQ,5100.00,5015.591012,4941.653946,bull_trend,44.00,43.512500,1.011204,normal_range
2017-01-25,NQ,5149.75,5028.368059,4949.814575,bull_trend,50.25,43.300000,1.160508,normal_range
2017-01-26,NQ,5146.50,5039.618720,4957.527729,bull_trend,26.75,41.687500,0.641679,small_range
2017-01-27,NQ,5165.00,5051.559794,4965.663897,bull_trend,28.25,41.487500,0.680928,small_range
2017-01-30,NQ,5125.75,5058.625528,4971.941783,bull_trend,60.00,40.512500,1.481024,large_range
2017-01-31,NQ,5131.75,5065.589764,4978.208772,bull_trend,51.75,39.837500,1.299027,large_range
2017-02-01,NQ,5149.50,5073.581215,4984.926075,bull_trend,35.25,39.625000,0.889590,normal_range
2017-02-02,NQ,5129.50,5078.906813,4990.595641,bull_trend,38.00,39.337500,0.965999,normal_range
2017-02-03,NQ,5158.00,5086.439498,4997.160518,bull_trend,42.50,38.212500,1.112202,normal_range
2017-02-06,NQ,5160.00,5093.445260,5003.546380,bull_trend,23.25,38.025000,0.611440,small_range
2017-02-07,NQ,5175.25,5101.236187,5010.279855,bull_trend,37.75,37.925000,0.995386,normal_range
2017-02-08,NQ,5190.75,5109.761312,5017.357116,bull_trend,33.50,37.562500,0.891847,normal_range
2017-02-09,NQ,5212.25,5119.522140,5024.999974,bull_trend,33.00,36.337500,0.908153,normal_range
2017-02-10,NQ,5227.25,5129.781936,5032.931347,bull_trend,22.75,36.075000,0.630631,small_range
2017-02-13,NQ,5260.75,5142.255085,5041.865412,bull_trend,34.75,37.000000,0.939189,normal_range
2017-02-14,NQ,5275.25,5154.921267,5051.017749,bull_trend,38.25,37.487500,1.020340,normal_range
2017-02-15,NQ,5313.50,5170.024004,5061.311171,bull_trend,48.25,38.737500,1.245563,large_range
2017-02-16,NQ,5301.50,5182.545527,5070.730340,bull_trend,28.50,38.250000,0.745098,small_range
2017-02-17,NQ,5328.50,5196.445953,5080.838954,bull_trend,42.00,38.437500,1.092683,normal_range
2017-02-20,NQ,5340.50,5210.165386,5091.021741,bull_trend,25.00,37.712500,0.662910,small_range
2017-02-21,NQ,5345.25,5223.030588,5100.991476,bull_trend,22.00,36.612500,0.600888,small_range
2017-02-22,NQ,5353.75,5235.480055,5110.903575,bull_trend,19.25,35.062500,0.549020,small_range
2017-02-23,NQ,5331.50,5244.624812,5119.554415,bull_trend,50.50,36.250000,1.393103,large_range
2017-02-24,NQ,5342.75,5253.970068,5128.307183,bull_trend,45.50,37.112500,1.226002,large_range
2017-02-27,NQ,5343.75,5262.520538,5136.755921,bull_trend,29.25,35.050000,0.834522,normal_range
2017-02-28,NQ,5336.50,5269.566201,5144.589022,bull_trend,33.00,34.112500,0.967387,normal_range
2017-03-01,NQ,5385.50,5280.607515,5154.036512,bull_trend,68.00,35.750000,1.902098,large_range
2017-03-02,NQ,5360.75,5288.240133,5162.142923,bull_trend,37.50,35.725000,1.049685,normal_range
2017-03-03,NQ,5372.75,5296.288691,5170.402024,bull_trend,29.25,35.062500,0.834225,normal_range
2017-03-06,NQ,5352.75,5301.665959,5177.552925,bull_trend,35.50,35.675000,0.995095,normal_range
2017-03-07,NQ,5350.50,5306.316820,5184.335163,bull_trend,32.75,35.425000,0.924488,normal_range
2017-03-08,NQ,5363.25,5311.739028,5191.351431,bull_trend,43.50,35.925000,1.210856,large_range
2017-03-09,NQ,5371.25,5317.406739,5198.406277,bull_trend,36.50,36.100000,1.011080,normal_range
2017-03-10,NQ,5382.00,5323.558478,5205.606031,bull_trend,32.25,36.575000,0.881750,normal_range
2017-03-13,NQ,5396.00,5330.457671,5213.072461,bull_trend,24.75,36.075000,0.686071,small_range
2017-03-14,NQ,5386.00,5335.747417,5219.853933,bull_trend,36.50,35.987500,1.014241,normal_range
2017-03-15,NQ,5417.25,5343.509567,5227.594956,bull_trend,51.50,36.150000,1.424620,large_range
2017-03-16,NQ,5416.00,5350.413418,5234.983389,bull_trend,37.75,36.612500,1.031069,normal_range
2017-03-17,NQ,5409.25,5356.016902,5241.817373,bull_trend,18.75,35.450000,0.528914,small_range
2017-03-20,NQ,5417.00,5361.824816,5248.687280,bull_trend,32.00,35.800000,0.893855,normal_range
2017-03-21,NQ,5335.00,5359.270072,5252.072093,range,111.00,40.250000,2.757764,large_range
2017-03-22,NQ,5365.00,5359.815779,5256.500638,bull_trend,61.25,42.350000,1.446281,large_range
2017-03-23,NQ,5357.50,5359.595229,5260.461398,range,31.25,41.387500,0.755059,small_range
2017-03-24,NQ,5373.00,5360.871874,5264.874676,bull_trend,47.50,41.487500,1.144923,normal_range
2017-03-27,NQ,5382.75,5362.955505,5269.497238,bull_trend,68.50,43.450000,1.576525,large_range
2017-03-28,NQ,5407.25,5367.174028,5274.899307,bull_trend,61.25,44.862500,1.365283,large_range
2017-03-29,NQ,5436.00,5373.728883,5281.216981,bull_trend,32.75,43.100000,0.759861,small_range
2017-03-30,NQ,5440.75,5380.111846,5287.473178,bull_trend,24.50,42.450000,0.577150,small_range
2017-03-31,NQ,5435.75,5385.410718,5293.287955,bull_trend,31.75,42.575000,0.745743,small_range
2017-04-03,NQ,5433.25,5389.966840,5298.776663,bull_trend,51.75,43.387500,1.192740,normal_range
2017-04-04,NQ,5447.50,5395.446189,5304.608951,bull_trend,41.25,43.812500,0.941512,normal_range
2017-04-05,NQ,5413.50,5397.165599,5308.879188,bull_trend,72.25,45.250000,1.596685,large_range
2017-04-06,NQ,5425.75,5399.887923,5313.462357,bull_trend,47.25,45.787500,1.031941,normal_range
2017-04-07,NQ,5420.75,5401.874788,5317.669716,bull_trend,53.25,46.837500,1.136910,normal_range
2017-04-10,NQ,5426.50,5404.220046,5321.937570,bull_trend,38.00,47.500000,0.800000,normal_range
2017-04-11,NQ,5404.75,5404.270518,5325.185116,bull_trend,71.25,49.237500,1.447068,large_range
2017-04-12,NQ,5369.75,5400.982849,5326.932759,range,43.75,48.850000,0.895599,normal_range
2017-04-13,NQ,5357.50,5396.841626,5328.131474,range,52.00,49.562500,1.049180,normal_range
2017-04-17,NQ,5397.75,5396.928137,5330.861612,bull_trend,51.75,51.212500,1.010495,normal_range
2017-04-18,NQ,5391.75,5396.434982,5333.249392,range,29.75,51.100000,0.582192,small_range
2017-04-19,NQ,5394.50,5396.250698,5335.651377,range,42.00,47.650000,0.881427,normal_range
2017-04-20,NQ,5444.25,5400.822060,5339.910146,bull_trend,60.25,47.600000,1.265756,large_range
2017-04-21,NQ,5436.00,5404.172340,5343.678376,bull_trend,27.25,47.400000,0.574895,small_range
2017-04-24,NQ,5503.50,5413.632117,5349.945891,bull_trend,41.75,48.862500,0.854438,normal_range
2017-04-25,NQ,5547.25,5426.357630,5357.683307,bull_trend,58.25,48.350000,1.204757,large_range
2017-04-26,NQ,5535.00,5436.704522,5364.636902,bull_trend,27.50,46.662500,0.589338,small_range
2017-04-27,NQ,5586.50,5450.970758,5373.337416,bull_trend,64.75,48.262500,1.341621,large_range
2017-04-28,NQ,5581.00,5463.354495,5381.481047,bull_trend,26.00,48.337500,0.537885,small_range
2017-05-01,NQ,5632.00,5479.415972,5391.305319,bull_trend,63.75,49.937500,1.276596,large_range
2017-05-02,NQ,5622.75,5493.066832,5400.381581,bull_trend,19.25,48.312500,0.398448,small_range
2017-05-03,NQ,5610.25,5504.227134,5408.611716,bull_trend,25.00,47.500000,0.526316,small_range
2017-05-04,NQ,5628.00,5516.015026,5417.215178,bull_trend,30.25,45.400000,0.666300,small_range
2017-05-05,NQ,5649.00,5528.680261,5426.304779,bull_trend,37.00,44.887500,0.824283,normal_range
2017-05-08,NQ,5655.25,5540.734522,5435.283023,bull_trend,26.00,43.525000,0.597358,small_range
2017-05-09,NQ,5680.50,5554.045520,5444.899375,bull_trend,37.00,43.475000,0.851064,normal_range
2017-05-10,NQ,5675.50,5565.612613,5453.942536,bull_trend,21.50,41.025000,0.524071,small_range
2017-05-11,NQ,5670.75,5575.625698,5462.444790,bull_trend,40.00,40.837500,0.979492,normal_range
2017-05-12,NQ,5689.50,5586.470869,5471.348916,bull_trend,33.25,39.900000,0.833333,normal_range
2017-05-15,NQ,5704.75,5597.735548,5480.501899,bull_trend,24.00,38.512500,0.623174,small_range
2017-05-16,NQ,5724.50,5609.808353,5490.070452,bull_trend,31.00,38.575000,0.803629,normal_range
2017-05-17,NQ,5576.50,5606.636129,5493.459846,range,149.25,43.962500,3.394939,large_range
2017-05-18,NQ,5633.00,5609.146974,5498.932009,bull_trend,98.00,45.850000,2.137405,large_range
2017-05-19,NQ,5655.25,5613.537738,5505.062127,bull_trend,54.50,47.212500,1.154355,normal_range
2017-05-22,NQ,5703.00,5622.057954,5512.824396,bull_trend,55.50,46.150000,1.202600,large_range
2017-05-23,NQ,5710.75,5630.504815,5520.586185,bull_trend,30.00,44.737500,0.670578,small_range
2017-05-24,NQ,5733.50,5640.313881,5528.935746,bull_trend,29.25,44.825000,0.652538,small_range
2017-05-25,NQ,5783.25,5653.926844,5538.908854,bull_trend,64.25,44.800000,1.434152,large_range
2017-05-26,NQ,5795.50,5667.410002,5548.971252,bull_trend,23.75,44.687500,0.531469,small_range
2017-05-29,NQ,5796.00,5679.656668,5558.658654,bull_trend,11.50,42.075000,0.273321,small_range
2017-05-30,NQ,5794.00,5690.546510,5567.887726,bull_trend,24.50,42.337500,0.578683,small_range
2017-05-31,NQ,5804.75,5701.423032,5577.176443,bull_trend,55.50,43.862500,1.265318,large_range
2017-06-01,NQ,5823.00,5713.001791,5586.816582,bull_trend,43.50,44.525000,0.976979,normal_range
2017-06-02,NQ,5885.25,5729.406383,5598.519853,bull_trend,64.75,45.912500,1.410291,large_range
2017-06-05,NQ,5881.00,5743.843870,5609.597506,bull_trend,18.50,45.537500,0.406259,small_range
2017-06-06,NQ,5863.00,5755.192073,5619.534859,bull_trend,44.75,45.925000,0.974415,normal_range
2017-06-07,NQ,5879.00,5766.983304,5629.709963,bull_trend,39.00,46.762500,0.834002,normal_range
2017-06-08,NQ,5891.00,5778.794418,5639.956631,bull_trend,44.25,46.975000,0.941990,normal_range
2017-06-09,NQ,5737.25,5774.837807,5643.772057,range,238.50,57.237500,4.166849,large_range
2017-06-12,NQ,5714.25,5769.067539,5646.535898,range,112.00,61.637500,1.817076,large_range
2017-06-13,NQ,5754.00,5767.632536,5650.750176,range,53.50,62.762500,0.852420,normal_range
2017-06-14,NQ,5729.75,5764.024675,5653.848209,range,102.00,60.375000,1.689441,large_range
2017-06-15,NQ,5710.25,5758.903277,5656.060044,range,91.25,60.037500,1.519883,large_range
2017-06-16,NQ,5691.75,5752.507727,5657.459650,range,66.50,60.637500,1.096681,normal_range
2017-06-19,NQ,5770.00,5754.173658,5661.872997,bull_trend,99.25,62.825000,1.579785,large_range
2017-06-20,NQ,5732.00,5752.061881,5664.623075,range,55.00,64.075000,0.858369,normal_range
2017-06-21,NQ,5795.75,5756.222654,5669.765308,bull_trend,97.50,67.487500,1.444712,large_range
2017-06-22,NQ,5785.00,5758.963354,5674.284315,bull_trend,43.75,66.462500,0.658266,small_range
2017-06-23,NQ,5805.50,5763.395415,5679.430028,bull_trend,52.50,67.900000,0.773196,small_range
2017-06-26,NQ,5780.00,5764.976804,5683.373949,bull_trend,84.00,71.525000,1.174415,normal_range
2017-06-27,NQ,5674.00,5756.312347,5683.006343,range,115.00,76.050000,1.512163,large_range
2017-06-28,NQ,5767.00,5757.330219,5686.300212,bull_trend,136.75,80.112500,1.706975,large_range
2017-06-29,NQ,5650.25,5747.132103,5684.886478,range,175.00,86.687500,2.018745,large_range
2017-06-30,NQ,5657.50,5738.595712,5683.812499,range,63.00,86.600000,0.727483,small_range
2017-07-03,NQ,5589.00,5724.348501,5680.094361,range,109.50,91.150000,1.201317,large_range
2017-07-04,NQ,5580.75,5710.672453,5676.198504,range,58.25,91.825000,0.634359,small_range
2017-07-05,NQ,5651.00,5704.989363,5675.210327,range,100.75,94.912500,1.061504,normal_range
2017-07-06,NQ,5597.25,5694.728471,5672.153060,range,72.75,96.337500,0.755158,small_range
2017-07-07,NQ,5657.25,5691.159093,5671.568626,range,85.00,88.662500,0.958692,normal_range
2017-07-10,NQ,5693.75,5691.405846,5672.438484,bull_trend,61.50,86.137500,0.713975,small_range
2017-07-11,NQ,5719.50,5694.081480,5674.284033,bull_trend,55.00,86.212500,0.637959,small_range
2017-07-12,NQ,5787.00,5702.930862,5678.704267,bull_trend,77.25,84.975000,0.909091,normal_range
2017-07-13,NQ,5799.50,5712.127923,5683.441355,bull_trend,34.75,82.150000,0.423007,small_range
2017-07-14,NQ,5847.00,5724.972883,5689.855419,bull_trend,60.00,81.825000,0.733272,small_range
2017-07-17,NQ,5859.00,5737.737370,5696.488540,bull_trend,32.50,78.487500,0.414079,small_range
2017-07-18,NQ,5896.50,5752.857621,5704.332127,bull_trend,78.25,79.650000,0.982423,normal_range
2017-07-19,NQ,5919.50,5768.728323,5712.770083,bull_trend,36.00,76.575000,0.470127,small_range
2017-07-20,NQ,5930.75,5784.158959,5721.318315,bull_trend,41.50,76.462500,0.542750,small_range
2017-07-21,NQ,5923.00,5797.381916,5729.227400,bull_trend,40.75,75.875000,0.537068,small_range
2017-07-24,NQ,5925.25,5809.559828,5736.914561,bull_trend,49.75,74.162500,0.670824,small_range
2017-07-25,NQ,5934.50,5821.458892,5744.663010,bull_trend,30.50,69.937500,0.436104,small_range
2017-07-26,NQ,5953.00,5833.986617,5752.833088,bull_trend,31.00,64.650000,0.479505,small_range
2017-07-27,NQ,5905.75,5840.821225,5758.829830,bull_trend,151.00,63.450000,2.379827,large_range
2017-07-28,NQ,5913.00,5847.695394,5764.875719,bull_trend,68.25,63.712500,1.071218,normal_range
2017-07-31,NQ,5884.75,5851.224404,5769.576671,bull_trend,63.25,61.400000,1.030130,normal_range
2017-08-01,NQ,5930.50,5858.774461,5775.887390,bull_trend,55.75,61.275000,0.909833,normal_range
2017-08-02,NQ,5915.00,5864.129274,5781.342786,bull_trend,91.25,60.800000,1.500822,large_range
2017-08-03,NQ,5888.50,5866.450296,5785.545030,bull_trend,47.25,59.525000,0.793784,small_range
2017-08-04,NQ,5897.00,5869.359791,5789.915813,bull_trend,37.75,57.162500,0.660398,small_range
2017-08-07,NQ,5937.00,5875.801716,5795.683820,bull_trend,39.75,56.125000,0.708241,small_range
2017-08-08,NQ,5914.25,5879.463457,5800.333474,bull_trend,65.25,56.637500,1.152064,normal_range
2017-08-09,NQ,5924.00,5883.705033,5805.183142,bull_trend,62.75,55.912500,1.122289,normal_range
2017-08-10,NQ,5771.50,5873.018839,5803.862234,range,155.75,62.012500,2.511590,large_range
2017-08-11,NQ,5837.25,5869.612283,5805.171559,range,84.75,63.250000,1.339921,large_range
2017-08-14,NQ,5913.50,5873.792066,5809.419733,bull_trend,79.50,65.600000,1.211890,large_range
2017-08-15,NQ,5913.75,5877.597583,5813.511116,bull_trend,49.50,64.162500,0.771479,small_range
2017-08-16,NQ,5920.25,5881.659718,5817.696954,bull_trend,47.50,64.737500,0.733732,small_range
2017-08-17,NQ,5794.50,5873.358793,5816.787270,range,137.25,69.525000,1.974110,large_range
2017-08-18,NQ,5797.00,5866.086527,5816.011299,range,62.50,70.612500,0.885112,normal_range
2017-08-21,NQ,5796.25,5859.435429,5815.236346,range,64.50,71.350000,0.903994,normal_range
2017-08-22,NQ,5880.25,5861.417769,5817.785901,bull_trend,88.00,74.225000,1.185584,normal_range
2017-08-23,NQ,5843.50,5859.711315,5818.794297,range,42.50,74.800000,0.568182,small_range
2017-08-24,NQ,5846.00,5858.405475,5819.861187,range,71.00,70.800000,1.002825,normal_range
2017-08-25,NQ,5825.25,5855.247811,5820.072513,range,57.50,70.262500,0.818360,normal_range
2017-08-28,NQ,5845.75,5854.343258,5821.079473,range,54.75,69.837500,0.783963,small_range
2017-08-29,NQ,5869.75,5855.810566,5822.988121,bull_trend,98.25,71.962500,1.365294,large_range
2017-08-30,NQ,5935.00,5863.352417,5827.380744,bull_trend,81.50,71.475000,1.140259,normal_range
2017-08-31,NQ,5995.50,5875.937901,5833.973656,bull_trend,65.50,72.387500,0.904852,normal_range
2017-09-01,NQ,5986.50,5886.467625,5839.955081,bull_trend,46.50,72.825000,0.638517,small_range
2017-09-04,NQ,5979.25,5895.304042,5845.417627,bull_trend,35.75,72.787500,0.491156,small_range
2017-09-05,NQ,5941.25,5899.679847,5849.175760,bull_trend,95.25,74.287500,1.282181,large_range
2017-09-06,NQ,5952.00,5904.662719,5853.208083,bull_trend,56.50,73.975000,0.763772,small_range
2017-09-07,NQ,5969.25,5910.813888,5857.758746,bull_trend,49.25,68.600000,0.717930,small_range
2017-09-08,NQ,5918.75,5911.569709,5860.150560,bull_trend,64.50,67.587500,0.954318,normal_range
2017-09-11,NQ,5985.00,5918.563070,5865.046616,bull_trend,63.00,67.262500,0.936629,normal_range
2017-09-12,NQ,6000.50,5926.366587,5870.358514,bull_trend,36.50,66.612500,0.547945,small_range
2017-09-13,NQ,6003.25,5933.688817,5875.569945,bull_trend,29.75,65.725000,0.452644,small_range
2017-09-14,NQ,5971.00,5937.242263,5879.312300,bull_trend,37.25,60.725000,0.613421,small_range
2017-09-15,NQ,5997.75,5943.004904,5883.956915,bull_trend,67.75,60.987500,1.110883,normal_range
2017-09-18,NQ,5988.00,5947.290152,5888.037036,bull_trend,51.00,60.312500,0.845596,normal_range
2017-09-19,NQ,5993.75,5951.714899,5892.182643,bull_trend,29.75,57.400000,0.518293,small_range
2017-09-20,NQ,5976.50,5954.075385,5895.489206,bull_trend,70.00,58.775000,1.190983,normal_range
2017-09-21,NQ,5943.50,5953.068205,5897.371982,range,61.00,58.275000,1.046761,normal_range
2017-09-22,NQ,5936.25,5951.466472,5898.896610,range,34.50,57.125000,0.603939,small_range
2017-09-25,NQ,5878.75,5944.541093,5898.106547,range,112.25,60.000000,1.870833,large_range
2017-09-26,NQ,5891.25,5939.465751,5897.837663,range,49.75,57.575000,0.864090,normal_range
2017-09-27,NQ,5937.50,5939.278537,5899.393049,range,76.50,57.325000,1.334496,large_range
2017-09-28,NQ,5940.00,5939.347247,5900.985478,bull_trend,37.00,55.900000,0.661896,small_range
2017-09-29,NQ,5980.00,5943.218938,5904.084087,bull_trend,52.50,56.200000,0.934164,normal_range
2017-10-02,NQ,5985.75,5947.269515,5907.286672,bull_trend,51.25,56.762500,0.902885,normal_range
2017-10-03,NQ,5998.50,5952.148609,5910.863665,bull_trend,26.00,53.300000,0.487805,small_range
2017-10-04,NQ,6005.00,5957.182075,5914.555286,bull_trend,36.00,52.275000,0.688666,small_range
2017-10-05,NQ,6062.50,5967.212354,5920.357039,bull_trend,67.00,53.162500,1.260287,large_range
2017-10-06,NQ,6066.00,5976.620701,5926.068528,bull_trend,34.00,51.637500,0.658436,small_range
2017-10-09,NQ,6062.00,5984.752063,5931.399174,bull_trend,29.25,49.450000,0.591507,small_range
2017-10-10,NQ,6065.00,5992.394723,5936.638422,bull_trend,49.50,50.100000,0.988024,normal_range
2017-10-11,NQ,6083.25,6001.047607,5942.387896,bull_trend,32.75,50.250000,0.651741,small_range
2017-10-12,NQ,6074.00,6007.995454,5947.549155,bull_trend,30.50,49.912500,0.611069,small_range
2017-10-13,NQ,6099.50,6016.710173,5953.508011,bull_trend,35.50,48.300000,0.734990,small_range
2017-10-16,NQ,6120.00,6026.547299,5960.037109,bull_trend,23.50,46.925000,0.500799,small_range
2017-10-17,NQ,6121.50,6035.590413,5966.368987,bull_trend,20.50,46.462500,0.441216,small_range
2017-10-18,NQ,6119.25,6043.557993,5972.364321,bull_trend,24.75,44.200000,0.559955,small_range
2017-10-19,NQ,6099.00,6048.838184,5977.330426,bull_trend,70.50,44.675000,1.578064,large_range
2017-10-20,NQ,6109.25,6054.591690,5982.503743,bull_trend,39.00,44.900000,0.868597,normal_range
2017-10-23,NQ,6065.75,6055.654387,5985.768302,bull_trend,67.50,42.662500,1.582186,large_range
2017-10-24,NQ,6074.00,6057.401588,5989.228368,bull_trend,35.50,41.950000,0.846246,normal_range
2017-10-25,NQ,6066.50,6058.268103,5992.258628,bull_trend,76.50,41.950000,1.823600,large_range
2017-10-26,NQ,6089.00,6061.194951,5996.052408,bull_trend,61.25,43.162500,1.419056,large_range
2017-10-27,NQ,6214.50,6075.795432,6004.618980,bull_trend,147.00,47.887500,3.069695,large_range
2017-10-30,NQ,6221.75,6089.695867,6013.133922,bull_trend,49.25,47.787500,1.030604,normal_range
2017-10-31,NQ,6251.25,6105.081975,6022.471807,bull_trend,39.50,48.462500,0.815063,normal_range
2017-11-01,NQ,6235.25,6117.478929,6030.816050,bull_trend,61.00,49.712500,1.227056,large_range
2017-11-02,NQ,6259.00,6130.957127,6039.764440,bull_trend,70.50,49.887500,1.413180,large_range
2017-11-03,NQ,6288.50,6145.961210,6049.518776,bull_trend,60.75,51.225000,1.185944,normal_range
2017-11-06,NQ,6313.00,6161.869666,6059.851373,bull_trend,49.50,52.237500,0.947595,normal_range
2017-11-07,NQ,6314.75,6176.429698,6069.847398,bull_trend,35.25,51.525000,0.684134,small_range
2017-11-08,NQ,6340.50,6192.055441,6080.461225,bull_trend,44.00,52.087500,0.844732,normal_range
2017-11-09,NQ,6313.00,6203.573970,6089.580393,bull_trend,106.75,55.900000,1.909660,large_range
2017-11-10,NQ,6307.50,6213.471687,6098.126260,bull_trend,40.00,56.125000,0.712695,small_range
2017-11-13,NQ,6312.25,6222.879146,6106.523269,bull_trend,44.00,57.150000,0.769904,small_range
2017-11-14,NQ,6294.00,6229.652560,6113.875298,bull_trend,55.50,58.900000,0.942275,normal_range
2017-11-15,NQ,6264.00,6232.923745,6119.762541,bull_trend,64.00,60.862500,1.051551,normal_range
2017-11-16,NQ,6345.00,6243.597674,6128.595383,bull_trend,97.75,62.225000,1.570912,large_range
2017-11-17,NQ,6309.75,6249.897896,6135.699485,bull_trend,43.25,62.437500,0.692693,small_range
2017-11-20,NQ,6317.50,6256.336191,6142.828917,bull_trend,38.00,60.962500,0.623334,small_range
2017-11-21,NQ,6379.25,6268.042268,6152.100332,bull_trend,74.00,62.887500,1.176704,normal_range
2017-11-22,NQ,6387.00,6279.371576,6161.312084,bull_trend,20.00,60.062500,0.332986,small_range
2017-11-23,NQ,6385.25,6289.455236,6170.093963,bull_trend,22.25,58.112500,0.382878,small_range
2017-11-24,NQ,6414.50,6301.364261,6179.678513,bull_trend,36.25,52.575000,0.689491,small_range
2017-11-27,NQ,6414.50,6312.139093,6188.887199,bull_trend,29.75,51.600000,0.576550,small_range
2017-11-28,NQ,6422.75,6322.673465,6198.058289,bull_trend,40.75,51.662500,0.788773,small_range
2017-11-29,NQ,6304.50,6320.942659,6202.232474,range,145.50,55.887500,2.603444,large_range
2017-11-30,NQ,6355.75,6324.257644,6208.252769,bull_trend,88.50,56.787500,1.558442,large_range
2017-12-01,NQ,6344.75,6326.209297,6213.605602,bull_trend,123.00,59.900000,2.053422,large_range
2017-12-04,NQ,6261.50,6320.046507,6215.483814,range,141.00,64.475000,2.186894,large_range
2017-12-05,NQ,6269.00,6315.184935,6217.582487,range,108.00,68.112500,1.585612,large_range
2017-12-06,NQ,6301.00,6313.833988,6220.853762,range,74.50,69.637500,1.069826,normal_range
2017-12-07,NQ,6324.75,6314.873609,6224.928125,bull_trend,46.75,66.637500,0.701557,small_range
2017-12-08,NQ,6343.75,6317.623741,6229.587806,bull_trend,58.50,67.562500,0.865865,normal_range
2017-12-11,NQ,6406.00,6326.040528,6236.505931,bull_trend,70.00,68.862500,1.016518,normal_range
2017-12-12,NQ,6384.25,6331.584287,6242.299816,bull_trend,36.00,67.887500,0.530289,small_range
2017-12-13,NQ,6400.00,6338.100069,6248.484137,bull_trend,53.25,67.350000,0.790646,small_range
2017-12-14,NQ,6403.50,6344.328634,6254.563191,bull_trend,47.00,64.812500,0.725169,small_range
2017-12-15,NQ,6500.00,6359.154478,6264.188164,bull_trend,102.00,67.750000,1.505535,large_range
2017-12-18,NQ,6535.50,6375.949290,6274.827844,bull_trend,44.50,68.075000,0.653691,small_range
2017-12-19,NQ,6503.50,6388.096977,6283.795379,bull_trend,66.00,67.675000,0.975249,normal_range
2017-12-20,NQ,6484.75,6397.302026,6291.675952,bull_trend,65.75,69.962500,0.939789,normal_range
2017-12-21,NQ,6489.25,6406.058976,6299.423954,bull_trend,44.75,71.087500,0.629506,small_range
2017-12-22,NQ,6483.25,6413.410502,6306.632819,bull_trend,34.25,70.987500,0.482479,small_range
2017-12-26,NQ,6460.75,6417.919026,6312.676630,bull_trend,59.75,72.487500,0.824280,normal_range
2017-12-27,NQ,6452.00,6421.164833,6318.140291,bull_trend,33.50,72.125000,0.464471,small_range
2017-12-28,NQ,6444.75,6423.411039,6323.105378,bull_trend,35.25,66.612500,0.529180,small_range
2017-12-29,NQ,6385.00,6419.752845,6325.532618,range,84.50,66.412500,1.272351,large_range
2018-01-02,NQ,6515.25,6428.847812,6332.972515,bull_trend,125.50,67.175000,1.868255,large_range
2018-01-03,NQ,6583.75,6443.600402,6342.806927,bull_trend,80.00,64.125000,1.247563,large_range
2018-01-04,NQ,6606.75,6459.138459,6353.157635,bull_trend,37.50,60.600000,0.618812,small_range
2018-01-05,NQ,6665.75,6478.815748,6365.416159,bull_trend,71.25,60.437500,1.178904,normal_range
2018-01-08,NQ,6689.00,6498.833296,6378.105722,bull_trend,37.50,59.975000,0.625261,small_range
2018-01-09,NQ,6680.75,6516.158696,6389.974125,bull_trend,40.00,59.050000,0.677392,small_range
2018-01-10,NQ,6676.25,6531.405487,6401.200630,bull_trend,58.50,58.475000,1.000428,normal_range
2018-01-11,NQ,6723.50,6549.700203,6413.839821,bull_trend,64.50,59.900000,1.076795,normal_range
2018-01-12,NQ,6772.00,6570.871612,6427.885318,bull_trend,74.50,60.962500,1.222063,large_range
2018-01-15,NQ,6780.25,6590.812411,6441.703541,bull_trend,25.50,59.937500,0.425443,small_range
2018-01-16,NQ,6761.00,6607.020753,6454.224971,bull_trend,116.50,60.662500,1.920462,large_range
2018-01-17,NQ,6819.50,6627.256871,6468.549482,bull_trend,89.50,62.912500,1.422611,large_range
2018-01-18,NQ,6816.00,6645.232408,6482.174992,bull_trend,42.00,61.712500,0.680575,small_range
2018-01-19,NQ,6850.00,6664.734083,6496.599502,bull_trend,55.50,61.200000,0.906863,normal_range
2018-01-22,NQ,6931.75,6690.164170,6513.664228,bull_trend,117.00,64.812500,1.805207,large_range
2018-01-23,NQ,6960.00,6715.862821,6531.167591,bull_trend,61.50,66.175000,0.929354,normal_range
2018-01-24,NQ,6935.75,6736.804457,6547.033568,bull_trend,116.00,68.987500,1.681464,large_range
2018-01-25,NQ,6938.50,6756.013556,6562.385193,bull_trend,85.25,71.575000,1.191058,normal_range
2018-01-26,NQ,7031.50,6782.250360,6580.781852,bull_trend,100.25,74.825000,1.339793,large_range
2018-01-29,NQ,6995.00,6802.512231,6597.025701,bull_trend,67.25,73.962500,0.909245,normal_range
2018-01-30,NQ,6939.75,6815.582495,6610.465869,bull_trend,103.75,72.237500,1.436235,large_range
2018-01-31,NQ,6928.50,6826.336543,6622.937796,bull_trend,69.50,71.712500,0.969148,normal_range
2018-02-01,NQ,6935.75,6836.756872,6635.204941,bull_trend,103.00,74.987500,1.373562,large_range
2018-02-02,NQ,6753.25,6828.803837,6639.834159,range,211.25,81.987500,2.576612,large_range
2018-02-05,NQ,6467.25,6794.370138,6633.066153,range,425.75,101.400000,4.198718,large_range
2018-02-06,NQ,6635.75,6779.263458,6633.171402,range,417.25,120.262500,3.469494,large_range
2018-02-07,NQ,6545.25,6756.976462,6629.723504,range,185.75,126.625000,1.466930,large_range
2018-02-08,NQ,6336.25,6716.907275,6618.214739,range,317.50,139.275000,2.279663,large_range
2018-02-09,NQ,6425.75,6689.178011,6610.667102,range,291.50,150.125000,1.941715,large_range
2018-02-12,NQ,6526.00,6673.637248,6607.346824,range,153.25,156.462500,0.979468,normal_range
2018-02-13,NQ,6561.50,6662.957510,6605.548909,range,100.25,155.650000,0.644073,small_range
2018-02-14,NQ,6676.50,6664.247271,6608.331305,bull_trend,236.50,163.000000,1.450920,large_range
2018-02-15,NQ,6820.75,6679.152293,6616.661450,bull_trend,157.75,168.787500,0.934607,normal_range
2018-02-16,NQ,6781.50,6688.899693,6623.125707,bull_trend,97.75,170.900000,0.571972,small_range
2018-02-19,NQ,6779.75,6697.552104,6629.267836,bull_trend,61.25,168.112500,0.364339,small_range
2018-02-20,NQ,6792.00,6706.547141,6635.649489,bull_trend,120.50,171.062500,0.704421,small_range
2018-02-21,NQ,6755.00,6711.161699,6640.329901,bull_trend,144.25,172.475000,0.836353,normal_range
2018-02-22,NQ,6796.00,6719.241537,6646.434611,bull_trend,136.75,175.050000,0.781205,small_range
2018-02-23,NQ,6902.50,6736.694724,6656.476391,bull_trend,131.00,176.587500,0.741842,small_range
2018-02-26,NQ,7003.50,6762.104751,6670.085160,bull_trend,117.50,179.100000,0.656058,small_range
2018-02-27,NQ,6913.75,6776.547155,6679.640644,bull_trend,105.00,179.162500,0.586060,small_range
2018-02-28,NQ,6879.50,6786.352188,6687.478266,bull_trend,112.75,181.325000,0.621812,small_range
2018-03-01,NQ,6765.75,6784.390075,6690.547746,range,209.75,186.662500,1.123686,normal_range
2018-03-02,NQ,6808.50,6786.686258,6695.173324,bull_trend,177.25,184.962500,0.958302,normal_range
2018-03-05,NQ,6881.50,6795.716139,6702.480253,bull_trend,162.00,171.775000,0.943094,normal_range
2018-03-06,NQ,6910.00,6806.600316,6710.618282,bull_trend,67.50,154.287500,0.437495,small_range
2018-03-07,NQ,6923.50,6817.733619,6718.966585,bull_trend,138.75,151.937500,0.913204,normal_range
2018-03-08,NQ,6972.25,6832.449465,6728.899268,bull_trend,63.75,139.250000,0.457810,small_range
2018-03-09,NQ,7096.75,6857.620944,6743.324787,bull_trend,140.75,131.712500,1.068615,normal_range
2018-03-12,NQ,7136.25,6884.157045,6758.733618,bull_trend,68.75,127.487500,0.539269,small_range
2018-03-13,NQ,7044.75,6899.451612,6769.949947,bull_trend,162.75,130.612500,1.246052,large_range
2018-03-14,NQ,7060.25,6914.765744,6781.334263,bull_trend,103.25,123.950000,0.832997,normal_range
2018-03-15,NQ,7076.25,6930.145197,6792.899586,bull_trend,72.75,119.700000,0.607769,small_range
2018-03-16,NQ,7045.50,6941.131369,6802.805485,bull_trend,51.75,117.400000,0.440801,small_range
2018-03-19,NQ,6915.75,6938.714096,6807.234681,range,221.75,125.550000,1.766229,large_range
2018-03-20,NQ,6917.75,6936.717515,6811.568615,range,64.75,122.762500,0.527441,small_range
2018-03-21,NQ,6882.75,6931.577752,6814.360042,range,108.75,120.987500,0.898853,normal_range
2018-03-22,NQ,6694.75,6909.022728,6809.669452,range,229.00,125.600000,1.823248,large_range
2018-03-23,NQ,6548.00,6874.639611,6799.407905,range,202.25,129.162500,1.565857,large_range
2018-03-26,NQ,6776.00,6865.245362,6798.489948,range,254.00,135.987500,1.867819,large_range
2018-03-27,NQ,6552.25,6835.436280,6788.833479,range,359.25,148.700000,2.415938,large_range
2018-03-28,NQ,6488.50,6802.394730,6777.055696,range,161.25,151.125000,1.066998,normal_range
2018-03-29,NQ,6570.50,6780.309517,6768.955473,range,210.00,151.137500,1.389463,large_range
2018-04-02,NQ,6412.25,6745.256230,6754.967023,bear_trend,262.00,155.375000,1.686243,large_range
2018-04-03,NQ,6471.25,6719.160398,6743.840865,bear_trend,145.50,154.550000,0.941443,normal_range
2018-04-04,NQ,6581.25,6706.026075,6737.464753,bear_trend,285.00,165.425000,1.722835,large_range
2018-04-05,NQ,6606.00,6696.499782,6732.309272,bear_trend,95.50,163.262500,0.584948,small_range
2018-04-06,NQ,6456.50,6673.642660,6721.493222,bear_trend,202.75,170.212500,1.191158,normal_range
2018-04-09,NQ,6493.50,6656.486216,6712.552312,bear_trend,158.00,171.250000,0.922628,normal_range
2018-04-10,NQ,6624.50,6653.439910,6709.099280,bear_trend,180.00,176.812500,1.018028,normal_range
2018-04-11,NQ,6595.50,6647.921823,6704.644406,bear_trend,112.50,174.300000,0.645439,small_range
2018-04-12,NQ,6673.50,6650.357840,6703.423057,range,104.00,174.337500,0.596544,small_range
2018-04-13,NQ,6642.25,6649.585665,6701.024113,bear_trend,106.75,176.037500,0.606405,small_range
2018-04-16,NQ,6703.50,6654.720363,6701.121207,range,82.75,177.587500,0.465967,small_range
2018-04-17,NQ,6825.50,6670.985091,6705.998807,range,146.25,173.687500,0.842030,normal_range
2018-04-18,NQ,6846.75,6687.724606,6711.518461,range,70.25,173.962500,0.403823,small_range
2018-04-19,NQ,6777.00,6696.227024,6714.086365,range,111.00,174.075000,0.637656,small_range
2018-04-20,NQ,6675.75,6694.276832,6712.582978,bear_trend,144.25,169.837500,0.849341,normal_range
2018-04-23,NQ,6662.50,6691.250467,6710.618940,bear_trend,111.25,165.287500,0.673070,small_range
2018-04-24,NQ,6526.50,6675.559946,6703.398589,bear_trend,250.50,165.112500,1.517147,large_range
2018-04-25,NQ,6573.00,6665.792332,6698.284919,bear_trend,147.00,154.500000,0.951456,normal_range
2018-04-26,NQ,6742.25,6673.074015,6700.009040,range,189.75,155.925000,1.216931,large_range
2018-04-27,NQ,6672.00,6672.971728,6698.910646,bear_trend,149.00,152.875000,0.974652,normal_range
2018-04-30,NQ,6603.25,6666.331563,6695.159248,bear_trend,122.50,145.900000,0.839616,normal_range
2018-05-01,NQ,6718.25,6671.276176,6696.064768,range,161.25,146.687500,1.099276,normal_range
2018-05-02,NQ,6628.75,6667.226064,6693.424973,bear_trend,104.25,137.650000,0.757356,small_range
2018-05-03,NQ,6666.00,6667.109296,6692.349484,bear_trend,133.50,139.550000,0.956646,normal_range
2018-05-04,NQ,6779.25,6677.789363,6695.757347,range,178.00,138.312500,1.286941,large_range
2018-05-07,NQ,6818.50,6691.190376,6700.570785,range,79.00,134.187500,0.588728,small_range
2018-05-08,NQ,6822.00,6703.648436,6705.332715,range,66.50,128.512500,0.517459,small_range
2018-05-09,NQ,6897.00,6722.062870,6712.849079,bull_trend,93.00,127.537500,0.729197,small_range
2018-05-10,NQ,6952.50,6744.009264,6722.247154,bull_trend,82.50,126.462500,0.652367,small_range
2018-05-11,NQ,6957.00,6764.294096,6731.453148,bull_trend,51.25,123.687500,0.414351,small_range
2018-05-14,NQ,6969.25,6783.813706,6740.778515,bull_trend,58.00,122.450000,0.473663,small_range
2018-05-15,NQ,6891.50,6794.069543,6746.689161,bull_trend,122.50,121.262500,1.010205,normal_range
2018-05-16,NQ,6934.25,6807.420063,6754.044488,bull_trend,78.00,121.650000,0.641184,small_range
2018-05-17,NQ,6904.25,6816.641962,6759.934900,bull_trend,87.00,120.450000,0.722291,small_range
2018-05-18,NQ,6873.75,6822.080822,6764.398238,bull_trend,74.00,116.937500,0.632817,small_range
2018-05-21,NQ,6914.00,6830.835030,6770.264973,bull_trend,75.50,115.537500,0.653467,small_range
2018-05-22,NQ,6908.50,6838.231694,6775.685955,bull_trend,64.75,106.250000,0.609412,small_range
2018-05-23,NQ,6957.00,6849.542961,6782.796310,bull_trend,131.75,105.487500,1.248963,large_range
2018-05-24,NQ,6955.25,6859.610298,6789.559199,bull_trend,89.75,100.487500,0.893146,normal_range
2018-05-25,NQ,6965.25,6869.671222,6796.449035,bull_trend,61.25,96.100000,0.637357,small_range
2018-05-28,NQ,6992.50,6881.369201,6804.137308,bull_trend,37.25,92.062500,0.404616,small_range
2018-05-29,NQ,6948.00,6887.714991,6809.778982,bull_trend,104.50,89.225000,1.171196,normal_range
2018-05-30,NQ,6984.00,6896.884992,6816.611179,bull_trend,76.25,87.825000,0.868204,normal_range
2018-05-31,NQ,6983.00,6905.086421,6823.136231,bull_trend,65.25,84.412500,0.772990,small_range
2018-06-01,NQ,7085.75,6922.292476,6833.434810,bull_trend,113.25,81.175000,1.395134,large_range
2018-06-04,NQ,7149.25,6943.907479,6845.819719,bull_trend,79.75,81.212500,0.981992,normal_range
2018-06-05,NQ,7183.25,6966.702005,6859.052279,bull_trend,50.00,80.387500,0.621987,small_range
2018-06-06,NQ,7217.25,6990.563718,6873.099249,bull_trend,80.00,79.737500,1.003292,normal_range
2018-06-07,NQ,7161.75,7006.867174,6884.418886,bull_trend,117.50,81.487500,1.441939,large_range
2018-06-08,NQ,7151.25,7020.617919,6894.882851,bull_trend,85.25,83.187500,1.024793,normal_range
2018-06-11,NQ,7165.25,7034.392403,6905.485485,bull_trend,64.00,83.487500,0.766582,small_range
2018-06-12,NQ,7216.25,7051.712174,6917.672328,bull_trend,63.75,80.550000,0.791434,small_range
2018-06-13,NQ,7208.75,7066.668158,6929.087139,bull_trend,70.75,80.187500,0.882307,normal_range
2018-06-14,NQ,7311.75,7090.009285,6944.093526,bull_trend,125.50,82.112500,1.528391,large_range
2018-06-15,NQ,7277.00,7107.817925,6957.148682,bull_trend,73.75,82.100000,0.898295,normal_range
2018-06-18,NQ,7273.50,7123.597170,6969.554616,bull_trend,80.50,81.962500,0.982156,normal_range
2018-06-19,NQ,7255.25,7136.135535,6980.758356,bull_trend,121.50,84.800000,1.432783,large_range
2018-06-20,NQ,7313.75,7153.051198,6993.816852,bull_trend,109.75,83.700000,1.311231,large_range
2018-06-21,NQ,7228.25,7160.212989,7003.010309,bull_trend,132.25,85.825000,1.540926,large_range
2018-06-22,NQ,7219.00,7165.811752,7011.480493,bull_trend,75.75,86.550000,0.875217,normal_range
2018-06-25,NQ,7069.50,7156.639204,7013.755768,range,227.25,95.825000,2.371511,large_range
2018-06-26,NQ,7092.75,7150.554518,7016.853581,range,89.50,95.075000,0.941362,normal_range
2018-06-27,NQ,6999.25,7136.144564,7016.163244,range,163.50,99.437500,1.644249,large_range
2018-06-28,NQ,7057.00,7128.606986,7017.764686,range,120.50,102.200000,1.179061,normal_range
2018-06-29,NQ,7067.75,7122.811083,7019.724894,range,78.75,100.475000,0.783777,small_range
2018-07-02,NQ,7115.75,7122.138599,7023.490584,range,132.25,103.100000,1.282735,large_range
2018-07-03,NQ,7023.00,7112.696827,7023.471346,range,142.75,107.737500,1.324980,large_range
2018-07-04,NQ,7042.50,7106.011415,7024.217567,range,37.75,105.625000,0.357396,small_range
2018-07-05,NQ,7125.75,7107.891281,7028.199232,bull_trend,110.75,105.287500,1.051882,normal_range
2018-07-06,NQ,7231.00,7119.615921,7036.152203,bull_trend,136.50,107.850000,1.265647,large_range
2018-07-09,NQ,7303.00,7137.081071,7046.616822,bull_trend,71.25,108.275000,0.658047,small_range
2018-07-10,NQ,7273.00,7150.025731,7055.494594,bull_trend,76.00,108.887500,0.697968,small_range
2018-07-11,NQ,7255.00,7160.023280,7063.318335,bull_trend,85.50,109.625000,0.779932,small_range
2018-07-12,NQ,7383.50,7181.306777,7075.874479,bull_trend,137.50,110.225000,1.247448,large_range
2018-07-13,NQ,7397.75,7201.920418,7088.497049,bull_trend,47.25,108.900000,0.433884,small_range
2018-07-16,NQ,7321.50,7213.308949,7097.634419,bull_trend,97.75,109.762500,0.890559,normal_range
2018-07-17,NQ,7425.00,7233.470002,7110.472285,bull_trend,143.50,110.862500,1.294396,large_range
2018-07-18,NQ,7398.25,7249.163335,7121.757686,bull_trend,56.25,108.187500,0.519931,small_range
2018-07-19,NQ,7366.25,7260.314446,7131.345620,bull_trend,61.25,104.637500,0.585354,small_range
2018-07-20,NQ,7366.00,7270.379737,7140.547752,bull_trend,63.00,104.000000,0.605769,small_range
2018-07-23,NQ,7420.25,7284.653095,7151.516468,bull_trend,121.25,98.700000,1.228470,large_range
2018-07-24,NQ,7411.75,7296.757562,7161.721704,bull_trend,103.00,99.375000,1.036478,normal_range
2018-07-25,NQ,7484.00,7314.590175,7174.360069,bull_trend,133.00,97.850000,1.359223,large_range
2018-07-26,NQ,7426.00,7325.200635,7184.228301,bull_trend,88.00,97.925000,0.898647,normal_range
2018-07-27,NQ,7299.75,7322.776765,7188.758564,range,203.50,104.162500,1.953678,large_range
2018-07-30,NQ,7208.00,7311.845644,7189.513130,range,142.50,104.675000,1.361357,large_range
2018-07-31,NQ,7292.50,7310.003202,7193.551831,range,108.75,102.975000,1.056082,normal_range
2018-08-01,NQ,7286.00,7307.717183,7197.177249,range,62.75,104.225000,0.602063,small_range
2018-08-02,NQ,7392.75,7315.815546,7204.846769,bull_trend,181.00,107.737500,1.680009,large_range
2018-08-03,NQ,7406.00,7324.404542,7212.735131,bull_trend,52.75,103.550000,0.509416,small_range
2018-08-06,NQ,7442.50,7335.651728,7221.745518,bull_trend,62.25,103.037500,0.604149,small_range
2018-08-07,NQ,7480.50,7349.446802,7231.892753,bull_trend,46.50,101.562500,0.457846,small_range
2018-08-08,NQ,7462.75,7360.237583,7240.945978,bull_trend,53.50,99.962500,0.535201,small_range
2018-08-09,NQ,7469.50,7370.643527,7249.908881,bull_trend,46.75,95.425000,0.489914,small_range
2018-08-10,NQ,7432.25,7376.510810,7257.059513,bull_trend,82.00,97.162500,0.843947,normal_range
2018-08-13,NQ,7418.50,7380.509781,7263.390512,bull_trend,100.75,97.312500,1.035324,normal_range
2018-08-14,NQ,7462.00,7388.270754,7271.179120,bull_trend,68.00,93.537500,0.726981,small_range
2018-08-15,NQ,7380.00,7387.483063,7275.446605,range,148.25,98.137500,1.510636,large_range
2018-08-16,NQ,7381.25,7386.889438,7279.595758,range,71.25,98.637500,0.722342,small_range
2018-08-17,NQ,7390.50,7387.233301,7283.944944,bull_trend,85.25,99.750000,0.854637,normal_range
2018-08-20,NQ,7380.25,7386.568225,7287.721613,range,69.25,97.150000,0.712815,small_range
2018-08-21,NQ,7377.00,7385.656965,7291.222726,range,83.25,96.162500,0.865722,normal_range
2018-08-22,NQ,7434.25,7390.284873,7296.831639,bull_trend,92.75,94.150000,0.985130,normal_range
2018-08-23,NQ,7425.50,7393.638695,7301.877457,bull_trend,63.75,91.237500,0.698726,small_range
2018-08-24,NQ,7496.50,7403.435010,7309.509713,bull_trend,76.75,84.900000,0.904005,normal_range
2018-08-27,NQ,7568.25,7419.131675,7319.656391,bull_trend,70.25,81.400000,0.863022,normal_range
2018-08-28,NQ,7580.75,7434.523897,7329.895356,bull_trend,33.00,77.612500,0.425189,small_range
2018-08-29,NQ,7672.50,7457.188288,7343.330833,bull_trend,93.50,79.162500,1.181115,normal_range
2018-08-30,NQ,7642.50,7474.837022,7355.062957,bull_trend,70.75,73.650000,0.960625,normal_range
2018-08-31,NQ,7674.00,7493.804925,7367.570292,bull_trend,49.00,73.462500,0.667007,small_range
2018-09-03,NQ,7681.25,7511.656837,7379.871457,bull_trend,28.50,71.775000,0.397074,small_range
2018-09-04,NQ,7642.00,7524.070471,7390.151008,bull_trend,107.00,74.800000,1.430481,large_range
2018-09-05,NQ,7536.00,7525.206617,7395.870576,bull_trend,140.00,79.125000,1.769352,large_range
2018-09-06,NQ,7455.50,7518.567891,7398.208985,range,136.75,83.625000,1.635277,large_range
2018-09-07,NQ,7434.00,7510.513807,7399.612554,range,101.75,84.612500,1.202541,large_range
2018-09-10,NQ,7460.50,7505.750587,7402.000297,range,69.50,83.050000,0.836845,normal_range
2018-09-11,NQ,7514.50,7506.583864,7406.412050,bull_trend,120.25,85.662500,1.403765,large_range
2018-09-12,NQ,7482.00,7504.242544,7409.376283,range,116.00,84.050000,1.380131,large_range
2018-09-13,NQ,7565.50,7510.076587,7415.498782,bull_trend,113.25,86.150000,1.314568,large_range
2018-09-14,NQ,7574.00,7516.164531,7421.714516,bull_trend,82.75,86.025000,0.961930,normal_range
2018-09-17,NQ,7464.75,7511.267909,7423.402182,range,117.00,88.412500,1.323342,large_range
2018-09-18,NQ,7529.25,7512.980489,7427.553077,bull_trend,142.00,91.350000,1.554461,large_range
2018-09-19,NQ,7529.00,7514.506157,7431.531388,bull_trend,75.25,90.475000,0.831721,normal_range
2018-09-20,NQ,7613.25,7523.910333,7438.657608,bull_trend,102.75,92.425000,1.111712,normal_range
2018-09-21,NQ,7547.50,7526.156968,7442.925937,bull_trend,90.00,93.087500,0.966832,normal_range
2018-09-24,NQ,7591.00,7532.332495,7448.732763,bull_trend,120.25,95.475000,1.259492,large_range
2018-09-25,NQ,7598.50,7538.634162,7454.605988,bull_trend,52.75,96.462500,0.546845,small_range
2018-09-26,NQ,7590.25,7543.549956,7459.925361,bull_trend,90.50,96.300000,0.939772,normal_range
2018-09-27,NQ,7665.00,7555.116627,7467.967504,bull_trend,100.25,97.775000,1.025313,normal_range
2018-09-28,NQ,7668.25,7565.891234,7475.821719,bull_trend,60.00,98.325000,0.610221,small_range
2018-10-01,NQ,7674.75,7576.258735,7483.622828,bull_trend,76.75,100.737500,0.761881,small_range
2018-10-02,NQ,7658.25,7584.067427,7490.470953,bull_trend,82.50,99.512500,0.829042,normal_range
2018-10-03,NQ,7651.50,7590.489577,7496.785817,bull_trend,62.25,95.625000,0.650980,small_range
2018-10-04,NQ,7523.50,7584.109617,7497.833432,range,194.50,98.537500,1.973868,large_range
2018-10-05,NQ,7438.25,7570.218225,7495.496827,range,193.00,103.100000,1.871969,large_range
2018-10-08,NQ,7392.00,7553.245061,7491.438128,range,166.75,107.962500,1.544518,large_range
2018-10-09,NQ,7394.75,7538.150293,7487.646437,range,118.75,107.887500,1.100684,normal_range
2018-10-10,NQ,7003.25,7487.207408,7468.650498,range,412.00,122.687500,3.358125,large_range
2018-10-11,NQ,7043.00,7444.901941,7451.958322,bear_trend,230.25,128.537500,1.791306,large_range
2018-10-12,NQ,7184.75,7420.125565,7441.479564,bear_trend,163.50,132.575000,1.233264,large_range
2018-10-15,NQ,7069.75,7386.756464,7426.901934,bear_trend,118.25,132.925000,0.889599,normal_range
2018-10-16,NQ,7340.50,7382.351086,7423.513623,bear_trend,294.00,140.525000,2.092154,large_range
2018-10-17,NQ,7314.75,7375.912888,7419.248383,bear_trend,147.00,144.112500,1.020036,normal_range
2018-10-18,NQ,7156.00,7354.968803,7408.924917,bear_trend,215.00,149.987500,1.433453,large_range
2018-10-19,NQ,7104.50,7331.114631,7396.986685,bear_trend,151.50,153.062500,0.989792,normal_range
2018-10-22,NQ,7159.00,7314.722762,7387.653873,bear_trend,153.50,154.725000,0.992083,normal_range
2018-10-23,NQ,7141.75,7298.249165,7378.010584,bear_trend,220.00,163.087500,1.348969,large_range
2018-10-24,NQ,6876.25,7258.058769,7358.333699,bear_trend,389.25,178.025000,2.186491,large_range
2018-10-25,NQ,6890.00,7223.005553,7339.967671,bear_trend,259.00,185.962500,1.392754,large_range
2018-10-26,NQ,6868.50,7189.243119,7321.478743,bear_trend,252.25,195.575000,1.289787,large_range
2018-10-29,NQ,6722.00,7144.743774,7297.969773,bear_trend,411.00,212.287500,1.936054,large_range
2018-10-30,NQ,6843.75,7116.077701,7280.157233,bear_trend,188.25,217.575000,0.865219,normal_range
2018-10-31,NQ,6959.00,7101.117920,7267.562831,bear_trend,222.50,225.587500,0.986314,normal_range
2018-11-01,NQ,7029.00,7094.249546,7258.207426,bear_trend,143.00,222.987500,0.641292,small_range
2018-11-02,NQ,6975.75,7082.963875,7247.130664,bear_trend,232.00,224.937500,1.031398,normal_range
2018-11-05,NQ,6949.00,7070.205411,7235.439266,bear_trend,133.50,223.275000,0.597917,small_range
2018-11-06,NQ,7013.50,7064.804896,7226.735765,bear_trend,128.00,223.737500,0.572099,small_range
2018-11-07,NQ,7219.50,7079.537763,7226.452010,range,253.50,215.812500,1.174631,normal_range
2018-11-08,NQ,7149.75,7086.224642,7223.444088,range,99.00,209.250000,0.473118,small_range
2018-11-09,NQ,7029.00,7080.774676,7215.818829,bear_trend,177.25,209.937500,0.844299,normal_range
2018-11-12,NQ,6841.25,7057.962803,7201.129856,bear_trend,278.00,217.637500,1.277353,large_range
2018-11-13,NQ,6855.75,7038.704440,7187.585548,bear_trend,160.75,210.975000,0.761939,small_range
2018-11-14,NQ,6782.25,7014.280208,7171.690036,bear_trend,183.50,212.800000,0.862312,normal_range
2018-11-15,NQ,6888.25,7002.277331,7160.574740,bear_trend,208.25,212.200000,0.981385,normal_range
2018-11-16,NQ,6897.25,6992.274728,7150.248280,bear_trend,108.75,210.062500,0.517703,small_range
2018-11-19,NQ,6674.50,6962.010468,7131.591485,bear_trend,302.25,217.500000,1.389655,large_range
2018-11-20,NQ,6523.00,6920.199947,7107.725152,bear_trend,220.50,217.750000,1.012629,normal_range
2018-11-21,NQ,6579.25,6887.728524,7087.000636,bear_trend,138.75,205.225000,0.676087,small_range
2018-11-22,NQ,6521.00,6852.801998,7064.804533,bear_trend,91.50,196.850000,0.464821,small_range
2018-11-23,NQ,6530.50,6822.106569,7043.851414,bear_trend,106.50,189.562500,0.561820,small_range
2018-11-26,NQ,6639.75,6804.739277,7028.004300,bear_trend,166.00,177.312500,0.936200,normal_range
2018-11-27,NQ,6717.50,6796.430775,7015.827660,bear_trend,109.75,173.387500,0.632975,small_range
2018-11-28,NQ,6916.00,6807.818320,7011.912850,range,214.25,172.975000,1.238618,large_range
2018-11-29,NQ,6907.00,6817.264194,7007.798621,range,100.75,170.862500,0.589655,small_range
2018-11-30,NQ,6966.25,6831.453318,7006.169263,range,95.75,164.050000,0.583664,small_range
2018-12-03,NQ,7054.75,6852.719669,7008.074390,range,123.75,166.012500,0.745426,small_range
2018-12-04,NQ,6802.25,6847.913034,7000.002845,bear_trend,272.25,173.225000,1.571655,large_range
2018-12-05,NQ,6848.25,6847.945126,6994.051753,range,69.25,164.012500,0.422224,small_range
2018-12-06,NQ,6842.25,6847.402733,6988.098743,bear_trend,224.00,170.262500,1.315616,large_range
2018-12-07,NQ,6631.50,6826.840568,6974.114479,bear_trend,261.75,174.487500,1.500107,large_range
2018-12-10,NQ,6695.00,6814.284323,6963.168813,bear_trend,179.25,169.550000,1.057210,normal_range
2018-12-11,NQ,6681.75,6801.662007,6952.132781,bear_trend,157.50,169.387500,0.929821,normal_range
2018-12-12,NQ,6765.25,6798.194197,6944.804045,bear_trend,188.50,169.725000,1.110620,normal_range
2018-12-13,NQ,6745.75,6793.199511,6936.998004,bear_trend,115.50,165.087500,0.699629,small_range
2018-12-14,NQ,6607.25,6775.490034,6924.066709,bear_trend,153.50,167.325000,0.917376,normal_range
2018-12-17,NQ,6493.25,6748.610031,6907.171937,bear_trend,232.75,163.850000,1.420507,large_range
2018-12-18,NQ,6461.75,6721.290028,6889.704410,bear_trend,120.50,158.625000,0.759653,small_range
2018-12-19,NQ,6349.00,6685.833835,6868.500315,bear_trend,308.75,167.125000,1.847420,large_range
2018-12-20,NQ,6322.75,6651.254422,6847.098342,bear_trend,224.50,173.775000,1.291900,large_range
2018-12-21,NQ,6080.75,6596.920667,6817.045466,bear_trend,308.00,183.850000,1.675279,large_range
2018-12-24,NQ,5894.00,6529.975842,6780.847604,bear_trend,234.25,187.262500,1.250918,large_range
2018-12-26,NQ,6276.75,6505.859095,6761.079071,bear_trend,489.50,206.250000,2.373333,large_range
2018-12-27,NQ,6308.75,6487.086800,6743.340676,bear_trend,279.75,209.525000,1.335163,large_range
2018-12-28,NQ,6296.25,6468.911867,6725.807708,bear_trend,158.75,212.425000,0.747323,small_range
2018-12-31,NQ,6352.25,6457.801213,6711.158386,bear_trend,93.75,212.325000,0.441540,small_range
2019-01-02,NQ,6261.25,6439.082050,6693.514920,bear_trend,255.25,216.450000,1.179256,normal_range
2019-01-03,NQ,6172.25,6413.669474,6673.073159,bear_trend,155.75,210.625000,0.739466,small_range
2019-01-04,NQ,6431.75,6415.391429,6663.609505,range,325.50,223.437500,1.456783,large_range
2019-01-07,NQ,6505.00,6423.925578,6657.389525,range,133.25,218.900000,0.608725,small_range
2019-01-08,NQ,6551.75,6436.099333,6653.246798,range,119.00,211.762500,0.561950,small_range
2019-01-09,NQ,6603.50,6452.042253,6651.295944,range,98.25,207.712500,0.473010,small_range
2019-01-10,NQ,6627.75,6468.776324,6650.372573,range,114.25,205.550000,0.555826,small_range
2019-01-11,NQ,6615.50,6482.750008,6649.005021,range,60.50,199.062500,0.303925,small_range
2019-01-14,NQ,6546.00,6488.773817,6644.965609,range,81.00,197.987500,0.409117,small_range
2019-01-15,NQ,6678.50,6506.842977,6646.280683,range,146.75,197.650000,0.742474,small_range
2019-01-16,NQ,6671.50,6522.524598,6647.269676,range,73.25,189.675000,0.386187,small_range
2019-01-17,NQ,6730.75,6542.355589,6650.543414,range,147.75,191.037500,0.773408,small_range
2019-01-18,NQ,6805.50,6567.416961,6656.620143,range,116.25,181.412500,0.640805,small_range
2019-01-21,NQ,6761.50,6585.901060,6660.733078,range,53.25,173.400000,0.307093,small_range
2019-01-22,NQ,6654.00,6592.386674,6660.469036,range,166.75,166.337500,1.002480,normal_range
2019-01-23,NQ,6670.75,6599.849848,6660.872211,range,132.00,161.225000,0.818732,normal_range
2019-01-24,NQ,6685.00,6607.959386,6661.818399,range,65.50,140.025000,0.467774,small_range
2019-01-25,NQ,6795.25,6625.796587,6667.051011,range,133.75,132.725000,1.007723,normal_range
2019-01-28,NQ,6698.75,6632.744531,6668.294108,range,142.75,132.137500,1.080314,normal_range
2019-01-29,NQ,6681.25,6637.364100,6668.802183,range,104.25,132.662500,0.785829,small_range
2019-01-30,NQ,6838.75,6656.543709,6675.466803,range,187.50,129.275000,1.450396,large_range
2019-01-31,NQ,6932.50,6682.825261,6685.546536,range,103.75,126.700000,0.818863,normal_range
2019-02-01,NQ,6880.25,6701.627617,6693.181966,bull_trend,67.00,114.025000,0.587590,small_range
2019-02-04,NQ,6945.25,6724.829749,6703.066987,bull_trend,124.75,113.600000,1.098151,normal_range
2019-02-05,NQ,7012.50,6752.226915,6715.201615,bull_trend,105.50,112.925000,0.934248,normal_range
2019-02-06,NQ,6988.75,6774.752923,6725.929003,bull_trend,66.50,111.337500,0.597283,small_range
2019-02-07,NQ,6904.50,6787.109788,6732.931787,bull_trend,138.50,112.550000,1.230564,large_range
2019-02-08,NQ,6924.00,6800.146951,6740.424658,bull_trend,85.25,113.787500,0.749204,small_range
2019-02-11,NQ,6910.25,6810.632956,6747.084475,bull_trend,73.25,112.750000,0.649667,small_range
2019-02-12,NQ,7020.50,6830.620293,6757.806653,bull_trend,125.50,111.687500,1.123671,normal_range
2019-02-13,NQ,7016.75,6848.346932,6767.961294,bull_trend,57.75,110.912500,0.520681,small_range
2019-02-14,NQ,7017.25,6864.432938,6777.737321,bull_trend,85.50,107.800000,0.793135,small_range
2019-02-15,NQ,7064.50,6883.486944,6788.982917,bull_trend,120.00,107.987500,1.111240,normal_range
2019-02-18,NQ,7080.75,6902.273902,6800.424763,bull_trend,27.00,106.125000,0.254417,small_range
2019-02-19,NQ,7068.50,6918.104959,6810.937517,bull_trend,59.50,100.762500,0.590497,small_range
2019-02-20,NQ,7071.50,6932.714010,6821.155654,bull_trend,72.75,97.800000,0.743865,small_range
2019-02-21,NQ,7037.50,6942.693629,6829.639746,bull_trend,108.75,99.962500,1.087908,normal_range
2019-02-22,NQ,7100.50,6957.722807,6840.261717,bull_trend,82.00,97.375000,0.842105,normal_range
2019-02-25,NQ,7121.00,6973.273016,6851.271061,bull_trend,66.50,93.425000,0.711801,small_range
2019-02-26,NQ,7111.25,6986.413681,6861.466314,bull_trend,77.75,92.100000,0.844191,normal_range
2019-02-27,NQ,7123.75,6999.493330,6871.751948,bull_trend,83.75,86.912500,0.963613,normal_range
2019-02-28,NQ,7110.25,7010.041585,6881.104813,bull_trend,58.25,84.612500,0.688433,small_range
2019-03-01,NQ,7158.75,7024.204291,6891.992860,bull_trend,66.25,84.325000,0.785651,small_range
2019-03-04,NQ,7144.25,7035.637215,6901.885297,bull_trend,137.00,84.937500,1.612951,large_range
2019-03-05,NQ,7158.75,7047.362243,6911.958422,bull_trend,57.75,82.550000,0.699576,small_range
2019-03-06,NQ,7110.00,7053.327743,6919.724759,bull_trend,64.25,82.437500,0.779378,small_range
2019-03-07,NQ,7026.75,7050.796530,6923.921827,range,120.00,81.512500,1.472167,large_range
2019-03-08,NQ,7031.00,7048.911146,6928.120971,range,95.00,82.000000,1.158537,normal_range
2019-03-11,NQ,7173.00,7060.729132,6937.724070,bull_trend,179.25,87.300000,2.053265,large_range
2019-03-12,NQ,7211.75,7075.112072,6948.470185,bull_trend,59.75,84.012500,0.711204,small_range
2019-03-13,NQ,7271.00,7093.768065,6961.118413,bull_trend,111.75,86.712500,1.288742,large_range
2019-03-14,NQ,7270.25,7110.575868,6973.241220,bull_trend,66.00,85.737500,0.769792,small_range
2019-03-15,NQ,7346.00,7132.997214,6987.859212,bull_trend,91.25,84.300000,1.082444,normal_range
2019-03-18,NQ,7364.50,7155.045099,7002.629439,bull_trend,57.75,85.837500,0.672783,small_range
2019-03-19,NQ,7379.25,7176.397946,7017.398873,bull_trend,70.00,86.362500,0.810537,normal_range
2019-03-20,NQ,7400.00,7197.693380,7032.402838,bull_trend,108.50,88.150000,1.230856,large_range
2019-03-21,NQ,7530.00,7229.341629,7051.916453,bull_trend,173.25,91.375000,1.896033,large_range
2019-03-22,NQ,7358.50,7241.642427,7063.939337,bull_trend,191.75,96.862500,1.979610,large_range
2019-03-25,NQ,7361.75,7253.081243,7075.618186,bull_trend,100.50,98.487500,1.020434,normal_range
2019-03-26,NQ,7383.50,7265.502077,7087.691983,bull_trend,107.00,99.950000,1.070535,normal_range
2019-03-27,NQ,7323.00,7270.978070,7096.919748,bull_trend,128.75,102.200000,1.259785,large_range
2019-03-28,NQ,7355.00,7278.980158,7107.040542,bull_trend,83.00,103.437500,0.802417,normal_range
2019-03-29,NQ,7412.75,7291.720143,7119.029149,bull_trend,64.25,103.337500,0.621749,small_range
2019-04-01,NQ,7497.50,7311.318225,7133.871143,bull_trend,78.00,101.175000,0.770941,small_range
2019-04-02,NQ,7515.75,7330.787918,7148.846784,bull_trend,48.75,100.725000,0.483991,small_range
2019-04-03,NQ,7581.25,7354.641449,7165.803773,bull_trend,103.00,102.662500,1.003287,normal_range
2019-04-04,NQ,7562.75,7374.461311,7181.370292,bull_trend,76.00,100.462500,0.756501,small_range
2019-04-05,NQ,7612.75,7397.155472,7198.287143,bull_trend,56.75,98.550000,0.575850,small_range
2019-04-08,NQ,7626.75,7419.021618,7215.089608,bull_trend,68.00,92.987500,0.731281,small_range
2019-04-09,NQ,7588.75,7435.186226,7229.742957,bull_trend,55.00,92.750000,0.592992,small_range
2019-04-10,NQ,7644.25,7455.097061,7245.998135,bull_trend,70.25,90.675000,0.774745,small_range
2019-04-11,NQ,7620.00,7470.802103,7260.664875,bull_trend,59.50,90.350000,0.658550,small_range
2019-04-12,NQ,7654.00,7488.249522,7276.089782,bull_trend,54.00,88.487500,0.610256,small_range
2019-04-15,NQ,7651.25,7503.773377,7290.801947,bull_trend,60.25,88.612500,0.679927,small_range
2019-04-16,NQ,7676.75,7520.247341,7305.937165,bull_trend,46.25,87.425000,0.529025,small_range
2019-04-17,NQ,7687.25,7536.152356,7320.890609,bull_trend,65.00,85.250000,0.762463,small_range
2019-04-18,NQ,7715.75,7553.256894,7336.375291,bull_trend,62.75,79.725000,0.787081,small_range
2019-04-22,NQ,7739.50,7570.994332,7352.184103,bull_trend,77.00,73.987500,1.040716,normal_range
2019-04-23,NQ,7832.25,7595.875824,7371.010217,bull_trend,119.25,74.925000,1.591592,large_range
2019-04-24,NQ,7839.50,7619.078127,7389.382365,bull_trend,50.50,72.100000,0.700416,small_range
2019-04-25,NQ,7796.25,7635.951639,7405.337959,bull_trend,87.50,70.037500,1.249331,large_range
2019-04-26,NQ,7837.25,7655.122911,7422.275686,bull_trend,90.00,70.387500,1.278636,large_range
2019-04-29,NQ,7806.75,7669.563586,7437.353110,bull_trend,62.25,70.287500,0.885648,normal_range
2019-04-30,NQ,7851.50,7686.890864,7453.594165,bull_trend,117.00,71.450000,1.637509,large_range
2019-05-01,NQ,7738.50,7691.806020,7464.766942,bull_trend,131.25,75.575000,1.736685,large_range
2019-05-02,NQ,7740.00,7696.395922,7475.560396,bull_trend,122.75,76.562500,1.603265,large_range
2019-05-03,NQ,7872.50,7713.167739,7491.126655,bull_trend,137.75,79.650000,1.729441,large_range
2019-05-06,NQ,7739.00,7715.627955,7500.847178,bull_trend,150.00,87.062500,1.722900,large_range
2019-05-07,NQ,7670.50,7711.330054,7507.500230,range,222.75,94.800000,2.349684,large_range
2019-05-08,NQ,7642.50,7704.774811,7512.794338,range,98.00,96.950000,1.010830,normal_range
2019-05-09,NQ,7592.50,7694.081972,7515.920051,range,163.50,101.612500,1.609054,large_range
2019-05-10,NQ,7611.25,7686.193213,7519.658480,range,218.75,109.575000,1.996350,large_range
2019-05-13,NQ,7314.25,7650.770050,7511.603246,range,246.50,122.187500,2.017391,large_range
2019-05-14,NQ,7425.75,7629.339569,7508.236452,range,169.50,127.650000,1.327850,large_range
2019-05-15,NQ,7527.00,7619.592943,7508.972277,range,184.75,134.575000,1.372840,large_range
2019-05-16,NQ,7602.25,7617.941234,7512.630227,range,167.50,139.700000,1.198998,normal_range
2019-05-17,NQ,7512.25,7607.875402,7512.615316,range,113.50,142.237500,0.797961,small_range
2019-05-20,NQ,7406.75,7588.720602,7508.463735,range,197.75,148.275000,1.333671,large_range
2019-05-21,NQ,7462.50,7576.699592,7506.661236,range,84.50,146.537500,0.576644,small_range
2019-05-22,NQ,7426.00,7562.347250,7503.498050,range,83.75,148.200000,0.565115,small_range
2019-05-23,NQ,7316.50,7538.933226,7496.164793,range,166.75,152.162500,1.095868,normal_range
2019-05-24,NQ,7312.50,7517.368157,7488.962252,range,79.25,151.625000,0.522671,small_range
2019-05-27,NQ,7318.25,7498.404523,7482.267654,range,45.50,150.787500,0.301749,small_range
2019-05-28,NQ,7292.50,7478.794569,7474.825785,range,91.50,149.512500,0.611989,small_range
2019-05-29,NQ,7214.25,7453.599848,7464.607127,bear_trend,112.75,148.587500,0.758812,small_range
2019-05-30,NQ,7254.75,7434.661767,7456.377436,bear_trend,62.75,145.587500,0.431012,small_range
2019-05-31,NQ,7137.50,7406.360646,7443.872438,bear_trend,126.75,145.037500,0.873912,normal_range
2019-06-03,NQ,7008.75,7368.492966,7426.808813,bear_trend,191.25,144.600000,1.322614,large_range
2019-06-04,NQ,7186.25,7351.136493,7417.375134,bear_trend,204.75,143.700000,1.424843,large_range
2019-06-05,NQ,7230.25,7339.623494,7410.036894,bear_trend,95.00,143.550000,0.661790,small_range
2019-06-06,NQ,7263.00,7332.326018,7404.270741,bear_trend,118.25,141.287500,0.836946,normal_range
2019-06-07,NQ,7429.25,7341.556873,7405.250320,range,195.25,140.112500,1.393523,large_range
2019-06-10,NQ,7519.25,7358.480028,7409.720896,range,147.25,132.262500,1.113316,normal_range
2019-06-11,NQ,7518.50,7373.720026,7413.986743,range,108.00,129.187500,0.835994,normal_range
2019-06-12,NQ,7477.00,7383.556214,7416.457851,range,70.00,123.450000,0.567031,small_range
2019-06-13,NQ,7511.50,7395.741336,7420.184994,range,115.00,120.825000,0.951790,normal_range
2019-06-14,NQ,7511.00,7406.718352,7423.746367,range,67.50,118.525000,0.569500,small_range
2019-06-17,NQ,7569.00,7422.173747,7429.442588,range,70.50,112.162500,0.628552,small_range
2019-06-18,NQ,7672.50,7446.014342,7438.974251,bull_trend,180.00,116.937500,1.539284,large_range
2019-06-19,NQ,7696.50,7469.870119,7449.073300,bull_trend,83.50,116.925000,0.714133,small_range
2019-06-20,NQ,7764.25,7497.906298,7461.433170,bull_trend,128.25,115.000000,1.115217,normal_range
2019-06-21,NQ,7746.75,7521.605699,7472.622066,bull_trend,77.50,114.912500,0.674426,small_range
2019-06-24,NQ,7757.50,7544.071823,7483.793749,bull_trend,62.50,115.762500,0.539898,small_range
2019-06-25,NQ,7635.00,7552.731649,7489.723406,bull_trend,170.00,119.687500,1.420366,large_range
2019-06-26,NQ,7643.25,7561.352444,7495.744057,bull_trend,102.75,119.187500,0.862087,normal_range
2019-06-27,NQ,7686.25,7573.247450,7503.214878,bull_trend,75.75,119.837500,0.632106,small_range
2019-06-28,NQ,7723.25,7587.533407,7511.843707,bull_trend,62.00,116.600000,0.531732,small_range
2019-07-01,NQ,7792.25,7607.030225,7522.840032,bull_trend,90.75,113.112500,0.802299,normal_range
2019-07-02,NQ,7840.25,7629.241632,7535.287482,bull_trend,80.25,106.887500,0.750789,small_range
2019-07-03,NQ,7888.25,7653.909096,7549.129149,bull_trend,68.25,105.550000,0.646613,small_range
2019-07-04,NQ,7902.00,7677.536801,7562.967222,bull_trend,25.50,100.912500,0.252694,small_range
2019-07-05,NQ,7855.00,7694.438058,7574.419487,bull_trend,112.50,96.775000,1.162490,normal_range
2019-07-08,NQ,7801.50,7704.634434,7583.324606,bull_trend,86.00,93.612500,0.918681,normal_range
2019-07-09,NQ,7846.75,7718.169249,7593.655013,bull_trend,115.75,94.000000,1.231383,large_range
2019-07-10,NQ,7925.00,7737.867416,7606.648934,bull_trend,138.25,97.412500,1.419222,large_range
2019-07-11,NQ,7917.75,7754.999091,7618.848976,bull_trend,69.00,95.112500,0.725457,small_range
2019-07-12,NQ,7958.50,7774.380130,7632.168624,bull_trend,55.75,94.525000,0.589791,small_range
2019-07-15,NQ,7983.75,7794.320117,7645.956129,bull_trend,50.75,93.537500,0.542563,small_range
2019-07-16,NQ,7937.25,7807.932487,7657.379418,bull_trend,77.50,88.412500,0.876573,normal_range
2019-07-17,NQ,7870.25,7813.867488,7665.727284,bull_trend,98.25,89.150000,1.102075,normal_range
2019-07-18,NQ,7947.00,7826.546775,7676.757587,bull_trend,121.75,88.825000,1.370673,large_range
2019-07-19,NQ,7820.00,7825.923273,7682.374936,range,165.50,93.225000,1.775275,large_range
2019-07-22,NQ,7926.25,7835.478199,7691.938664,bull_trend,110.25,95.925000,1.149335,normal_range
2019-07-23,NQ,7941.50,7845.575514,7701.725383,bull_trend,77.75,91.312500,0.851472,normal_range
2019-07-24,NQ,8002.00,7860.473084,7713.500858,bull_trend,126.50,92.500000,1.367568,large_range
2019-07-25,NQ,7982.00,7872.047076,7724.030236,bull_trend,117.25,94.575000,1.239757,large_range
2019-07-26,NQ,8015.25,7885.685449,7735.450619,bull_trend,53.25,94.412500,0.564014,small_range
2019-07-29,NQ,8005.00,7897.048740,7746.021183,bull_trend,80.00,92.087500,0.868739,normal_range
2019-07-30,NQ,7989.00,7905.806003,7755.549764,bull_trend,91.75,92.662500,0.990152,normal_range
2019-07-31,NQ,7840.00,7899.538764,7758.861538,range,219.00,100.200000,2.185629,large_range
2019-08-01,NQ,7791.00,7889.201739,7760.121870,range,237.75,110.812500,2.145516,large_range
2019-08-02,NQ,7708.00,7871.944431,7758.077875,range,155.75,112.975000,1.378624,large_range
2019-08-05,NQ,7368.25,7823.973533,7742.790508,range,345.75,126.087500,2.742143,large_range
2019-08-06,NQ,7517.75,7794.809387,7733.965390,range,324.50,136.525000,2.376854,large_range
2019-08-07,NQ,7550.50,7771.541826,7726.770668,range,190.00,139.112500,1.365801,large_range
2019-08-08,NQ,7728.00,7767.394985,7726.818878,range,212.50,146.287500,1.452619,large_range
2019-08-09,NQ,7669.25,7758.047844,7724.561274,range,127.25,150.062500,0.847980,normal_range
2019-08-12,NQ,7571.25,7740.257573,7718.549068,range,175.25,156.287500,1.121331,normal_range
2019-08-13,NQ,7751.25,7741.304471,7719.831457,bull_trend,275.50,166.187500,1.657766,large_range
2019-08-14,NQ,7478.50,7716.275474,7710.367478,range,290.50,175.800000,1.652446,large_range
2019-08-15,NQ,7509.50,7696.582571,7702.490322,bear_trend,184.50,178.937500,1.031086,normal_range
2019-08-16,NQ,7610.50,7688.384231,7698.882859,bear_trend,130.00,177.162500,0.733790,small_range
2019-08-19,NQ,7720.50,7691.442876,7699.730590,range,134.00,178.312500,0.751490,small_range
2019-08-20,NQ,7658.50,7688.305459,7698.113704,bear_trend,96.50,179.250000,0.538354,small_range
2019-08-21,NQ,7758.00,7694.943034,7700.462186,range,113.50,178.600000,0.635498,small_range
2019-08-22,NQ,7705.75,7695.972269,7700.669551,range,128.25,179.150000,0.715881,small_range
2019-08-23,NQ,7490.00,7676.355863,7692.408000,bear_trend,314.25,191.925000,1.637358,large_range
2019-08-26,NQ,7588.00,7667.941019,7688.313569,bear_trend,272.75,201.562500,1.353178,large_range
2019-08-27,NQ,7566.00,7658.232350,7683.516958,bear_trend,111.50,202.550000,0.550481,small_range
2019-08-28,NQ,7581.75,7650.948317,7679.526097,bear_trend,101.50,196.675000,0.516080,small_range
2019-08-29,NQ,7706.50,7656.238953,7680.583897,range,181.75,193.875000,0.937460,normal_range
2019-08-30,NQ,7675.50,7658.073339,7680.384529,range,124.50,192.312500,0.647384,small_range
2019-09-02,NQ,7612.25,7653.709211,7677.712587,bear_trend,114.75,180.637500,0.635250,small_range
2019-09-03,NQ,7617.00,7650.213096,7675.331701,bear_trend,89.25,168.875000,0.528497,small_range
2019-09-04,NQ,7722.75,7657.121372,7677.191242,range,121.50,165.450000,0.734361,small_range
2019-09-05,NQ,7850.25,7675.514575,7683.977860,range,169.50,163.300000,1.037967,normal_range
2019-09-06,NQ,7865.00,7693.560806,7691.076767,bull_trend,56.75,159.575000,0.355632,small_range
2019-09-09,NQ,7833.50,7706.888348,7696.661992,bull_trend,88.50,155.237500,0.570094,small_range
2019-09-10,NQ,7819.50,7717.613268,7701.479169,bull_trend,113.50,147.137500,0.771387,small_range
2019-09-11,NQ,7893.00,7734.316766,7708.989790,bull_trend,118.50,138.537500,0.855364,normal_range
2019-09-12,NQ,7911.50,7751.191360,7716.931367,bull_trend,96.00,134.112500,0.715817,small_range
2019-09-13,NQ,7888.00,7764.220754,7723.639941,bull_trend,76.75,131.450000,0.583872,small_range
2019-09-16,NQ,7887.75,7775.985444,7730.075629,bull_trend,96.75,129.312500,0.748188,small_range
2019-09-17,NQ,7916.50,7789.367783,7737.386389,bull_trend,70.75,128.025000,0.552626,small_range
2019-09-18,NQ,7922.50,7802.047041,7744.645746,bull_trend,116.00,128.150000,0.905189,normal_range
2019-09-19,NQ,7917.25,7813.018752,7751.414540,bull_trend,121.25,127.800000,0.948748,normal_range
2019-09-20,NQ,7831.75,7814.802680,7754.564951,bull_trend,141.50,119.162500,1.187454,normal_range
2019-09-23,NQ,7868.25,7819.892901,7759.023188,bull_trend,89.75,110.012500,0.815816,normal_range
2019-09-24,NQ,7737.25,7812.022149,7758.169337,range,203.00,114.587500,1.771572,large_range
2019-09-25,NQ,7823.00,7813.067658,7760.711716,bull_trend,181.25,118.575000,1.528568,large_range
2019-09-26,NQ,7785.50,7810.442167,7761.683806,range,108.00,114.887500,0.940050,normal_range
2019-09-27,NQ,7717.25,7801.566723,7759.941304,range,181.00,117.712500,1.537645,large_range
2019-09-30,NQ,7785.25,7800.012749,7760.933801,range,83.00,116.125000,0.714747,small_range
2019-10-01,NQ,7709.50,7791.392487,7758.916790,range,150.50,119.187500,1.262716,large_range
2019-10-02,NQ,7554.50,7768.831298,7750.900445,range,205.00,123.362500,1.661769,large_range
2019-10-03,NQ,7658.75,7758.347365,7747.286702,range,187.25,124.250000,1.507042,large_range
2019-10-04,NQ,7769.75,7759.433330,7748.167616,bull_trend,149.75,128.900000,1.161753,normal_range
2019-10-07,NQ,7739.25,7757.511108,7747.817905,range,117.25,130.337500,0.899588,normal_range
2019-10-08,NQ,7623.50,7744.748145,7742.942693,range,171.00,133.212500,1.283663,large_range
2019-10-09,NQ,7703.00,7740.772132,7741.376313,bear_trend,127.50,133.662500,0.953895,normal_range
2019-10-10,NQ,7786.75,7745.150976,7743.155673,bull_trend,215.50,139.637500,1.543282,large_range
2019-10-11,NQ,7858.50,7755.946121,7747.678980,bull_trend,151.50,143.375000,1.056670,normal_range
2019-10-14,NQ,7859.75,7765.832205,7752.073922,bull_trend,87.75,142.925000,0.613958,small_range
2019-10-15,NQ,7959.50,7784.276757,7760.208278,bull_trend,112.00,144.987500,0.772480,small_range
2019-10-16,NQ,7953.75,7800.417066,7767.798150,bull_trend,52.75,141.825000,0.371937,small_range
2019-10-17,NQ,7953.75,7815.020202,7775.090379,bull_trend,72.75,139.400000,0.521879,small_range
2019-10-18,NQ,7883.00,7821.494469,7779.322129,bull_trend,122.75,138.462500,0.886522,normal_range
2019-10-21,NQ,7948.00,7833.542615,7785.936947,bull_trend,86.00,138.275000,0.621949,small_range
2019-10-22,NQ,7841.75,7834.324270,7788.125695,bull_trend,151.50,135.700000,1.116433,normal_range
2019-10-23,NQ,7917.25,7842.221959,7793.189393,bull_trend,108.00,132.037500,0.817949,normal_range
2019-10-24,NQ,7924.50,7850.057963,7798.338828,bull_trend,70.75,130.175000,0.543499,small_range
2019-10-25,NQ,8036.50,7867.814347,7807.678482,bull_trend,123.00,127.275000,0.966411,normal_range
2019-10-28,NQ,8111.00,7890.974886,7819.573444,bull_trend,79.50,127.675000,0.622675,small_range
2019-10-29,NQ,8056.00,7906.691563,7828.845073,bull_trend,68.00,123.550000,0.550384,small_range
2019-10-30,NQ,8118.25,7926.839986,7840.194286,bull_trend,120.50,119.325000,1.009847,normal_range
2019-10-31,NQ,8092.25,7942.593320,7850.078824,bull_trend,93.00,114.612500,0.811430,normal_range
2019-11-01,NQ,8163.50,7963.632052,7862.369850,bull_trend,83.50,111.300000,0.750225,small_range
2019-11-04,NQ,8218.00,7987.857571,7876.316131,bull_trend,69.75,108.950000,0.640202,small_range
2019-11-05,NQ,8210.50,8009.061612,7889.421381,bull_trend,54.75,103.137500,0.530845,small_range
2019-11-06,NQ,8213.00,8028.484315,7902.110738,bull_trend,67.25,100.125000,0.671660,small_range
2019-11-07,NQ,8231.25,8047.795333,7915.018160,bull_trend,92.25,93.962500,0.981775,normal_range
2019-11-08,NQ,8260.50,8068.052920,7928.566468,bull_trend,74.25,90.100000,0.824084,normal_range
2019-11-11,NQ,8253.75,8085.738356,7941.318763,bull_trend,55.25,88.475000,0.624470,small_range
2019-11-12,NQ,8271.25,8103.406132,7954.257243,bull_trend,71.75,86.462500,0.829840,normal_range
2019-11-13,NQ,8270.25,8119.296024,7966.649116,bull_trend,61.50,86.900000,0.707710,small_range
2019-11-14,NQ,8269.50,8133.601165,7978.525621,bull_trend,69.25,86.725000,0.798501,small_range
2019-11-15,NQ,8323.25,8151.662959,7992.044224,bull_trend,62.75,83.725000,0.749477,small_range
2019-11-18,NQ,8334.25,8169.052201,8005.464059,bull_trend,87.75,83.812500,1.046980,normal_range
2019-11-19,NQ,8334.25,8184.785324,8018.357625,bull_trend,66.50,79.562500,0.835821,normal_range
2019-11-20,NQ,8288.25,8194.639103,8028.941640,bull_trend,117.00,80.012500,1.462272,large_range
2019-11-21,NQ,8278.50,8202.625855,8038.728242,bull_trend,68.00,79.875000,0.851330,normal_range
2019-11-22,NQ,8283.00,8210.280536,8048.307527,bull_trend,80.25,77.737500,1.032320,normal_range
2019-11-25,NQ,8375.00,8225.968104,8061.118996,bull_trend,82.75,78.000000,1.060897,normal_range
2019-11-26,NQ,8402.50,8242.780665,8074.506486,bull_trend,55.75,77.387500,0.720401,small_range
2019-11-27,NQ,8456.50,8263.134888,8089.486624,bull_trend,61.75,74.450000,0.829416,normal_range
2019-11-28,NQ,8444.50,8280.407755,8103.408717,bull_trend,44.50,72.025000,0.617841,small_range
2019-11-29,NQ,8422.50,8293.940350,8115.922101,bull_trend,44.50,70.075000,0.635034,small_range
2019-12-02,NQ,8310.00,8295.469841,8123.532999,bull_trend,180.75,75.600000,2.390873,large_range
2019-12-03,NQ,8255.50,8291.663189,8128.708176,range,169.25,81.325000,2.081156,large_range
2019-12-04,NQ,8296.50,8292.123838,8135.288247,bull_trend,98.75,82.900000,1.191194,normal_range
2019-12-05,NQ,8310.75,8293.897758,8142.169100,bull_trend,66.75,81.625000,0.817764,normal_range
2019-12-06,NQ,8405.00,8304.478924,8152.476194,bull_trend,101.75,83.000000,1.225904,large_range
2019-12-09,NQ,8351.25,8308.933312,8160.271245,bull_trend,80.25,84.250000,0.952522,normal_range
2019-12-10,NQ,8368.00,8314.558711,8168.417471,bull_trend,101.00,85.712500,1.178358,normal_range
2019-12-11,NQ,8407.75,8323.434072,8177.803060,bull_trend,66.00,85.937500,0.768000,small_range
2019-12-12,NQ,8472.25,8337.607017,8189.349999,bull_trend,116.00,88.275000,1.314075,large_range
2019-12-13,NQ,8495.25,8352.620635,8201.346078,bull_trend,88.25,89.550000,0.985483,normal_range
2019-12-16,NQ,8607.50,8376.894860,8217.273683,bull_trend,87.50,91.275000,0.958641,normal_range
2019-12-17,NQ,8602.25,8398.357254,8232.370793,bull_trend,33.75,89.637500,0.376517,small_range
2019-12-18,NQ,8624.25,8419.870849,8247.738605,bull_trend,46.00,86.087500,0.534340,small_range
2019-12-19,NQ,8680.50,8444.692673,8264.709640,bull_trend,73.75,86.375000,0.853835,normal_range
2019-12-20,NQ,8710.25,8469.983847,8282.181811,bull_trend,59.50,85.337500,0.697232,small_range
2019-12-23,NQ,8728.75,8494.628243,8299.694289,bull_trend,35.75,82.312500,0.434320,small_range
2019-12-24,NQ,8729.75,8517.020791,8316.559219,bull_trend,29.00,80.975000,0.358135,small_range
2019-12-26,NQ,8802.25,8544.185477,8335.605916,bull_trend,76.00,81.687500,0.930375,normal_range
2019-12-27,NQ,8779.25,8566.572575,8353.003723,bull_trend,74.50,83.187500,0.895567,normal_range
2019-12-30,NQ,8732.50,8582.375187,8367.885930,bull_trend,118.50,86.887500,1.363833,large_range
2019-12-31,NQ,8772.00,8600.434693,8383.733541,bull_trend,80.00,81.850000,0.977398,normal_range
2020-01-02,NQ,8901.00,8629.059960,8404.018500,bull_trend,132.00,79.987500,1.650258,large_range
2020-01-03,NQ,8811.75,8646.459012,8420.007971,bull_trend,172.00,83.650000,2.056186,large_range
2020-01-06,NQ,8852.50,8666.081963,8436.968442,bull_trend,150.00,87.812500,1.708185,large_range
2020-01-07,NQ,8844.25,8683.050347,8452.940268,bull_trend,69.00,86.175000,0.800696,normal_range
2020-01-08,NQ,8947.50,8708.236029,8472.334768,bull_trend,294.25,96.875000,3.037419,large_range
2020-01-09,NQ,9008.50,8736.832597,8493.360855,bull_trend,89.75,96.312500,0.931862,normal_range
2020-01-10,NQ,8978.25,8759.824731,8512.376116,bull_trend,89.25,97.475000,0.915619,normal_range
2020-01-13,NQ,9090.25,8791.293804,8535.037837,bull_trend,116.50,97.537500,1.194412,normal_range
2020-01-14,NQ,9063.00,8817.170585,8555.742235,bull_trend,79.75,97.112500,0.821213,normal_range
2020-01-15,NQ,9062.00,8840.487672,8575.595481,bull_trend,73.00,94.650000,0.771263,small_range
2020-01-16,NQ,9138.50,8868.869798,8597.670168,bull_trend,78.75,96.900000,0.812693,normal_range
2020-01-17,NQ,9171.75,8897.715532,8620.183102,bull_trend,59.25,97.562500,0.607303,small_range
2020-01-20,NQ,9175.75,8924.195005,8641.970040,bull_trend,27.00,95.225000,0.283539,small_range
2020-01-21,NQ,9174.75,8948.057385,8662.863371,bull_trend,85.00,96.500000,0.880829,normal_range
2020-01-22,NQ,9188.00,8970.909063,8683.456965,bull_trend,79.75,98.700000,0.808004,normal_range
2020-01-23,NQ,9251.25,8997.608200,8705.723358,bull_trend,101.75,102.337500,0.994259,normal_range
2020-01-24,NQ,9136.75,9010.859800,8722.626364,bull_trend,177.75,107.425000,1.654643,large_range
2020-01-27,NQ,8960.25,9006.039819,8731.944938,range,151.50,114.262500,1.325894,large_range
2020-01-28,NQ,9124.50,9017.321741,8747.339254,bull_trend,183.75,117.525000,1.563497,large_range
2020-01-29,NQ,9104.75,9025.648242,8761.355362,bull_trend,86.50,117.850000,0.733984,small_range
2020-01-30,NQ,9237.50,9045.824600,8780.027700,bull_trend,236.50,123.075000,1.921593,large_range
2020-01-31,NQ,9013.25,9042.722257,8789.173673,range,282.75,128.612500,2.198464,large_range
2020-02-03,NQ,9105.50,9048.701090,8801.578627,bull_trend,180.75,130.150000,1.388782,large_range
2020-02-04,NQ,9360.25,9078.372414,8823.487308,bull_trend,296.25,141.512500,2.093455,large_range
2020-02-05,NQ,9388.25,9107.884565,8845.634865,bull_trend,145.00,134.050000,1.081686,normal_range
2020-02-06,NQ,9464.00,9141.800321,8869.884478,bull_trend,101.50,134.637500,0.753876,small_range
2020-02-07,NQ,9400.50,9166.438386,8890.692930,bull_trend,86.00,134.475000,0.639524,small_range
2020-02-10,NQ,9526.00,9200.682349,8915.606933,bull_trend,200.75,138.650000,1.447890,large_range
2020-02-11,NQ,9532.75,9232.307840,8939.808621,bull_trend,108.25,140.075000,0.772800,small_range
2020-02-12,NQ,9623.50,9269.564236,8966.620048,bull_trend,104.50,141.650000,0.737734,small_range
2020-02-13,NQ,9625.25,9303.439070,8992.448674,bull_trend,133.50,144.387500,0.924595,normal_range
2020-02-14,NQ,9630.25,9334.563921,9017.460490,bull_trend,71.25,144.987500,0.491422,small_range
2020-02-17,NQ,9666.50,9366.176881,9042.913020,bull_trend,53.25,146.500000,0.363481,small_range
2020-02-18,NQ,9640.25,9392.279083,9066.338000,bull_trend,120.25,148.862500,0.807792,normal_range
2020-02-19,NQ,9734.25,9424.847741,9092.530627,bull_trend,107.50,150.300000,0.715236,small_range
2020-02-20,NQ,9618.25,9443.267004,9113.147073,bull_trend,246.00,157.512500,1.561781,large_range
2020-02-21,NQ,9455.00,9444.384432,9126.553070,bull_trend,212.25,159.237500,1.332915,large_range
2020-02-24,NQ,9097.25,9411.324010,9125.403930,range,323.75,169.362500,1.911580,large_range
2020-02-25,NQ,8873.75,9360.126485,9115.535149,range,414.25,180.887500,2.290097,large_range
2020-02-26,NQ,8821.00,9308.781106,9103.984751,range,328.00,192.962500,1.699812,large_range
2020-02-27,NQ,8349.75,9217.444810,9074.406917,range,544.25,208.350000,2.612191,large_range
2020-02-28,NQ,8548.00,9153.688161,9053.763509,range,448.50,216.637500,2.070279,large_range
2020-03-02,NQ,8820.00,9121.908337,9044.596312,range,659.00,240.550000,2.739555,large_range
2020-03-03,NQ,8559.00,9068.298019,9025.553320,range,491.50,250.312500,1.963546,large_range
2020-03-04,NQ,8889.25,9051.245827,9020.208092,range,441.75,265.150000,1.666038,large_range
2020-03-05,NQ,8674.00,9015.317653,9006.631304,range,289.00,274.525000,1.052727,normal_range
2020-03-06,NQ,8501.75,8966.406448,8986.832037,bear_trend,416.00,291.025000,1.429430,large_range
2020-03-09,NQ,7915.00,8866.272500,8944.799408,bear_trend,555.00,315.075000,1.761485,large_range
2020-03-10,NQ,8356.00,8817.675119,8921.709235,bear_trend,564.50,337.887500,1.670674,large_range
2020-03-11,NQ,8005.00,8740.277489,8885.759853,bear_trend,441.50,355.825000,1.240778,large_range
2020-03-12,NQ,7160.50,8589.822490,8818.102604,bear_trend,979.50,398.125000,2.460283,large_range
2020-03-13,NQ,7823.00,8516.791777,8779.078973,bear_trend,1035.50,446.337500,2.319993,large_range
2020-03-16,NQ,7032.00,8375.383036,8710.566072,bear_trend,1014.00,494.175000,2.051905,large_range
2020-03-17,NQ,7347.25,8277.465604,8657.102696,bear_trend,605.75,517.850000,1.169740,normal_range
2020-03-18,NQ,7241.50,8178.802213,8601.588865,bear_trend,570.00,540.925000,1.053751,normal_range
2020-03-19,NQ,7184.75,8084.130574,8546.026557,bear_trend,628.25,560.037500,1.121800,normal_range
2020-03-20,NQ,6920.25,7973.284805,8482.270613,bear_trend,738.00,586.325000,1.258688,large_range
2020-03-23,NQ,6978.00,7878.495776,8423.279609,bear_trend,687.50,600.012500,1.145809,normal_range
2020-03-24,NQ,7553.25,7847.519988,8389.160801,bear_trend,566.50,609.012500,0.930194,normal_range
2020-03-25,NQ,7478.00,7812.327608,8353.429005,bear_trend,389.50,612.087500,0.636347,small_range
2020-03-26,NQ,7861.50,7817.010693,8334.137671,range,583.25,614.037500,0.949861,normal_range
2020-03-27,NQ,7561.00,7792.628722,8303.818547,bear_trend,342.00,608.712500,0.561842,small_range
2020-03-30,NQ,7853.25,7798.402177,8286.149192,range,519.00,601.712500,0.862538,normal_range
2020-03-31,NQ,7781.75,7796.816255,8266.368831,bear_trend,247.50,589.512500,0.419838,small_range
2020-04-01,NQ,7463.50,7765.071850,8234.883779,bear_trend,369.25,586.300000,0.629797,small_range
2020-04-02,NQ,7622.00,7751.445960,8210.849121,bear_trend,280.25,585.862500,0.478355,small_range
2020-04-03,NQ,7522.00,7729.593964,8183.835430,bear_trend,236.75,576.900000,0.410383,small_range
2020-04-06,NQ,8035.75,7758.751681,8178.028158,range,563.50,571.662500,0.985721,normal_range
2020-04-07,NQ,7998.00,7781.537235,8170.968231,range,355.25,561.200000,0.633019,small_range
2020-04-08,NQ,8201.75,7821.557499,8172.175359,range,288.75,552.475000,0.522648,small_range
2020-04-09,NQ,8238.75,7861.290118,8174.786129,range,224.50,514.725000,0.436155,small_range
2020-04-13,NQ,8338.00,7906.691059,8181.186673,range,265.50,476.225000,0.557510,small_range
2020-04-14,NQ,8703.25,7982.553815,8201.659745,range,391.00,445.075000,0.878504,normal_range
2020-04-15,NQ,8576.50,8039.120119,8216.359363,range,221.00,425.837500,0.518977,small_range
2020-04-16,NQ,8838.50,8115.251536,8240.757035,range,342.00,414.437500,0.825215,normal_range
2020-04-17,NQ,8812.00,8181.608532,8263.158720,range,277.25,396.887500,0.698561,small_range
2020-04-20,NQ,8713.25,8232.241053,8280.809358,range,159.00,367.937500,0.432139,small_range
2020-04-21,NQ,8435.00,8251.551429,8286.856050,range,421.00,354.612500,1.187211,normal_range
2020-04-22,NQ,8633.25,8287.903674,8300.440126,range,300.00,339.900000,0.882613,normal_range
2020-04-23,NQ,8600.75,8317.698562,8312.216984,bull_trend,206.00,330.725000,0.622874,small_range
2020-04-24,NQ,8763.75,8360.179651,8329.924161,bull_trend,282.00,315.662500,0.893359,normal_range
2020-04-27,NQ,8818.25,8403.805399,8349.074194,bull_trend,168.00,306.962500,0.547298,small_range
2020-04-28,NQ,8698.75,8431.895361,8362.786971,bull_trend,291.25,295.575000,0.985368,normal_range
2020-04-29,NQ,9118.25,8497.262469,8392.412972,bull_trend,385.00,304.200000,1.265615,large_range
2020-04-30,NQ,8869.75,8532.737472,8411.132071,bull_trend,288.25,299.737500,0.961675,normal_range
2020-05-01,NQ,8702.00,8548.857713,8422.538657,bull_trend,207.00,296.075000,0.699147,small_range
2020-05-04,NQ,8809.00,8573.633169,8437.694003,bull_trend,271.75,297.825000,0.912449,normal_range
2020-05-05,NQ,8932.75,8607.834772,8457.107964,bull_trend,221.50,280.050000,0.790930,small_range
2020-05-06,NQ,8946.25,8640.064794,8476.290005,bull_trend,178.75,271.225000,0.659047,small_range
2020-05-07,NQ,9118.25,8685.606242,8501.464906,bull_trend,195.75,266.575000,0.734315,small_range
2020-05-08,NQ,9222.50,8736.738981,8529.740792,bull_trend,134.75,262.087500,0.514141,small_range
2020-05-11,NQ,9280.75,8788.549554,8559.192134,bull_trend,220.50,259.837500,0.848607,normal_range
2020-05-12,NQ,9043.25,8812.806739,8578.174795,bull_trend,305.00,255.537500,1.193563,normal_range
2020-05-13,NQ,9012.75,8831.848955,8595.216960,bull_trend,324.50,260.712500,1.244666,large_range
2020-05-14,NQ,9088.50,8856.291911,8614.561393,bull_trend,257.00,256.462500,1.002096,normal_range
2020-05-15,NQ,9117.50,8881.168872,8634.284476,bull_trend,223.00,253.750000,0.878818,normal_range
2020-05-18,NQ,9317.00,8922.676599,8661.057634,bull_trend,251.25,258.362500,0.972471,normal_range
2020-05-19,NQ,9297.00,8958.326446,8685.996550,bull_trend,133.50,243.987500,0.547159,small_range
2020-05-20,NQ,9494.00,9009.342975,8717.682960,bull_trend,225.00,240.237500,0.936573,normal_range
2020-05-21,NQ,9359.25,9042.667454,8742.842451,bull_trend,158.75,237.875000,0.667367,small_range
2020-05-22,NQ,9421.50,9078.746744,8769.456473,bull_trend,181.00,232.825000,0.777408,small_range
2020-05-25,NQ,9530.50,9121.770864,8799.301317,bull_trend,145.00,231.675000,0.625877,small_range
2020-05-26,NQ,9413.00,9149.506972,8823.367932,bull_trend,231.00,228.662500,1.010222,normal_range
2020-05-27,NQ,9441.75,9177.339641,8847.618209,bull_trend,335.50,224.437500,1.494848,large_range
2020-05-28,NQ,9458.50,9204.116818,8871.574358,bull_trend,245.00,222.275000,1.102238,normal_range
2020-05-29,NQ,9586.75,9240.558074,8899.620462,bull_trend,218.50,222.850000,0.980480,normal_range
2020-06-01,NQ,9592.50,9274.076352,8926.792208,bull_trend,155.50,217.037500,0.716466,small_range
2020-06-02,NQ,9657.50,9310.592890,8955.447416,bull_trend,165.25,214.225000,0.771385,small_range
2020-06-03,NQ,9690.50,9346.774520,8984.273007,bull_trend,92.75,209.925000,0.441824,small_range
2020-06-04,NQ,9644.50,9375.129327,9010.164262,bull_trend,170.25,208.650000,0.815960,normal_range
2020-06-05,NQ,9807.75,9416.331296,9041.442134,bull_trend,244.50,214.137500,1.141790,normal_range
2020-06-08,NQ,9883.25,9460.799744,9074.454207,bull_trend,154.00,210.812500,0.730507,small_range
2020-06-09,NQ,9961.75,9508.509292,9109.250121,bull_trend,193.75,205.250000,0.943971,normal_range
2020-06-10,NQ,10088.25,9563.722693,9147.642273,bull_trend,197.00,198.875000,0.990572,normal_range
2020-06-11,NQ,9621.00,9569.177675,9166.205321,bull_trend,522.50,212.150000,2.462880,large_range
2020-06-12,NQ,9645.00,9576.398849,9184.981583,bull_trend,354.50,218.725000,1.620757,large_range
2020-06-15,NQ,9799.75,9597.670387,9209.090148,bull_trend,434.75,227.900000,1.907635,large_range
2020-06-16,NQ,9959.25,9632.106540,9238.508182,bull_trend,215.25,231.987500,0.927852,normal_range
2020-06-17,NQ,9986.25,9665.834489,9267.831390,bull_trend,132.25,227.350000,0.581702,small_range
2020-06-18,NQ,9989.50,9696.659776,9296.132120,bull_trend,162.50,227.537500,0.714168,small_range
2020-06-19,NQ,9925.00,9718.406464,9320.793605,bull_trend,196.50,228.312500,0.860662,normal_range
2020-06-22,NQ,10121.50,9756.796324,9352.193856,bull_trend,291.00,235.612500,1.235079,large_range
2020-06-23,NQ,10177.00,9796.815722,9384.539195,bull_trend,324.00,240.262500,1.348525,large_range
2020-06-24,NQ,10015.25,9817.618987,9409.272952,bull_trend,314.75,239.225000,1.315707,large_range
2020-06-25,NQ,10097.50,9844.274321,9436.262248,bull_trend,221.50,238.050000,0.930477,normal_range
2020-06-26,NQ,9844.75,9844.319624,9452.281376,bull_trend,296.25,241.937500,1.224490,large_range
2020-06-29,NQ,9986.00,9857.812993,9473.211518,bull_trend,268.25,247.575000,1.083510,normal_range
2020-06-30,NQ,10139.25,9884.616518,9499.330674,bull_trend,231.25,250.875000,0.921774,normal_range
2020-07-01,NQ,10255.50,9919.938754,9528.984373,bull_trend,234.00,257.937500,0.907197,normal_range
2020-07-02,NQ,10349.75,9960.873158,9561.171260,bull_trend,175.75,258.212500,0.680641,small_range
2020-07-03,NQ,10326.00,9995.647143,9591.164544,bull_trend,81.00,250.037500,0.323951,small_range
2020-07-06,NQ,10597.75,10052.990272,9630.638484,bull_trend,273.00,256.762500,1.063239,normal_range
2020-07-07,NQ,10526.75,10098.110247,9665.780112,bull_trend,188.75,256.512500,0.735832,small_range
2020-07-08,NQ,10671.75,10152.742604,9705.229911,bull_trend,167.75,255.050000,0.657714,small_range
2020-07-09,NQ,10724.00,10207.148070,9745.181680,bull_trend,214.25,239.637500,0.894059,normal_range
2020-07-10,NQ,10843.75,10267.776826,9788.262790,bull_trend,222.00,233.012500,0.952739,normal_range
2020-07-13,NQ,10601.25,10299.536175,9820.144642,bull_trend,497.00,236.125000,2.104817,large_range
2020-07-14,NQ,10643.25,10332.270825,9852.423283,bull_trend,334.25,242.075000,1.380770,large_range
2020-07-15,NQ,10689.75,10366.316461,9885.259625,bull_trend,215.25,246.225000,0.874200,normal_range
2020-07-16,NQ,10534.00,10382.286322,9910.700424,bull_trend,222.75,249.237500,0.893726,normal_range
2020-07-17,NQ,10622.50,10405.163815,9938.614133,bull_trend,146.00,246.712500,0.591782,small_range
2020-07-20,NQ,10947.50,10456.814880,9978.178284,bull_trend,418.25,253.075000,1.652672,large_range
2020-07-21,NQ,10845.50,10493.832511,10012.190901,bull_trend,273.25,250.537500,1.090655,normal_range
2020-07-22,NQ,10845.00,10527.277034,10044.850081,bull_trend,155.00,242.550000,0.639043,small_range
2020-07-23,NQ,10565.00,10530.869697,10065.248117,bull_trend,424.00,252.675000,1.678045,large_range
2020-07-24,NQ,10460.75,10524.191631,10080.757995,range,296.00,252.662500,1.171523,normal_range
2020-07-27,NQ,10682.00,10539.220999,10104.336113,bull_trend,283.00,253.400000,1.116811,normal_range
2020-07-28,NQ,10549.25,10540.176142,10121.783716,bull_trend,244.50,254.062500,0.962362,normal_range
2020-07-29,NQ,10699.50,10555.349843,10144.439257,bull_trend,187.50,251.737500,0.744823,small_range
2020-07-30,NQ,10891.00,10587.316524,10173.716149,bull_trend,394.50,262.675000,1.501856,large_range
2020-07-31,NQ,10914.25,10618.453046,10202.756692,bull_trend,248.00,271.025000,0.915045,normal_range
2020-08-03,NQ,11053.50,10659.886089,10236.119174,bull_trend,196.75,266.437500,0.738447,small_range
2020-08-04,NQ,11078.50,10699.754081,10269.153717,bull_trend,111.75,262.587500,0.425572,small_range
2020-08-05,NQ,11095.75,10737.467978,10301.569257,bull_trend,88.25,258.612500,0.341244,small_range
2020-08-06,NQ,11258.00,10787.042456,10339.076345,bull_trend,220.50,258.925000,0.851598,normal_range
2020-08-07,NQ,11131.50,10819.847936,10370.151783,bull_trend,248.00,260.225000,0.953021,normal_range
2020-08-10,NQ,11079.50,10844.576704,10397.969360,bull_trend,228.25,246.787500,0.924885,normal_range
2020-08-11,NQ,10912.00,10850.997971,10418.127424,bull_trend,312.25,245.687500,1.270923,large_range
2020-08-12,NQ,11116.50,10876.283878,10445.514584,bull_trend,307.25,250.287500,1.227588,large_range
2020-08-13,NQ,11181.25,10905.328271,10474.366953,bull_trend,171.75,247.737500,0.693274,small_range
2020-08-14,NQ,11147.25,10928.368435,10500.754524,bull_trend,141.75,247.525000,0.572669,small_range
2020-08-17,NQ,11287.00,10962.523823,10531.587680,bull_trend,158.25,234.525000,0.674768,small_range
2020-08-18,NQ,11413.25,11005.450125,10566.162673,bull_trend,147.25,228.225000,0.645197,small_range
2020-08-19,NQ,11321.50,11035.550113,10595.783744,bull_trend,139.00,227.425000,0.611191,small_range
2020-08-20,NQ,11480.00,11077.878674,10630.458891,bull_trend,275.00,219.975000,1.250142,large_range
2020-08-21,NQ,11561.75,11123.961657,10666.980111,bull_trend,166.50,213.500000,0.779859,small_range
2020-08-24,NQ,11634.25,11172.560547,10704.912264,bull_trend,194.25,209.062500,0.929148,normal_range
2020-08-25,NQ,11736.50,11226.269066,10745.366685,bull_trend,167.50,205.212500,0.816227,normal_range
2020-08-26,NQ,11985.00,11298.529155,10793.979756,bull_trend,274.75,209.575000,1.310987,large_range
2020-08-27,NQ,11946.75,11360.264474,10839.186432,bull_trend,211.25,200.412500,1.054076,normal_range
2020-08-28,NQ,12002.00,11421.382143,10884.786964,bull_trend,97.75,192.900000,0.506739,small_range
2020-08-31,NQ,12106.00,11486.583844,10932.677672,bull_trend,176.75,191.900000,0.921053,normal_range
2020-09-01,NQ,12328.25,11566.742525,10987.405998,bull_trend,235.75,198.100000,1.190056,normal_range
2020-09-02,NQ,12408.50,11646.909904,11043.135175,bull_trend,293.00,208.337500,1.406372,large_range
2020-09-03,NQ,11802.25,11661.704199,11072.904384,bull_trend,780.25,236.325000,3.301597,large_range
2020-09-04,NQ,11538.25,11649.946656,11091.153231,range,701.00,258.975000,2.706825,large_range
2020-09-07,NQ,11501.25,11635.785070,11107.235458,range,241.00,259.612500,0.928307,normal_range
2020-09-08,NQ,11043.75,11579.400777,11104.745832,range,544.50,271.225000,2.007558,large_range
2020-09-09,NQ,11370.25,11559.481656,11115.157760,range,543.50,283.037500,1.920240,large_range
2020-09-10,NQ,11177.25,11523.078641,11117.592750,range,478.75,298.387500,1.604457,large_range
2020-09-11,NQ,11071.00,11480.023532,11115.765583,range,418.75,312.237500,1.341127,large_range
2020-09-14,NQ,11260.50,11459.116529,11121.441443,range,245.25,318.237500,0.770651,small_range
2020-09-15,NQ,11448.00,11458.057812,11134.247661,range,248.75,323.312500,0.769379,small_range
2020-09-16,NQ,11250.00,11438.242782,11138.786968,range,315.25,332.125000,0.949191,normal_range
2020-09-17,NQ,11068.00,11402.981565,11136.011008,range,384.25,337.587500,1.138223,normal_range
2020-09-18,NQ,10938.50,11358.745225,11128.265479,range,421.00,350.312500,1.201784,large_range
2020-09-21,NQ,10980.50,11322.721871,11122.470754,range,353.25,358.262500,0.986009,normal_range
2020-09-22,NQ,11153.50,11306.605502,11123.687587,range,293.50,364.562500,0.805075,normal_range
2020-09-23,NQ,10818.75,11260.143073,11111.729250,range,436.00,372.625000,1.170077,normal_range
2020-09-24,NQ,10908.50,11226.653257,11103.759476,range,351.50,379.637500,0.925883,normal_range
2020-09-25,NQ,11135.00,11217.924375,11104.984595,range,352.50,392.375000,0.898375,normal_range
2020-09-28,NQ,11394.25,11234.717292,11116.328336,bull_trend,263.75,396.987500,0.664379,small_range
2020-09-29,NQ,11320.00,11242.839454,11124.315460,bull_trend,159.25,393.162500,0.405049,small_range
2020-09-30,NQ,11357.25,11253.735697,11133.450148,bull_trend,359.00,396.462500,0.905508,normal_range
2020-10-01,NQ,11573.00,11284.141821,11150.687397,bull_trend,224.25,369.550000,0.606819,small_range
2020-10-02,NQ,11251.50,11281.033076,11154.640832,range,400.25,354.512500,1.129015,normal_range
2020-10-05,NQ,11469.25,11298.958497,11166.978447,bull_trend,230.00,354.762500,0.648321,small_range
2020-10-06,NQ,11207.25,11290.224355,11168.557723,range,327.00,343.887500,0.950892,normal_range
2020-10-07,NQ,11474.50,11307.774416,11180.555460,bull_trend,298.50,331.675000,0.899977,normal_range
2020-10-08,NQ,11559.75,11331.772091,11195.425834,bull_trend,109.00,313.187500,0.348034,small_range
2020-10-09,NQ,11727.75,11369.484273,11216.301291,bull_trend,186.50,301.575000,0.618420,small_range
2020-10-12,NQ,12089.25,11438.033390,11250.534574,bull_trend,509.25,313.125000,1.626347,large_range
2020-10-13,NQ,12081.50,11499.315924,11283.121453,bull_trend,230.00,312.187500,0.736737,small_range
2020-10-14,NQ,11944.25,11541.690598,11309.048063,bull_trend,276.25,310.237500,0.890447,normal_range
2020-10-15,NQ,11884.00,11574.291493,11331.595198,bull_trend,246.75,303.362500,0.813383,normal_range
2020-10-16,NQ,11795.25,11595.335161,11349.777739,bull_trend,230.00,293.812500,0.782812,small_range
2020-10-19,NQ,11695.25,11604.850860,11363.325671,bull_trend,359.25,294.112500,1.221471,large_range
2020-10-20,NQ,11653.00,11609.436492,11374.685449,bull_trend,193.50,289.112500,0.669290,small_range
2020-10-21,NQ,11688.00,11616.918731,11386.972294,bull_trend,194.25,277.025000,0.701200,small_range
2020-10-22,NQ,11656.50,11620.688376,11397.542008,bull_trend,213.00,270.100000,0.788597,small_range
2020-10-23,NQ,11669.25,11625.313292,11408.197223,bull_trend,140.75,259.512500,0.542363,small_range
2020-10-26,NQ,11496.75,11613.069169,11411.669881,range,352.25,263.675000,1.335925,large_range
2020-10-27,NQ,11554.75,11607.514963,11417.280866,range,144.75,262.950000,0.550485,small_range
2020-10-28,NQ,11177.75,11566.584966,11407.887499,range,443.00,267.150000,1.658244,large_range
2020-10-29,NQ,11244.75,11535.934017,11401.489950,range,312.75,270.687500,1.155391,normal_range
2020-10-30,NQ,11089.00,11493.368872,11389.235442,range,336.75,267.512500,1.258820,large_range
2020-11-02,NQ,11074.50,11453.476599,11376.892876,range,269.75,268.700000,1.003908,normal_range
2020-11-03,NQ,11247.50,11433.859780,11371.818645,range,282.50,266.475000,1.060137,normal_range
2020-11-04,NQ,11814.00,11470.063610,11389.159090,bull_trend,613.50,282.187500,2.174086,large_range
2020-11-05,NQ,12092.00,11529.295648,11416.721479,bull_trend,348.25,294.150000,1.183920,normal_range
2020-11-06,NQ,12094.50,11583.124633,11443.301029,bull_trend,240.75,296.862500,0.810982,normal_range
2020-11-09,NQ,11846.50,11608.208002,11459.112753,bull_trend,596.50,301.225000,1.980247,large_range
2020-11-10,NQ,11624.00,11609.712002,11465.578920,bull_trend,398.25,309.637500,1.286181,large_range
2020-11-11,NQ,11893.00,11636.691811,11482.340531,bull_trend,342.50,312.950000,1.094424,normal_range
2020-11-12,NQ,11863.75,11658.316400,11497.297765,bull_trend,200.00,310.612500,0.643889,small_range
2020-11-13,NQ,11945.25,11685.643410,11514.864519,bull_trend,151.00,306.662500,0.492398,small_range
2020-11-16,NQ,12041.50,11719.534514,11535.516891,bull_trend,213.25,299.362500,0.712347,small_range
2020-11-17,NQ,11969.00,11743.293131,11552.516229,bull_trend,142.50,296.812500,0.480101,small_range
2020-11-18,NQ,11873.75,11755.717595,11565.113631,bull_trend,166.00,295.400000,0.561950,small_range
2020-11-19,NQ,11964.75,11775.625443,11580.785646,bull_trend,195.50,294.525000,0.663781,small_range
2020-11-20,NQ,11908.00,11788.232544,11593.617581,bull_trend,147.50,294.862500,0.500233,small_range
2020-11-23,NQ,11918.50,11800.638968,11606.358068,bull_trend,193.50,286.925000,0.674392,small_range
2020-11-24,NQ,12101.00,11829.244781,11625.755791,bull_trend,231.75,291.275000,0.795640,small_range
2020-11-25,NQ,12168.75,11861.578611,11647.049682,bull_trend,100.25,274.137500,0.365692,small_range
2020-11-26,NQ,12153.75,11889.404458,11666.920282,bull_trend,96.50,263.325000,0.366467,small_range
2020-11-27,NQ,12273.25,11925.961176,11690.697918,bull_trend,170.75,255.025000,0.669542,small_range
2020-11-30,NQ,12319.25,11963.417255,11715.347020,bull_trend,251.25,254.100000,0.988784,normal_range
2020-12-01,NQ,12458.50,12010.567992,11744.490274,bull_trend,200.25,249.987500,0.801040,normal_range
2020-12-02,NQ,12462.25,12053.585326,11772.637714,bull_trend,161.00,227.362500,0.708120,small_range
2020-12-03,NQ,12488.25,12094.981962,11800.700941,bull_trend,96.25,214.762500,0.448169,small_range
2020-12-04,NQ,12509.25,12134.436061,11828.487179,bull_trend,87.25,207.087500,0.421319,small_range
2020-12-07,NQ,12571.75,12176.085007,11857.634740,bull_trend,137.50,184.137500,0.746725,small_range
2020-12-08,NQ,12647.50,12220.981673,11888.609848,bull_trend,150.50,171.750000,0.876274,normal_range
2020-12-09,NQ,12351.75,12233.435800,11906.772207,bull_trend,368.25,173.037500,2.128151,large_range
2020-12-10,NQ,12388.50,12248.203819,11925.663493,bull_trend,230.75,174.575000,1.321781,large_range
2020-12-11,NQ,12365.50,12259.374884,11942.911984,bull_trend,180.00,176.025000,1.022582,normal_range
2020-12-14,NQ,12472.00,12279.624895,11963.660533,bull_trend,161.50,174.562500,0.925170,normal_range
2020-12-15,NQ,12598.00,12309.946333,11988.536591,bull_trend,185.75,176.725000,1.051068,normal_range
2020-12-16,NQ,12676.00,12344.808587,12015.495940,bull_trend,132.75,175.062500,0.758301,small_range
2020-12-17,NQ,12753.00,12383.683960,12044.417668,bull_trend,94.75,170.025000,0.557271,small_range
2020-12-18,NQ,12748.50,12418.428345,12072.028740,bull_trend,179.75,171.637500,1.047265,normal_range
2020-12-21,NQ,12689.00,12444.197074,12096.223691,bull_trend,321.50,178.037500,1.805799,large_range
2020-12-22,NQ,12707.25,12469.249733,12120.185507,bull_trend,166.50,174.775000,0.952653,normal_range
2020-12-23,NQ,12655.75,12487.011664,12141.188036,bull_trend,115.25,175.525000,0.656602,small_range
2020-12-24,NQ,12703.00,12507.581981,12163.219878,bull_trend,92.50,175.325000,0.527592,small_range
2020-12-28,NQ,12842.50,12539.478935,12189.858314,bull_trend,200.25,176.800000,1.132636,normal_range
2020-12-29,NQ,12857.75,12569.790465,12216.050145,bull_trend,110.00,169.737500,0.648060,small_range
2020-12-30,NQ,12841.25,12595.643754,12240.567786,bull_trend,89.25,164.187500,0.543586,small_range
2020-12-31,NQ,12883.00,12623.011016,12265.761207,bull_trend,99.50,161.112500,0.617581,small_range
2021-01-04,NQ,12688.25,12629.224252,12282.329395,bull_trend,437.25,178.162500,2.454220,large_range
2021-01-05,NQ,12803.50,12645.821943,12302.767458,bull_trend,197.00,183.650000,1.072693,normal_range
2021-01-06,NQ,12658.00,12646.981758,12316.698146,bull_trend,353.00,194.425000,1.815610,large_range
2021-01-07,NQ,12925.75,12673.531114,12340.582532,bull_trend,312.50,202.525000,1.543019,large_range
2021-01-08,NQ,13123.25,12716.361484,12371.275374,bull_trend,206.00,194.412500,1.059603,normal_range
2021-01-11,NQ,12905.75,12734.398486,12392.235163,bull_trend,233.50,195.450000,1.194679,normal_range
2021-01-12,NQ,12881.25,12748.384344,12411.412216,bull_trend,191.75,196.037500,0.978129,normal_range
2021-01-13,NQ,12973.00,12769.776311,12433.435266,bull_trend,182.25,195.950000,0.930084,normal_range
2021-01-14,NQ,12899.75,12782.154758,12451.722118,bull_trend,147.75,194.050000,0.761402,small_range
2021-01-15,NQ,12759.00,12779.949543,12463.772231,range,187.75,196.800000,0.954014,normal_range
2021-01-18,NQ,12814.00,12783.192444,12477.506654,bull_trend,89.75,196.550000,0.456627,small_range
2021-01-19,NQ,13032.75,12806.959830,12499.280902,bull_trend,222.00,198.662500,1.117473,normal_range
2021-01-20,NQ,13290.50,12853.011275,12530.309102,bull_trend,310.00,198.087500,1.564965,large_range
2021-01-21,NQ,13397.00,12904.819725,12564.296981,bull_trend,140.25,196.775000,0.712743,small_range
2021-01-22,NQ,13355.25,12947.717846,12595.314746,bull_trend,102.00,196.112500,0.520110,small_range
2021-01-25,NQ,13464.25,12996.911385,12629.390638,bull_trend,365.50,209.762500,1.742447,large_range
2021-01-26,NQ,13552.25,13049.800777,12665.581202,bull_trend,219.50,210.725000,1.041642,normal_range
2021-01-27,NQ,13061.75,13050.938798,12681.117233,bull_trend,701.75,240.312500,2.920156,large_range
2021-01-28,NQ,13151.75,13060.539865,12699.573420,bull_trend,487.75,260.237500,1.874249,large_range
2021-01-29,NQ,12870.50,13042.440830,12706.276423,range,359.00,273.212500,1.313996,large_range
2021-02-01,NQ,13235.25,13060.803608,12727.020485,bull_trend,544.25,278.562500,1.953781,large_range
2021-02-02,NQ,13498.00,13102.441360,12757.254976,bull_trend,279.25,282.675000,0.987884,normal_range
2021-02-03,NQ,13416.00,13132.304087,12783.088114,bull_trend,197.75,274.912500,0.719320,small_range
2021-02-04,NQ,13563.25,13173.346555,12813.682698,bull_trend,223.50,270.462500,0.826362,normal_range
2021-02-05,NQ,13603.50,13214.313550,12844.655925,bull_trend,119.00,266.112500,0.447179,small_range
2021-02-08,NQ,13685.50,13259.188450,12877.630203,bull_trend,97.00,258.387500,0.375405,small_range
2021-02-09,NQ,13697.50,13300.932407,12909.781959,bull_trend,101.25,253.862500,0.398838,small_range
2021-02-10,NQ,13664.25,13335.534083,12939.368941,bull_trend,252.50,257.375000,0.981059,normal_range
2021-02-11,NQ,13710.25,13371.221313,12969.599571,bull_trend,131.25,256.550000,0.511596,small_range
2021-02-12,NQ,13820.75,13414.033569,13002.978019,bull_trend,174.75,255.900000,0.682884,small_range
2021-02-15,NQ,13872.00,13457.649419,13037.057313,bull_trend,68.25,254.825000,0.267831,small_range
2021-02-16,NQ,13755.25,13485.992332,13065.221732,bull_trend,184.50,252.950000,0.729393,small_range
2021-02-17,NQ,13699.25,13506.302586,13090.085585,bull_trend,242.00,249.550000,0.969746,normal_range
2021-02-18,NQ,13640.00,13519.035673,13111.650857,bull_trend,255.25,255.300000,0.999804,normal_range
2021-02-19,NQ,13573.00,13524.175133,13129.742980,bull_trend,194.25,259.912500,0.747367,small_range
2021-02-22,NQ,13221.00,13495.301311,13133.321687,range,414.00,262.337500,1.578120,large_range
2021-02-23,NQ,13157.50,13463.129757,13134.269856,range,578.50,280.287500,2.063952,large_range
2021-02-24,NQ,13314.00,13448.926923,13141.318097,range,376.00,264.000000,1.424242,large_range
2021-02-25,NQ,12788.00,13385.981502,13127.462485,range,589.75,269.100000,2.191564,large_range
2021-02-26,NQ,12905.75,13340.245168,13118.767878,range,427.25,272.512500,1.567818,large_range
2021-03-01,NQ,13314.00,13337.745629,13126.424039,range,371.75,265.912500,1.398016,large_range
2021-03-02,NQ,13054.75,13310.793664,13123.613293,range,280.00,265.950000,1.052829,normal_range
2021-03-03,NQ,12677.50,13250.479982,13106.118654,range,528.75,282.500000,1.871681,large_range
2021-03-04,NQ,12432.00,13172.529507,13079.682628,range,490.50,295.850000,1.657935,large_range
2021-03-05,NQ,12652.50,13123.002887,13062.930368,range,490.50,314.425000,1.559990,large_range
2021-03-08,NQ,12333.50,13047.812136,13034.325256,range,479.50,333.550000,1.437566,large_range
2021-03-09,NQ,12788.00,13023.068123,13024.665442,bear_trend,541.50,355.562500,1.522939,large_range
2021-03-10,NQ,12788.25,13000.704492,13015.394248,bear_trend,290.25,357.450000,0.812002,normal_range
2021-03-11,NQ,13043.50,13004.780255,13016.496434,range,395.00,370.637500,1.065731,normal_range
2021-03-12,NQ,12936.25,12998.253564,13013.349515,bear_trend,326.75,378.237500,0.863875,normal_range
2021-03-15,NQ,13072.50,13005.324653,13015.669142,range,226.75,386.162500,0.587188,small_range
2021-03-16,NQ,13153.25,13019.412782,13021.064470,range,239.00,388.887500,0.614574,small_range
2021-03-17,NQ,13170.00,13033.754421,13026.905079,bull_trend,336.75,393.625000,0.855510,normal_range
2021-03-18,NQ,12790.00,13010.539715,13017.614684,bear_trend,505.00,406.112500,1.243498,large_range
2021-03-19,NQ,12825.50,12992.916885,13010.080775,bear_trend,216.50,407.225000,0.531647,small_range
2021-03-22,NQ,13062.00,12999.496229,13012.116823,range,368.50,404.950000,0.909989,normal_range
2021-03-23,NQ,13030.25,13002.425160,13012.827928,range,193.00,385.675000,0.500421,small_range
2021-03-24,NQ,12796.00,12982.765621,13004.324872,bear_trend,361.25,384.937500,0.938464,normal_range
2021-03-25,NQ,12792.00,12964.597466,12995.998406,bear_trend,249.75,367.937500,0.678784,small_range
2021-03-26,NQ,12959.00,12964.064374,12994.547488,bear_trend,312.25,362.187500,0.862123,normal_range
2021-03-29,NQ,12964.25,12964.082053,12993.359351,range,195.50,351.350000,0.556425,small_range
2021-03-30,NQ,12890.25,12957.050429,12989.315847,bear_trend,207.50,347.725000,0.596736,small_range
2021-03-31,NQ,13089.00,12969.617055,12993.225030,range,299.75,336.275000,0.891384,normal_range
2021-04-01,NQ,13327.25,13003.677335,13006.324048,range,242.25,323.925000,0.747858,small_range
2021-04-02,NQ,13344.25,13036.112827,13019.576046,bull_trend,67.50,302.775000,0.222938,small_range
2021-04-05,NQ,13600.50,13089.863986,13042.357378,bull_trend,310.75,294.337500,1.055761,normal_range
2021-04-06,NQ,13583.25,13136.853130,13063.568853,bull_trend,130.75,273.800000,0.477538,small_range
2021-04-07,NQ,13621.00,13182.962356,13085.428898,bull_trend,128.50,265.712500,0.483605,small_range
2021-04-08,NQ,13788.75,13240.656417,13113.010118,bull_trend,174.25,254.675000,0.684205,small_range
2021-04-09,NQ,13811.00,13294.974854,13140.382270,bull_trend,193.50,248.012500,0.780203,small_range
2021-04-12,NQ,13824.75,13345.429630,13167.220220,bull_trend,100.25,241.687500,0.414792,small_range
2021-04-13,NQ,13975.50,13405.436332,13198.917467,bull_trend,221.25,240.800000,0.918812,normal_range
2021-04-14,NQ,13827.25,13445.609062,13223.557958,bull_trend,256.25,236.775000,1.082251,normal_range
2021-04-15,NQ,13999.00,13498.312961,13253.967450,bull_trend,245.00,223.775000,1.094850,normal_range
2021-04-16,NQ,14024.00,13548.378393,13284.164805,bull_trend,106.75,218.287500,0.489034,small_range
2021-04-19,NQ,13894.00,13581.294737,13308.079911,bull_trend,231.25,211.425000,1.093768,normal_range
2021-04-20,NQ,13735.00,13595.933333,13324.821875,bull_trend,214.50,212.500000,1.009412,normal_range
2021-04-21,NQ,13891.25,13624.058730,13347.034743,bull_trend,226.00,205.737500,1.098487,normal_range
2021-04-22,NQ,13761.50,13637.148375,13363.288282,bull_trend,243.00,205.400000,1.183057,normal_range
2021-04-23,NQ,13903.50,13662.515196,13384.473055,bull_trend,244.00,201.987500,1.207996,large_range
2021-04-26,NQ,14021.75,13696.728035,13409.464308,bull_trend,173.75,200.900000,0.864858,normal_range
2021-04-27,NQ,13950.50,13720.896793,13430.681394,bull_trend,137.50,197.400000,0.696555,small_range
2021-04-28,NQ,13968.75,13744.501861,13451.782124,bull_trend,115.50,188.187500,0.613750,small_range
2021-04-29,NQ,13945.25,13763.620731,13471.133805,bull_trend,245.50,188.287500,1.303857,large_range
2021-04-30,NQ,13865.25,13773.299709,13486.589342,bull_trend,137.00,191.762500,0.714425,small_range
2021-05-03,NQ,13785.00,13774.414022,13498.291721,bull_trend,175.50,185.000000,0.948649,normal_range
2021-05-04,NQ,13521.75,13750.350782,13499.211653,range,411.75,199.050000,2.068576,large_range
2021-05-05,NQ,13483.50,13724.936422,13498.595510,range,202.75,202.762500,0.999938,normal_range
2021-05-06,NQ,13605.75,13713.585334,13502.797647,range,222.75,205.187500,1.085592,normal_range
2021-05-07,NQ,13715.50,13713.767683,13511.138916,bull_trend,229.75,207.000000,1.109903,normal_range
2021-05-10,NQ,13311.50,13675.456475,13503.309939,range,446.50,224.312500,1.990527,large_range
2021-05-11,NQ,13317.00,13641.317763,13496.003667,range,310.50,228.775000,1.357229,large_range
2021-05-12,NQ,12965.25,13576.930357,13475.189797,range,392.00,235.562500,1.664102,large_range
2021-05-13,NQ,13091.25,13530.675085,13460.133335,range,308.75,238.750000,1.293194,large_range
2021-05-14,NQ,13398.00,13518.039363,13457.696733,range,355.25,251.175000,1.414353,large_range
2021-05-17,NQ,13312.00,13498.416566,13451.983136,range,265.75,252.900000,1.050811,normal_range
2021-05-18,NQ,13188.75,13468.924512,13441.660268,range,253.75,254.862500,0.995635,normal_range
2021-05-19,NQ,13218.75,13445.098368,13432.918689,range,288.75,258.000000,1.119186,normal_range
2021-05-20,NQ,13489.25,13449.303286,13435.127760,bull_trend,372.00,264.450000,1.406693,large_range
2021-05-21,NQ,13414.00,13445.941068,13434.299220,range,174.25,260.962500,0.667720,small_range
2021-05-24,NQ,13649.50,13465.327633,13442.738466,bull_trend,329.50,268.750000,1.226047,large_range
2021-05-25,NQ,13668.25,13484.653573,13451.582056,bull_trend,132.00,268.475000,0.491666,small_range
2021-05-26,NQ,13702.75,13505.424661,13461.431779,bull_trend,72.50,266.325000,0.272224,small_range
2021-05-27,NQ,13692.75,13523.265169,13470.503082,bull_trend,100.50,259.075000,0.387919,small_range
2021-05-28,NQ,13686.50,13538.811344,13478.973549,bull_trend,100.75,257.262500,0.391623,small_range
2021-05-31,NQ,13654.75,13549.853121,13485.866744,bull_trend,68.00,251.887500,0.269962,small_range
2021-06-01,NQ,13647.50,13559.152823,13492.205303,bull_trend,180.75,240.337500,0.752067,small_range
2021-06-02,NQ,13677.00,13570.376364,13499.452153,bull_trend,109.50,235.675000,0.464623,small_range
2021-06-03,NQ,13530.25,13566.554806,13500.659912,range,245.50,236.812500,1.036685,normal_range
2021-06-04,NQ,13763.25,13585.287681,13510.957563,bull_trend,316.00,241.125000,1.310524,large_range
2021-06-07,NQ,13822.75,13607.903140,13523.184717,bull_trend,132.50,225.425000,0.587779,small_range
2021-06-08,NQ,13812.75,13627.412365,13534.540218,bull_trend,175.50,218.675000,0.802561,normal_range
2021-06-09,NQ,13811.50,13644.944521,13545.401386,bull_trend,100.75,204.112500,0.493600,small_range
2021-06-10,NQ,13973.50,13676.235519,13562.189567,bull_trend,250.50,201.200000,1.245030,large_range
2021-06-11,NQ,13992.75,13706.379755,13579.074290,bull_trend,65.50,186.712500,0.350807,small_range
2021-06-14,NQ,14109.75,13744.795969,13599.885102,bull_trend,169.00,181.875000,0.929210,normal_range
2021-06-15,NQ,14037.75,13772.696353,13617.056275,bull_trend,154.50,176.912500,0.873313,normal_range
2021-06-16,NQ,13930.75,13787.749081,13629.357989,bull_trend,265.50,175.750000,1.510669,large_range
2021-06-17,NQ,14177.00,13824.820597,13650.834147,bull_trend,357.25,175.012500,2.041283,large_range
2021-06-18,NQ,14017.75,13843.194826,13665.223004,bull_trend,194.75,176.037500,1.106298,normal_range
2021-06-21,NQ,14137.50,13871.223890,13683.743670,bull_trend,185.50,168.837500,1.098690,normal_range
2021-06-22,NQ,14268.50,13909.059710,13706.675291,bull_trend,212.75,172.875000,1.230658,large_range
2021-06-23,NQ,14274.25,13943.839738,13728.933123,bull_trend,84.00,173.450000,0.484289,small_range
2021-06-24,NQ,14359.00,13983.378810,13753.641628,bull_trend,152.00,176.025000,0.863514,normal_range
2021-06-25,NQ,14331.00,14016.485590,13776.283132,bull_trend,81.00,175.037500,0.462758,small_range
2021-06-28,NQ,14502.75,14062.796486,13804.772029,bull_trend,186.50,181.075000,1.029960,normal_range
2021-06-29,NQ,14582.75,14112.315869,13835.280969,bull_trend,116.00,177.837500,0.652281,small_range
2021-06-30,NQ,14555.50,14154.523881,13863.524853,bull_trend,80.25,176.375000,0.454996,small_range
2021-07-01,NQ,14540.00,14191.235893,13890.053290,bull_trend,135.25,170.862500,0.791572,small_range
2021-07-02,NQ,14701.00,14239.784855,13921.855122,bull_trend,215.75,165.850000,1.300874,large_range
2021-07-05,NQ,14693.25,14282.972012,13952.105901,bull_trend,47.25,161.587500,0.292411,small_range
2021-07-06,NQ,14763.75,14328.760392,13983.935082,bull_trend,164.75,161.050000,1.022974,normal_range
2021-07-07,NQ,14810.25,14374.616545,14016.339588,bull_trend,157.50,163.887500,0.961025,normal_range
2021-07-08,NQ,14713.00,14406.843541,14043.659604,bull_trend,281.50,165.437500,1.701549,large_range
2021-07-09,NQ,14814.25,14445.644156,14073.878836,bull_trend,191.25,171.725000,1.113699,normal_range
2021-07-12,NQ,14876.00,14486.630427,14105.334568,bull_trend,103.50,168.450000,0.614426,small_range
2021-07-13,NQ,14865.00,14522.665624,14135.125369,bull_trend,200.25,170.737500,1.172853,normal_range
2021-07-14,NQ,14896.75,14558.292707,14164.993001,bull_trend,154.75,165.200000,0.936743,normal_range
2021-07-15,NQ,14776.50,14579.074354,14188.973668,bull_trend,254.50,160.062500,1.590004,large_range
2021-07-16,NQ,14668.50,14587.591083,14207.778622,bull_trend,213.50,161.000000,1.326087,large_range
2021-07-19,NQ,14592.25,14588.034789,14222.855931,bull_trend,237.50,163.600000,1.451711,large_range
2021-07-20,NQ,14726.75,14601.245761,14242.616483,bull_trend,265.75,166.250000,1.598496,large_range
2021-07-21,NQ,14838.25,14623.817594,14265.974660,bull_trend,171.25,170.612500,1.003737,normal_range
2021-07-22,NQ,14977.00,14657.454013,14293.858007,bull_trend,156.00,170.812500,0.913282,normal_range
2021-07-23,NQ,15091.25,14698.767917,14325.128281,bull_trend,183.00,175.912500,1.040290,normal_range
2021-07-26,NQ,15124.50,14739.313830,14356.476191,bull_trend,95.25,171.237500,0.556245,small_range
2021-07-27,NQ,14884.75,14753.164893,14377.192811,bull_trend,357.25,183.300000,1.948991,large_range
2021-07-28,NQ,14984.75,14775.220618,14401.018584,bull_trend,208.50,189.712500,1.099031,normal_range
2021-07-29,NQ,14909.75,14788.032940,14420.968835,bull_trend,179.00,191.900000,0.932777,normal_range
2021-07-30,NQ,14966.50,14805.029803,14442.362214,bull_trend,168.75,189.550000,0.890266,normal_range
2021-08-02,NQ,14959.75,14819.765060,14462.651931,bull_trend,124.00,193.387500,0.641200,small_range
2021-08-03,NQ,15035.00,14840.263625,14485.096954,bull_trend,201.00,195.200000,1.029713,normal_range
2021-08-04,NQ,15081.50,14863.238518,14508.485308,bull_trend,111.00,192.875000,0.575502,small_range
2021-08-05,NQ,15171.75,14892.620564,14534.495688,bull_trend,103.25,183.962500,0.561256,small_range
2021-08-06,NQ,15092.75,14911.680510,14556.388014,bull_trend,122.50,180.625000,0.678201,small_range
2021-08-09,NQ,15126.75,14932.163319,14578.755151,bull_trend,142.25,182.562500,0.779185,small_range
2021-08-10,NQ,15048.00,14943.195384,14597.156910,bull_trend,162.75,180.687500,0.900726,normal_range
2021-08-11,NQ,15008.50,14949.414871,14613.288011,bull_trend,156.00,180.750000,0.863071,normal_range
2021-08-12,NQ,15079.50,14961.803931,14631.570834,bull_trend,149.25,175.487500,0.850488,normal_range
2021-08-13,NQ,15122.00,14977.060699,14650.803351,bull_trend,86.50,169.137500,0.511418,small_range
2021-08-16,NQ,15135.00,14992.102538,14669.791455,bull_trend,221.75,168.350000,1.317196,large_range
2021-08-17,NQ,14969.25,14989.926105,14681.534927,range,236.75,166.962500,1.417983,large_range
2021-08-18,NQ,14839.50,14975.599810,14687.729636,range,230.75,169.937500,1.357852,large_range
2021-08-19,NQ,14943.75,14972.566494,14697.769650,range,288.50,176.562500,1.633982,large_range
2021-08-20,NQ,15095.00,14984.226828,14713.347311,bull_trend,249.00,179.862500,1.384391,large_range
2021-08-23,NQ,15328.25,15016.990940,14737.461142,bull_trend,251.00,187.650000,1.337597,large_range
2021-08-24,NQ,15363.50,15049.991803,14762.011685,bull_trend,74.50,173.512500,0.429364,small_range
2021-08-25,NQ,15367.25,15080.206869,14785.746521,bull_trend,64.00,166.287500,0.384876,small_range
2021-08-26,NQ,15287.25,15099.925263,14805.413324,bull_trend,113.00,162.987500,0.693305,small_range
2021-08-27,NQ,15428.25,15131.194285,14829.838292,bull_trend,178.25,163.462500,1.090464,normal_range
2021-08-30,NQ,15606.50,15176.461496,14860.295614,bull_trend,197.75,167.150000,1.183069,normal_range
2021-08-31,NQ,15599.50,15216.750877,14889.284021,bull_trend,159.50,165.075000,0.966227,normal_range
2021-09-01,NQ,15610.00,15254.203175,14917.547393,bull_trend,120.50,165.550000,0.727877,small_range
2021-09-02,NQ,15600.75,15287.207634,14944.339652,bull_trend,130.25,166.900000,0.780407,small_range
2021-09-03,NQ,15655.00,15322.235479,14972.208685,bull_trend,125.25,166.937500,0.750281,small_range
2021-09-06,NQ,15701.25,15358.332100,15000.798541,bull_trend,66.25,163.137500,0.406099,small_range
2021-09-07,NQ,15672.00,15388.205233,15027.120166,bull_trend,95.50,159.775000,0.597716,small_range
2021-09-08,NQ,15609.75,15409.304735,15049.968395,bull_trend,167.25,160.337500,1.043112,normal_range
2021-09-09,NQ,15562.50,15423.894760,15070.067674,bull_trend,130.00,159.375000,0.815686,normal_range
2021-09-10,NQ,15447.75,15426.166688,15084.878745,bull_trend,234.50,166.775000,1.406086,large_range
2021-09-13,NQ,15453.00,15428.722241,15099.314873,bull_trend,214.75,166.425000,1.290371,large_range
2021-09-14,NQ,15388.25,15424.867742,15110.645662,range,179.75,163.512500,1.099304,normal_range
2021-09-15,NQ,15508.25,15432.808909,15126.237989,bull_trend,206.75,162.312500,1.273777,large_range
2021-09-16,NQ,15498.00,15439.017585,15140.816892,bull_trend,173.75,156.575000,1.109692,normal_range
2021-09-17,NQ,15282.75,15424.134958,15146.382896,range,252.00,156.725000,1.607912,large_range
2021-09-20,NQ,14991.00,15382.884009,15140.289449,range,530.75,170.712500,3.109028,large_range
2021-09-21,NQ,14992.75,15345.728389,15134.503588,range,200.00,176.987500,1.130023,normal_range
2021-09-22,NQ,15178.25,15329.778067,15136.219134,range,296.50,188.612500,1.572006,large_range
2021-09-23,NQ,15296.00,15326.561108,15142.485050,range,171.75,191.550000,0.896633,normal_range
2021-09-24,NQ,15319.00,15325.841002,15149.407205,range,157.50,190.512500,0.826717,normal_range
2021-09-27,NQ,15171.50,15311.141859,15150.273589,range,315.25,196.387500,1.605245,large_range
2021-09-28,NQ,14768.00,15259.414063,15135.282468,range,451.50,210.987500,2.139937,large_range
2021-09-29,NQ,14762.50,15212.088914,15120.663548,range,215.00,215.712500,0.996697,normal_range
2021-09-30,NQ,14692.25,15162.580446,15103.863016,range,213.25,219.862500,0.969924,normal_range
2021-10-01,NQ,14777.25,15125.882308,15091.054663,range,281.00,227.650000,1.234351,large_range
2021-10-04,NQ,14489.00,15065.226851,15067.444676,bear_trend,467.25,247.700000,1.886354,large_range
2021-10-05,NQ,14661.50,15026.776674,15051.525277,bear_trend,344.25,260.137500,1.323339,large_range
2021-10-06,NQ,14765.50,15001.893182,15040.308600,bear_trend,347.50,269.150000,1.291102,large_range
2021-10-07,NQ,14891.25,14991.355736,15034.463164,bear_trend,234.25,274.437500,0.853564,normal_range
2021-10-08,NQ,14805.50,14973.655189,15025.484217,bear_trend,205.25,272.975000,0.751900,small_range
2021-10-11,NQ,14685.00,14946.164219,15012.131894,bear_trend,220.25,273.250000,0.806038,normal_range
2021-10-12,NQ,14597.25,14912.934293,14995.862016,bear_trend,197.75,274.150000,0.721320,small_range
2021-10-13,NQ,14767.75,14899.107218,14986.916447,bear_trend,204.75,274.050000,0.747126,small_range
2021-10-14,NQ,15065.00,14914.906530,14989.978547,range,304.00,280.562500,1.083538,normal_range
2021-10-15,NQ,15144.25,14936.748766,14996.028408,range,124.25,274.175000,0.453178,small_range
2021-10-18,NQ,15288.75,14970.272693,15007.507686,range,258.50,260.562500,0.992084,normal_range
2021-10-19,NQ,15410.75,15012.222912,15023.321110,range,159.25,258.525000,0.615995,small_range
2021-10-20,NQ,15357.75,15045.130254,15036.435969,bull_trend,127.50,250.075000,0.509847,small_range
2021-10-21,NQ,15381.25,15077.141658,15049.958087,bull_trend,182.75,250.625000,0.729177,small_range
2021-10-22,NQ,15324.00,15100.651977,15060.704829,bull_trend,189.75,252.237500,0.752267,small_range
2021-10-25,NQ,15543.75,15142.851788,15079.647777,bull_trend,250.25,248.987500,1.005071,normal_range
2021-10-26,NQ,15522.75,15179.032571,15097.024335,bull_trend,198.00,236.312500,0.837874,normal_range
2021-10-27,NQ,15593.00,15218.458040,15116.474361,bull_trend,210.25,236.075000,0.890607,normal_range
2021-10-28,NQ,15670.00,15261.462036,15138.181249,bull_trend,185.25,234.675000,0.789390,small_range
2021-10-29,NQ,15864.00,15318.846604,15166.644729,bull_trend,269.25,234.087500,1.150211,normal_range
2021-11-01,NQ,15887.75,15373.027880,15194.923367,bull_trend,146.25,218.037500,0.670756,small_range
2021-11-02,NQ,15959.25,15428.858558,15224.896961,bull_trend,130.75,207.362500,0.630538,small_range
2021-11-03,NQ,16130.50,15495.681553,15260.410805,bull_trend,210.50,200.512500,1.049810,normal_range
2021-11-04,NQ,16338.25,15575.926167,15302.679009,bull_trend,246.50,201.050000,1.226063,large_range
2021-11-05,NQ,16344.75,15649.147484,15343.544538,bull_trend,156.50,198.612500,0.787967,small_range
2021-11-08,NQ,16322.75,15713.300105,15381.944752,bull_trend,138.00,194.500000,0.709512,small_range
2021-11-09,NQ,16197.25,15759.390571,15413.917507,bull_trend,231.75,196.200000,1.181193,normal_range
2021-11-10,NQ,15986.25,15780.996231,15436.361919,bull_trend,346.50,203.287500,1.704483,large_range
2021-11-11,NQ,16036.25,15805.306114,15459.886941,bull_trend,138.00,194.987500,0.707738,small_range
2021-11-12,NQ,16200.00,15842.896007,15488.910983,bull_trend,211.50,199.350000,1.060948,normal_range
2021-11-15,NQ,16196.25,15876.548769,15516.649768,bull_trend,194.25,196.137500,0.990377,normal_range
2021-11-16,NQ,16294.25,15916.329838,15547.143895,bull_trend,181.75,197.262500,0.921361,normal_range
2021-11-17,NQ,16322.25,15954.988901,15577.540212,bull_trend,126.50,197.212500,0.641440,small_range
2021-11-18,NQ,16505.50,16007.418530,15613.930792,bull_trend,204.50,198.300000,1.031266,normal_range
2021-11-19,NQ,16588.25,16062.735813,15652.139389,bull_trend,138.25,195.725000,0.706348,small_range
2021-11-22,NQ,16398.50,16094.713354,15681.408432,bull_trend,403.00,203.362500,1.981683,large_range
2021-11-23,NQ,16298.00,16114.073987,15705.588494,bull_trend,300.25,208.475000,1.440221,large_range
2021-11-24,NQ,16354.75,16136.995512,15731.045808,bull_trend,266.50,211.287500,1.261315,large_range
2021-11-25,NQ,16404.50,16162.472130,15757.455776,bull_trend,83.75,206.212500,0.406134,small_range
2021-11-26,NQ,16043.50,16151.141451,15768.673197,range,425.00,214.000000,1.985981,large_range
2021-11-29,NQ,16413.75,16176.151789,15793.970326,bull_trend,399.75,226.675000,1.763538,large_range
2021-11-30,NQ,16238.25,16182.065904,15811.393058,bull_trend,387.50,239.512500,1.617870,large_range
2021-12-01,NQ,15858.75,16151.273914,15813.250193,range,602.25,259.100000,2.324392,large_range
2021-12-02,NQ,16016.50,16138.438303,15821.220774,range,303.50,261.950000,1.158618,normal_range
2021-12-03,NQ,15687.50,16095.491798,15815.976822,range,583.75,283.312500,2.060446,large_range
2021-12-06,NQ,15849.25,16072.040198,15817.281653,range,338.00,293.312500,1.152355,normal_range
2021-12-07,NQ,16366.75,16100.107798,15838.829431,bull_trend,550.00,309.225000,1.778640,large_range
2021-12-08,NQ,16382.50,16127.002294,15860.149845,bull_trend,185.25,301.162500,0.615116,small_range
2021-12-09,NQ,16154.50,16129.621123,15871.692989,bull_trend,299.75,309.250000,0.969281,normal_range
2021-12-10,NQ,16322.50,16147.990540,15889.371695,bull_trend,202.00,308.775000,0.654198,small_range
2021-12-13,NQ,16093.25,16142.777155,15897.366923,range,347.00,316.412500,1.096670,normal_range
2021-12-14,NQ,15927.00,16122.226950,15898.529004,range,398.75,327.262500,1.218441,large_range
2021-12-15,NQ,16285.25,16137.752954,15913.694533,bull_trend,559.75,348.925000,1.604213,large_range
2021-12-16,NQ,15880.50,16113.252673,15912.392787,range,664.00,371.900000,1.785426,large_range
2021-12-17,NQ,15828.50,16086.133371,15909.102874,range,304.75,380.225000,0.801499,normal_range
2021-12-20,NQ,15676.00,16047.073050,15899.961585,range,359.75,378.062500,0.951562,normal_range
2021-12-21,NQ,15974.00,16040.113712,15902.865052,range,382.25,382.162500,1.000229,normal_range
2021-12-22,NQ,16179.50,16053.388596,15913.713481,bull_trend,301.50,383.912500,0.785335,small_range
2021-12-23,NQ,16303.00,16077.161111,15928.979619,bull_trend,210.75,390.262500,0.540021,small_range
2021-12-27,NQ,16570.00,16124.098148,15954.117673,bull_trend,276.50,382.900000,0.722121,small_range
2021-12-28,NQ,16512.50,16161.088801,15976.015020,bull_trend,207.25,373.275000,0.555221,small_range
2021-12-29,NQ,16481.50,16191.604153,15995.837960,bull_trend,176.75,362.737500,0.487267,small_range
2021-12-30,NQ,16431.75,16214.475186,16012.932550,bull_trend,156.25,340.437500,0.458968,small_range
2021-12-31,NQ,16331.50,16225.620406,16025.425391,bull_trend,150.25,332.775000,0.451506,small_range
2022-01-03,NQ,16495.75,16251.347034,16043.869493,bull_trend,216.00,314.387500,0.687050,small_range
2022-01-04,NQ,16261.25,16252.290174,16052.394219,bull_trend,424.50,318.712500,1.331921,large_range
2022-01-05,NQ,15754.25,16204.857776,16040.702289,range,516.25,317.025000,1.628420,large_range
2022-01-06,NQ,15794.00,16165.728464,16031.027689,range,297.25,322.625000,0.921348,normal_range
2022-01-07,NQ,15570.25,16109.016230,16012.957976,range,342.75,324.775000,1.055346,normal_range
2022-01-10,NQ,15615.50,16062.014684,15997.371389,range,516.50,340.500000,1.516887,large_range
2022-01-11,NQ,15824.50,16039.394238,15990.592119,range,364.50,341.375000,1.067741,normal_range
2022-01-12,NQ,15895.25,16025.666215,15986.853212,range,246.75,333.775000,0.739270,small_range
2022-01-13,NQ,15501.75,15975.769433,15967.829557,range,521.50,331.862500,1.571434,large_range
2022-01-14,NQ,15616.75,15941.577106,15954.061731,bear_trend,308.50,314.087500,0.982210,normal_range
2022-01-17,NQ,15559.25,15905.165001,15938.578918,bear_trend,146.00,306.150000,0.476890,small_range
2022-01-18,NQ,15239.50,15841.768334,15911.164058,bear_trend,432.50,309.787500,1.396118,large_range
2022-01-19,NQ,15037.00,15765.123731,15876.883115,bear_trend,360.75,308.712500,1.168563,normal_range
2022-01-20,NQ,14725.75,15666.135756,15831.740640,bear_trend,693.50,328.312500,2.112317,large_range
2022-01-21,NQ,14411.00,15546.599018,15776.025321,bear_trend,450.00,340.275000,1.322460,large_range
2022-01-24,NQ,14502.75,15447.184825,15726.092955,bear_trend,876.00,370.187500,2.366368,large_range
2022-01-25,NQ,13922.25,15301.952937,15655.354016,bear_trend,609.00,390.462500,1.559689,large_range
2022-01-26,NQ,14150.75,15192.314562,15596.349937,bear_trend,694.25,417.500000,1.662874,large_range
2022-01-27,NQ,14113.75,15089.594128,15538.208763,bear_trend,564.75,437.925000,1.289604,large_range
2022-01-28,NQ,14430.25,15026.799449,15494.759399,bear_trend,611.00,460.962500,1.325487,large_range
2022-01-31,NQ,14868.00,15011.675692,15470.180599,bear_trend,561.50,478.237500,1.174103,normal_range
2022-02-01,NQ,15116.75,15021.682769,15456.320576,range,407.75,477.400000,0.854106,normal_range
2022-02-02,NQ,14863.25,15006.593934,15433.062906,bear_trend,435.00,473.337500,0.919006,normal_range
2022-02-03,NQ,14803.75,14987.275464,15408.383969,bear_trend,413.75,479.162500,0.863486,normal_range
2022-02-04,NQ,14645.00,14954.677801,15378.447343,bear_trend,463.00,485.175000,0.954295,normal_range
2022-02-07,NQ,14601.75,14921.065629,15347.988623,bear_trend,294.75,474.087500,0.621721,small_range
2022-02-08,NQ,14745.75,14904.368903,15324.371422,bear_trend,308.50,471.287500,0.654590,small_range
2022-02-09,NQ,15052.00,14918.429007,15313.690190,range,327.00,475.300000,0.687987,small_range
2022-02-10,NQ,14695.50,14897.197673,15289.447437,bear_trend,440.25,471.237500,0.934242,normal_range
2022-02-11,NQ,14256.75,14836.202657,15248.949499,bear_trend,585.75,485.100000,1.207483,large_range
2022-02-14,NQ,14260.75,14781.397642,15210.196577,bear_trend,363.00,495.950000,0.731929,small_range
2022-02-15,NQ,14581.75,14762.383581,15185.551613,bear_trend,391.50,493.900000,0.792671,small_range
2022-02-16,NQ,14592.50,14746.204192,15162.294687,bear_trend,287.50,490.237500,0.586450,small_range
2022-02-17,NQ,14156.75,14690.065697,15122.861562,bear_trend,488.00,479.962500,1.016746,normal_range
2022-02-18,NQ,13993.75,14623.749917,15078.582678,bear_trend,392.75,477.100000,0.823203,normal_range
2022-02-21,NQ,13735.50,14539.154687,15025.912769,bear_trend,441.25,455.362500,0.969008,normal_range
2022-02-22,NQ,13920.25,14480.211383,14982.553444,bear_trend,528.00,451.125000,1.170407,normal_range
2022-02-23,NQ,13487.50,14385.667442,14923.923898,bear_trend,597.50,445.125000,1.342320,large_range
2022-02-24,NQ,13911.00,14340.461019,14884.201392,bear_trend,957.50,464.762500,2.060192,large_range
2022-02-25,NQ,14187.75,14325.917112,14856.889573,bear_trend,436.00,456.012500,0.956114,normal_range
2022-02-28,NQ,14218.00,14315.639292,14831.835079,bear_trend,609.25,458.400000,1.329079,large_range
2022-03-01,NQ,14028.50,14288.292693,14800.331743,bear_trend,427.75,459.400000,0.931106,normal_range
2022-03-02,NQ,14196.75,14279.574341,14776.661871,bear_trend,378.50,456.575000,0.828999,normal_range
2022-03-03,NQ,14058.50,14258.519642,14748.498660,bear_trend,436.00,457.687500,0.952615,normal_range
2022-03-04,NQ,13798.75,14214.732057,14711.253615,bear_trend,352.75,452.175000,0.780118,small_range
2022-03-07,NQ,13270.00,14124.757575,14654.733865,bear_trend,614.75,468.175000,1.313077,large_range
2022-03-08,NQ,13199.50,14036.637806,14597.665870,bear_trend,562.75,480.887500,1.170232,normal_range
2022-03-09,NQ,13774.00,14011.624682,14565.365248,bear_trend,632.00,496.137500,1.273840,large_range
2022-03-10,NQ,13572.50,13969.803284,14526.429356,bear_trend,381.75,493.212500,0.774007,small_range
2022-03-11,NQ,13301.75,13906.179161,14478.402714,bear_trend,579.00,492.875000,1.174740,normal_range
2022-03-14,NQ,13078.75,13827.376384,14423.514373,bear_trend,426.00,496.025000,0.858828,normal_range
2022-03-15,NQ,13443.25,13790.792919,14385.072633,bear_trend,544.00,503.650000,1.080115,normal_range
2022-03-16,NQ,13999.50,13810.669784,14369.952137,range,608.50,519.700000,1.170868,normal_range
2022-03-17,NQ,14054.25,13833.867900,14357.571661,range,313.50,510.975000,0.613533,small_range
2022-03-18,NQ,14435.25,13891.142385,14360.617871,range,476.25,515.150000,0.924488,normal_range
2022-03-21,NQ,14394.75,13939.105015,14361.956386,range,283.00,507.237500,0.557924,small_range
2022-03-22,NQ,14654.50,14007.237871,14373.428684,range,397.25,500.700000,0.793389,small_range
2022-03-23,NQ,14463.75,14050.715217,14376.970697,range,241.25,482.887500,0.499599,small_range
2022-03-24,NQ,14763.00,14118.551863,14392.109101,range,336.25,451.825000,0.744204,small_range
2022-03-25,NQ,14752.50,14178.927876,14406.242077,range,268.00,443.425000,0.604386,small_range
2022-03-28,NQ,14981.00,14255.315697,14428.781603,range,338.25,429.875000,0.786857,small_range
2022-03-29,NQ,15224.25,14347.595155,14459.976442,range,312.25,424.100000,0.736265,small_range
2022-03-30,NQ,15105.00,14419.728949,14485.271484,range,250.00,417.675000,0.598552,small_range
2022-03-31,NQ,14917.25,14467.111907,14502.211818,range,325.25,412.137500,0.789178,small_range
2022-04-01,NQ,14852.25,14503.791725,14515.938805,range,235.00,406.250000,0.578462,small_range
2022-04-04,NQ,15159.50,14566.240132,14541.176499,bull_trend,373.50,394.187500,0.947519,normal_range
2022-04-05,NQ,14861.50,14594.360120,14553.738205,bull_trend,417.75,386.937500,1.079632,normal_range
2022-04-06,NQ,14496.00,14584.992489,14551.473962,range,466.50,378.675000,1.231927,large_range
2022-04-07,NQ,14534.00,14580.136062,14550.788709,range,316.75,375.425000,0.843710,normal_range
2022-04-08,NQ,14328.00,14556.123103,14542.051896,range,331.75,363.062500,0.913755,normal_range
2022-04-11,NQ,14003.50,14503.492332,14520.932214,bear_trend,397.25,361.625000,1.098514,normal_range
2022-04-12,NQ,13953.50,14451.112110,14498.679971,bear_trend,403.00,354.575000,1.136572,normal_range
2022-04-13,NQ,14212.25,14428.363337,14487.447423,bear_trend,345.50,341.425000,1.011935,normal_range
2022-04-14,NQ,13892.25,14377.304924,14464.106347,bear_trend,419.75,346.737500,1.210570,large_range
2022-04-18,NQ,13965.00,14338.037788,14444.533549,bear_trend,273.00,336.575000,0.811112,normal_range
2022-04-19,NQ,14095.75,14314.962761,14430.855763,bear_trend,414.00,343.125000,1.206557,large_range
2022-04-20,NQ,14070.00,14291.632974,14416.704557,bear_trend,341.50,340.337500,1.003416,normal_range
2022-04-21,NQ,13715.50,14236.763167,14389.206339,bear_trend,615.50,359.050000,1.714246,large_range
2022-04-22,NQ,13315.50,14149.023818,14347.100208,bear_trend,484.00,366.437500,1.320826,large_range
2022-04-25,NQ,13528.00,14089.878692,14314.978631,bear_trend,365.75,371.325000,0.984986,normal_range
2022-04-26,NQ,12815.50,13968.509293,14256.175547,bear_trend,782.25,393.525000,1.987803,large_range
2022-04-27,NQ,13168.50,13892.317932,14213.521604,bear_trend,377.00,399.900000,0.942736,normal_range
2022-04-28,NQ,13308.00,13836.668605,14178.010953,bear_trend,509.00,412.850000,1.232893,large_range
2022-04-29,NQ,12890.50,13746.557309,14127.520328,bear_trend,601.25,426.650000,1.409235,large_range
2022-05-02,NQ,13051.25,13680.337566,14085.313648,bear_trend,374.75,433.637500,0.864201,normal_range
2022-05-03,NQ,13121.00,13627.067321,14047.497427,bear_trend,215.25,425.725000,0.505608,small_range
2022-05-04,NQ,13495.75,13614.560910,14025.860273,bear_trend,672.25,438.450000,1.533242,large_range
2022-05-05,NQ,12897.00,13546.221775,13981.591242,bear_trend,842.75,457.250000,1.843084,large_range
2022-05-06,NQ,12663.50,13462.153035,13929.901390,bear_trend,409.75,461.900000,0.887097,normal_range
2022-05-09,NQ,12205.50,13342.471793,13862.277806,bear_trend,502.00,471.725000,1.064179,normal_range
2022-05-10,NQ,12334.25,13246.450670,13802.355147,bear_trend,444.75,474.100000,0.938093,normal_range
2022-05-11,NQ,12011.50,13128.836321,13732.125533,bear_trend,614.75,484.687500,1.268343,large_range
2022-05-12,NQ,11873.25,13009.256671,13659.228453,bear_trend,443.75,489.600000,0.906352,normal_range
2022-05-13,NQ,12364.00,12947.803655,13608.435181,bear_trend,540.50,496.550000,1.088511,normal_range
2022-05-16,NQ,12236.75,12880.084259,13554.643605,bear_trend,308.50,498.325000,0.619074,small_range
2022-05-17,NQ,12573.75,12850.909568,13516.177189,bear_trend,344.00,494.825000,0.695195,small_range
2022-05-18,NQ,11892.50,12759.632466,13452.503574,bear_trend,731.25,514.312500,1.421801,large_range
2022-05-19,NQ,11898.25,12677.596041,13391.552453,bear_trend,372.75,502.175000,0.742271,small_range
2022-05-20,NQ,11838.00,12597.634513,13330.628828,bear_trend,605.50,508.250000,1.191343,normal_range
2022-05-23,NQ,12056.00,12546.050274,13280.643383,bear_trend,291.75,504.550000,0.578238,small_range
2022-05-24,NQ,11810.75,12476.021676,13223.000506,bear_trend,341.75,489.425000,0.698268,small_range
2022-05-25,NQ,11893.25,12420.519612,13170.853427,bear_trend,364.00,485.637500,0.749530,small_range
2022-05-26,NQ,12258.00,12405.041554,13135.055253,bear_trend,494.75,484.925000,1.020261,normal_range
2022-05-27,NQ,12717.50,12434.799501,13118.680538,range,498.25,479.775000,1.038508,normal_range
2022-05-30,NQ,12810.00,12470.532882,13106.575419,range,210.25,471.550000,0.445870,small_range
2022-05-31,NQ,12653.25,12487.934512,13088.797951,range,345.75,478.075000,0.723213,small_range
2022-06-01,NQ,12548.00,12493.655035,13067.590188,range,368.75,462.900000,0.796608,small_range
2022-06-02,NQ,12896.75,12532.045031,13060.890573,range,461.25,443.825000,1.039261,normal_range
2022-06-03,NQ,12549.50,12533.707409,13040.836041,range,442.25,445.450000,0.992816,normal_range
2022-06-06,NQ,12606.75,12540.663847,13023.813059,range,283.00,433.187500,0.653297,small_range
2022-06-07,NQ,12681.50,12554.076814,13010.389017,range,327.75,427.337500,0.766958,small_range
2022-06-08,NQ,12619.25,12560.283784,12995.050232,range,203.75,406.787500,0.500876,small_range
2022-06-09,NQ,12297.25,12535.232947,12967.685517,bear_trend,470.75,408.137500,1.153410,normal_range
2022-06-10,NQ,11858.75,12470.806000,12924.197850,bear_trend,515.75,405.987500,1.270359,large_range
2022-06-13,NQ,11331.00,12362.253047,12861.719503,bear_trend,518.00,420.775000,1.231062,large_range
2022-06-14,NQ,11361.50,12266.943233,12802.887366,bear_trend,298.50,418.500000,0.713262,small_range
2022-06-15,NQ,11626.75,12205.972449,12756.764332,bear_trend,435.75,403.725000,1.079324,normal_range
2022-06-16,NQ,11204.25,12110.570311,12695.881417,bear_trend,705.75,420.375000,1.678858,large_range
2022-06-17,NQ,11307.75,12034.111234,12641.444890,bear_trend,277.00,403.950000,0.685728,small_range
2022-06-20,NQ,11420.75,11975.695878,12593.574503,bear_trend,163.75,397.550000,0.411898,small_range
2022-06-21,NQ,11581.50,11938.153414,12553.885306,bear_trend,279.75,387.550000,0.721842,small_range
2022-06-22,NQ,11544.75,11900.686422,12514.311373,bear_trend,425.25,390.612500,1.088675,normal_range
2022-06-23,NQ,11688.00,11880.430572,12481.907005,bear_trend,306.25,381.187500,0.803410,normal_range
2022-06-24,NQ,12132.75,11904.460994,12468.214574,range,463.75,379.462500,1.222123,large_range
2022-06-27,NQ,12074.75,11920.678995,12452.784590,range,267.75,382.337500,0.700298,small_range
2022-06-28,NQ,11680.50,11897.804805,12422.498920,bear_trend,512.75,390.687500,1.312430,large_range
2022-06-29,NQ,11691.00,11878.109109,12393.812688,bear_trend,184.50,381.475000,0.483649,small_range
2022-06-30,NQ,11511.25,11843.170146,12359.202387,bear_trend,345.75,375.700000,0.920282,normal_range
2022-07-01,NQ,11610.50,11821.011085,12329.841509,bear_trend,248.00,365.987500,0.677619,small_range
2022-07-04,NQ,11554.00,11795.581458,12299.416351,bear_trend,118.75,357.775000,0.331913,small_range
2022-07-05,NQ,11811.50,11797.097509,12280.282377,range,426.50,362.712500,1.175862,normal_range
2022-07-06,NQ,11902.50,11807.135842,12265.467382,range,246.50,364.850000,0.675620,small_range
2022-07-07,NQ,12119.75,11836.908619,12259.752975,range,332.00,357.912500,0.927601,normal_range
2022-07-08,NQ,12160.25,11867.703036,12255.850897,range,258.50,345.050000,0.749167,small_range
2022-07-11,NQ,11900.50,11870.826556,12241.915568,range,296.75,330.200000,0.898698,normal_range
2022-07-12,NQ,11780.75,11862.247837,12223.830644,bear_trend,313.50,330.950000,0.947273,normal_range
2022-07-13,NQ,11732.75,11849.914709,12204.572579,bear_trend,490.75,333.700000,1.470632,large_range
2022-07-14,NQ,11807.25,11845.851404,12188.991302,bear_trend,323.75,314.600000,1.029085,normal_range
2022-07-15,NQ,12019.25,11862.365556,12182.334780,range,281.25,314.812500,0.893389,normal_range
2022-07-18,NQ,11916.25,11867.497408,12171.900083,range,329.50,323.100000,1.019808,normal_range
2022-07-19,NQ,12320.00,11910.592893,12177.707923,range,439.00,331.062500,1.326034,large_range
2022-07-20,NQ,12428.00,11959.869760,12187.523298,range,281.75,323.887500,0.869901,normal_range
2022-07-21,NQ,12572.50,12018.215497,12202.620424,range,281.75,322.662500,0.873203,normal_range
2022-07-22,NQ,12429.00,12057.337831,12211.498054,range,354.75,317.212500,1.118336,normal_range
2022-07-25,NQ,12327.50,12083.067561,12216.047150,range,232.00,315.425000,0.735516,small_range
2022-07-26,NQ,12196.25,12093.846841,12215.270791,range,262.00,302.887500,0.865008,normal_range
2022-07-27,NQ,12580.25,12140.170951,12229.583701,range,498.25,318.575000,1.563996,large_range
2022-07-28,NQ,12924.25,12214.845146,12256.825517,range,499.00,326.237500,1.529561,large_range
2022-07-29,NQ,12977.00,12287.431323,12285.067654,bull_trend,267.75,327.225000,0.818244,normal_range
2022-08-01,NQ,12980.25,12353.414054,12312.329706,bull_trend,257.00,334.137500,0.769144,small_range
2022-08-02,NQ,12920.25,12407.398430,12336.169718,bull_trend,282.25,326.925000,0.863348,normal_range
2022-08-03,NQ,13248.00,12487.455722,12371.927768,bull_trend,443.00,336.750000,1.315516,large_range
2022-08-04,NQ,13328.00,12567.507558,12409.420797,bull_trend,171.25,328.712500,0.520972,small_range
2022-08-05,NQ,13216.50,12629.316362,12441.070962,bull_trend,299.50,330.762500,0.905484,normal_range
2022-08-08,NQ,13213.00,12684.905280,12471.342689,bull_trend,298.75,330.337500,0.904378,normal_range
2022-08-09,NQ,13055.75,12720.223825,12494.260622,bull_trend,270.50,328.187500,0.824224,normal_range
2022-08-10,NQ,13381.00,12783.154889,12529.034716,bull_trend,426.00,324.950000,1.310971,large_range
2022-08-11,NQ,13346.75,12836.830614,12561.101982,bull_trend,290.00,323.262500,0.897104,normal_range
2022-08-12,NQ,13580.00,12907.608651,12601.058767,bull_trend,271.25,322.762500,0.840401,normal_range
2022-08-15,NQ,13678.75,12981.050684,12643.321168,bull_trend,210.75,316.825000,0.665194,small_range
2022-08-16,NQ,13663.50,13046.045857,12683.328181,bull_trend,218.00,305.775000,0.712943,small_range
2022-08-17,NQ,13511.00,13090.327204,12715.785900,bull_trend,265.75,304.975000,0.871383,normal_range
2022-08-18,NQ,13540.00,13133.153185,12748.108021,bull_trend,164.75,299.125000,0.550773,small_range
2022-08-19,NQ,13250.00,13144.281453,12767.790059,bull_trend,305.75,296.950000,1.029635,normal_range
2022-08-22,NQ,12933.50,13124.207029,12774.288489,range,352.00,304.125000,1.157419,normal_range
2022-08-23,NQ,12889.25,13101.830169,12778.796783,range,195.00,300.775000,0.648325,small_range
2022-08-24,NQ,12956.00,13087.941581,12785.745929,range,185.50,285.137500,0.650563,small_range
2022-08-25,NQ,13144.75,13093.351907,12799.824520,bull_trend,236.50,272.012500,0.869445,normal_range
2022-08-26,NQ,12559.00,13042.461249,12790.380421,range,662.50,291.750000,2.270780,large_range
2022-08-29,NQ,12505.25,12991.298273,12779.198836,range,208.75,289.337500,0.721476,small_range
2022-08-30,NQ,12360.50,12931.222247,12762.779274,range,410.75,295.762500,1.388783,large_range
2022-08-31,NQ,12305.50,12871.629652,12744.846753,range,236.75,285.450000,0.829392,normal_range
2022-09-01,NQ,12292.25,12816.450638,12727.097861,range,281.75,291.275000,0.967299,normal_range
2022-09-02,NQ,12130.25,12751.098196,12703.692062,range,421.25,297.362500,1.416621,large_range
2022-09-05,NQ,12136.00,12692.517415,12681.429629,range,113.50,288.100000,0.393960,small_range
2022-09-06,NQ,12020.25,12628.491947,12655.501016,bear_trend,314.50,290.300000,1.083362,normal_range
2022-09-07,NQ,12263.50,12593.730809,12640.128427,bear_trend,384.75,288.237500,1.334837,large_range
2022-09-08,NQ,12346.75,12570.208828,12628.623391,bear_trend,263.75,286.925000,0.919230,normal_range
2022-09-09,NQ,12590.50,12572.141320,12627.128356,range,284.25,287.575000,0.988438,normal_range
2022-09-12,NQ,12771.25,12591.104052,12632.780185,range,200.50,287.062500,0.698454,small_range
2022-09-13,NQ,12047.75,12539.356047,12609.837825,bear_trend,885.75,320.450000,2.764082,large_range
2022-09-14,NQ,12250.00,12511.798328,12595.726537,bear_trend,243.75,319.350000,0.763269,small_range
2022-09-15,NQ,11973.00,12460.484201,12571.305889,bear_trend,331.25,327.675000,1.010910,normal_range
2022-09-16,NQ,11960.75,12412.890468,12547.362521,bear_trend,182.75,321.837500,0.567833,small_range
2022-09-19,NQ,12045.50,12377.900900,12527.681637,bear_trend,274.00,316.762500,0.865001,normal_range
2022-09-20,NQ,11949.00,12337.053195,12504.988240,bear_trend,264.25,320.225000,0.825201,normal_range
2022-09-21,NQ,11668.00,12273.333843,12472.165172,bear_trend,493.00,335.600000,1.469011,large_range
2022-09-22,NQ,11566.50,12206.016334,12436.648890,bear_trend,286.00,338.075000,0.845966,normal_range
2022-09-23,NQ,11388.00,12128.110017,12395.525405,bear_trend,371.25,323.512500,1.147560,normal_range
2022-09-26,NQ,11315.50,12050.718586,12353.171467,bear_trend,281.25,327.137500,0.859730,normal_range
2022-09-27,NQ,11354.25,11984.388245,12313.998076,bear_trend,334.75,323.337500,1.035296,normal_range
2022-09-28,NQ,11539.25,11941.994126,12283.615799,bear_trend,472.00,335.100000,1.408535,large_range
2022-09-29,NQ,11234.00,11874.566114,12242.454395,bear_trend,475.75,344.500000,1.380987,large_range
2022-09-30,NQ,11058.25,11796.821722,12196.015007,bear_trend,333.00,340.087500,0.979160,normal_range
2022-10-03,NQ,11308.75,11750.338701,12161.220301,bear_trend,467.50,357.787500,1.306642,large_range
2022-10-04,NQ,11645.25,11740.330254,12140.986171,bear_trend,393.50,361.737500,1.087805,normal_range
2022-10-05,NQ,11628.00,11729.632134,12120.869067,bear_trend,344.50,359.725000,0.957676,normal_range
2022-10-06,NQ,11505.75,11708.310026,12096.746750,bear_trend,224.50,357.762500,0.627511,small_range
2022-10-07,NQ,11096.25,11650.018595,12057.511584,bear_trend,521.25,369.612500,1.410261,large_range
2022-10-10,NQ,10993.50,11587.493015,12015.785639,bear_trend,259.75,372.575000,0.697175,small_range
2022-10-11,NQ,10880.50,11520.160347,11971.264634,bear_trend,272.25,341.900000,0.796285,small_range
2022-10-12,NQ,10853.00,11456.621266,11927.411119,bear_trend,171.25,338.275000,0.506245,small_range
2022-10-13,NQ,11065.50,11419.371622,11893.610683,bear_trend,658.00,354.612500,1.855547,large_range
2022-10-14,NQ,10746.25,11355.264800,11848.616146,bear_trend,526.75,371.225000,1.418951,large_range
2022-10-17,NQ,11134.00,11334.191962,11820.591983,bear_trend,433.25,379.187500,1.142575,normal_range
2022-10-18,NQ,11322.75,11333.102252,11801.068768,bear_trend,350.25,383.487500,0.913328,normal_range
2022-10-19,NQ,11151.00,11315.759180,11775.575875,bear_trend,333.75,375.525000,0.888756,normal_range
2022-10-20,NQ,11059.75,11291.377353,11747.504273,bear_trend,320.75,377.262500,0.850204,normal_range
2022-10-21,NQ,11378.00,11299.627129,11733.013909,range,450.75,381.237500,1.182334,normal_range
2022-10-24,NQ,11459.25,11314.829307,11722.278069,range,322.50,383.300000,0.841378,normal_range
2022-10-25,NQ,11585.75,11340.631278,11716.924027,range,303.75,381.750000,0.795678,small_range
2022-10-26,NQ,11474.25,11353.356871,11707.407399,range,288.50,372.575000,0.774341,small_range
2022-10-27,NQ,11095.50,11328.799073,11683.411030,bear_trend,616.00,379.587500,1.622814,large_range
2022-10-28,NQ,11625.50,11357.056305,11681.140009,range,564.00,391.137500,1.441948,large_range
2022-10-31,NQ,11452.75,11366.169990,11672.183539,range,227.75,380.675000,0.598279,small_range
2022-11-01,NQ,11320.50,11361.820467,11658.392027,bear_trend,330.25,377.512500,0.874805,normal_range
2022-11-02,NQ,10941.75,11321.813756,11630.288418,bear_trend,551.00,387.837500,1.420698,large_range
2022-11-03,NQ,10728.50,11265.307684,11594.924167,bear_trend,288.00,391.012500,0.736549,small_range
2022-11-04,NQ,10871.25,11227.778381,11566.544788,bear_trend,338.25,381.862500,0.885790,normal_range
2022-11-07,NQ,11014.00,11207.418535,11544.876364,bear_trend,287.50,383.250000,0.750163,small_range
2022-11-08,NQ,11088.75,11196.116770,11526.989056,bear_trend,302.50,384.762500,0.786199,small_range
2022-11-09,NQ,10842.75,11162.462792,11500.156152,bear_trend,342.00,393.300000,0.869565,normal_range
2022-11-10,NQ,11675.25,11211.299669,11507.022577,range,869.00,403.850000,2.151789,large_range
2022-11-11,NQ,11836.25,11270.818748,11519.933457,range,307.50,392.887500,0.782667,small_range
2022-11-14,NQ,11768.50,11318.216962,11529.681164,range,196.50,381.050000,0.515680,small_range
2022-11-15,NQ,11894.00,11373.053442,11543.968177,range,357.00,381.387500,0.936056,normal_range
2022-11-16,NQ,11771.50,11411.000733,11552.890994,range,256.50,377.525000,0.679425,small_range
2022-11-17,NQ,11746.50,11442.953044,11560.483504,range,299.25,376.450000,0.794926,small_range
2022-11-18,NQ,11711.00,11468.481326,11566.386112,range,236.00,365.712500,0.645316,small_range
2022-11-21,NQ,11589.00,11479.959295,11567.272931,range,203.00,359.737500,0.564300,small_range
2022-11-22,NQ,11739.25,11504.653648,11574.017130,range,232.75,356.187500,0.653448,small_range
2022-11-23,NQ,11877.75,11540.186634,11585.928223,range,172.75,350.400000,0.493008,small_range
2022-11-24,NQ,11910.75,11575.478383,11598.666332,range,59.75,322.587500,0.185221,small_range
2022-11-25,NQ,11786.75,11595.599489,11606.042162,range,157.75,302.275000,0.521876,small_range
2022-11-28,NQ,11623.25,11598.232871,11606.716979,range,213.25,300.025000,0.710774,small_range
2022-11-29,NQ,11519.25,11590.710693,11603.286901,bear_trend,239.50,295.487500,0.810525,normal_range
2022-11-30,NQ,12077.00,11637.023960,11621.863885,bull_trend,580.75,296.975000,1.955552,large_range
2022-12-01,NQ,12036.50,11675.069297,11638.124125,bull_trend,201.75,292.662500,0.689361,small_range
2022-12-02,NQ,11979.00,11704.015079,11651.491807,bull_trend,327.25,292.112500,1.120288,normal_range
2022-12-05,NQ,11813.50,11714.442214,11657.845069,bull_trend,270.25,291.250000,0.927897,normal_range
2022-12-06,NQ,11566.25,11700.328670,11654.253106,range,344.25,293.337500,1.173563,normal_range
2022-12-07,NQ,11498.75,11681.130701,11648.154945,range,173.75,284.925000,0.609810,small_range
2022-12-08,NQ,11637.25,11676.951587,11647.727300,range,252.75,254.112500,0.994638,normal_range
2022-12-09,NQ,11553.00,11665.146674,11644.012504,range,231.00,250.287500,0.922939,normal_range
2022-12-12,NQ,11697.75,11668.251753,11646.119856,bull_trend,193.25,250.125000,0.772614,small_range
2022-12-13,NQ,11831.75,11683.823014,11653.399470,bull_trend,549.00,259.725000,2.113774,large_range
2022-12-14,NQ,11888.75,11703.339870,11662.628902,bull_trend,340.50,263.925000,1.290139,large_range
2022-12-15,NQ,11451.00,11679.307501,11654.329730,range,494.00,273.662500,1.805143,large_range
2022-12-16,NQ,11320.00,11645.087739,11641.218760,range,216.00,272.662500,0.792188,small_range
2022-12-19,NQ,11185.00,11601.269859,11623.327828,bear_trend,279.25,276.475000,1.010037,normal_range
2022-12-20,NQ,11193.00,11562.387016,11606.452227,bear_trend,203.50,275.012500,0.739966,small_range
2022-12-21,NQ,11355.50,11542.683490,11596.610963,bear_trend,208.75,276.812500,0.754121,small_range
2022-12-22,NQ,11044.25,11495.213634,11574.949749,bear_trend,514.25,299.537500,1.716813,large_range
2022-12-23,NQ,11067.00,11454.431383,11555.030151,bear_trend,226.75,302.987500,0.748381,small_range
2022-12-27,NQ,10912.00,11402.771252,11529.813282,bear_trend,287.75,306.712500,0.938175,normal_range
2022-12-28,NQ,10783.25,11343.769228,11500.536291,bear_trend,237.75,306.625000,0.775377,small_range
2022-12-29,NQ,11030.00,11313.886444,11482.083887,bear_trend,294.00,292.287500,1.005859,normal_range
2022-12-30,NQ,11041.75,11287.968687,11464.815892,bear_trend,196.00,292.000000,0.671233,small_range
2023-01-03,NQ,10941.00,11254.924051,11444.274092,bear_trend,337.25,292.500000,1.152991,normal_range
2023-01-04,NQ,10983.75,11229.097950,11426.214324,bear_trend,205.00,289.237500,0.708760,small_range
2023-01-05,NQ,10837.25,11191.779098,11403.117684,bear_trend,241.75,284.112500,0.850895,normal_range
2023-01-06,NQ,11108.75,11183.871565,11391.573853,bear_trend,414.75,296.162500,1.400414,large_range
2023-01-09,NQ,11184.75,11183.955225,11383.463114,range,265.25,297.362500,0.892009,normal_range
2023-01-10,NQ,11281.25,11193.221394,11379.454756,range,194.75,295.550000,0.658941,small_range
2023-01-11,NQ,11475.00,11220.057452,11383.201629,range,239.75,297.875000,0.804868,normal_range
2023-01-12,NQ,11521.50,11248.766266,11388.625094,range,288.75,284.862500,1.013647,normal_range
2023-01-13,NQ,11601.50,11282.359955,11396.973130,range,230.50,279.362500,0.825093,normal_range
2023-01-16,NQ,11564.00,11309.182817,11403.523203,range,128.50,261.087500,0.492172,small_range
2023-01-17,NQ,11623.25,11339.093977,11412.139940,range,154.50,258.012500,0.598808,small_range
2023-01-18,NQ,11482.00,11352.704074,11414.879550,range,291.50,258.625000,1.127115,normal_range
2023-01-19,NQ,11393.50,11356.589401,11414.041137,range,178.50,257.375000,0.693541,small_range
2023-01-20,NQ,11677.75,11387.176124,11424.382661,range,321.50,263.012500,1.222375,large_range
2023-01-23,NQ,11935.50,11439.397446,11444.426478,range,332.50,253.925000,1.309442,large_range
2023-01-24,NQ,11970.25,11489.954832,11465.047008,bull_trend,174.75,251.325000,0.695315,small_range
2023-01-25,NQ,11873.50,11526.482943,11481.064772,bull_trend,372.00,255.537500,1.455755,large_range
2023-01-26,NQ,12060.50,11577.341710,11503.787723,bull_trend,245.75,255.937500,0.960195,normal_range
2023-01-27,NQ,12221.00,11638.642500,11531.913694,bull_trend,292.50,255.862500,1.143192,normal_range
2023-01-30,NQ,11988.75,11671.986071,11549.828844,bull_trend,292.00,260.662500,1.120223,normal_range
2023-01-31,NQ,12119.25,11714.582636,11572.159085,bull_trend,285.00,258.050000,1.104437,normal_range
2023-02-01,NQ,12505.25,11789.884290,11608.750886,bull_trend,469.25,271.262500,1.729874,large_range
2023-02-02,NQ,12670.25,11873.728643,11650.378302,bull_trend,448.00,281.575000,1.591050,large_range
2023-02-03,NQ,12616.50,11944.468772,11688.265427,bull_trend,326.75,277.175000,1.178858,normal_range
2023-02-06,NQ,12513.00,11998.614604,11720.607959,bull_trend,152.75,271.375000,0.562874,small_range
2023-02-07,NQ,12740.00,12069.222737,11760.584118,bull_trend,359.25,279.600000,1.284871,large_range
2023-02-08,NQ,12559.00,12115.868190,11791.894545,bull_trend,295.75,282.400000,1.047273,normal_range
2023-02-09,NQ,12449.75,12147.666458,11817.692798,bull_trend,362.00,286.062500,1.265458,large_range
2023-02-10,NQ,12342.00,12166.174414,11838.253865,bull_trend,208.25,284.950000,0.730830,small_range
2023-02-13,NQ,12545.00,12202.253041,11865.969399,bull_trend,301.75,293.612500,1.027715,normal_range
2023-02-14,NQ,12618.00,12241.847990,11895.460795,bull_trend,296.50,300.712500,0.985992,normal_range
2023-02-15,NQ,12747.50,12290.005324,11928.874098,bull_trend,232.25,297.750000,0.780017,small_range
2023-02-16,NQ,12466.25,12306.790531,11949.947662,bull_trend,337.50,305.700000,1.104024,normal_range
2023-02-17,NQ,12384.00,12314.143814,11966.969323,bull_trend,200.50,299.650000,0.669114,small_range
2023-02-20,NQ,12366.75,12319.153927,11982.646996,bull_trend,71.25,286.587500,0.248615,small_range
2023-02-21,NQ,12111.50,12299.377363,11987.700055,range,289.25,292.312500,0.989523,normal_range
2023-02-22,NQ,12166.50,12286.722376,11994.711818,range,156.50,281.537500,0.555876,small_range
2023-02-23,NQ,12193.00,12277.796435,12002.487825,range,232.50,280.875000,0.827770,normal_range
2023-02-24,NQ,11999.75,12251.315822,12002.380459,range,291.50,280.825000,1.038013,normal_range
2023-02-27,NQ,12095.50,12236.476220,12006.032206,range,199.50,276.200000,0.722303,small_range
2023-02-28,NQ,12041.25,12217.883247,12007.413296,range,147.00,269.300000,0.545860,small_range
2023-03-01,NQ,11985.25,12195.727699,12006.544147,range,217.00,256.687500,0.845386,normal_range
2023-03-02,NQ,12052.25,12182.063157,12008.336533,range,263.75,247.475000,1.065764,normal_range
2023-03-03,NQ,12324.50,12195.628570,12020.735101,bull_trend,317.00,246.987500,1.283466,large_range
2023-03-06,NQ,12321.25,12207.592516,12032.519999,bull_trend,210.00,249.450000,0.841852,normal_range
2023-03-07,NQ,12175.50,12204.536086,12038.127058,range,239.00,243.437500,0.981772,normal_range
2023-03-08,NQ,12238.25,12207.746935,12045.975016,bull_trend,146.25,235.962500,0.619802,small_range
2023-03-09,NQ,12009.25,12188.842465,12044.534819,range,376.00,236.662500,1.588760,large_range
2023-03-10,NQ,11892.50,12160.619373,12038.572670,range,314.00,241.950000,1.297789,large_range
2023-03-13,NQ,11950.75,12140.631814,12035.128643,range,421.50,247.937500,1.700025,large_range
2023-03-14,NQ,12336.00,12159.238308,12046.927520,bull_trend,426.25,254.425000,1.675346,large_range
2023-03-15,NQ,12397.25,12181.906088,12060.665657,bull_trend,310.75,258.350000,1.202826,large_range
2023-03-16,NQ,12711.50,12232.343603,12086.188572,bull_trend,421.75,262.562500,1.606284,large_range
2023-03-17,NQ,12648.50,12271.977546,12108.240001,bull_trend,241.75,264.625000,0.913557,normal_range
2023-03-20,NQ,12701.00,12312.836827,12131.485491,bull_trend,224.75,272.300000,0.825376,normal_range
2023-03-21,NQ,12876.25,12366.495225,12160.691942,bull_trend,221.75,268.925000,0.824579,normal_range
2023-03-22,NQ,12698.75,12398.138537,12181.792258,bull_trend,404.00,281.300000,1.436189,large_range
2023-03-23,NQ,12872.50,12443.315819,12208.878836,bull_trend,336.75,286.512500,1.175341,normal_range
2023-03-24,NQ,12922.75,12488.976217,12236.873784,bull_trend,196.75,281.775000,0.698252,small_range
2023-03-27,NQ,12814.25,12519.954672,12259.515988,bull_trend,219.00,282.750000,0.774536,small_range
2023-03-28,NQ,12748.00,12541.673275,12278.672224,bull_trend,199.25,285.362500,0.698235,small_range
2023-03-29,NQ,12960.25,12581.537725,12305.400764,bull_trend,252.00,287.112500,0.877705,normal_range
2023-03-30,NQ,13089.75,12629.938894,12336.159558,bull_trend,180.25,282.937500,0.637066,small_range
2023-03-31,NQ,13308.00,12694.516142,12374.270948,bull_trend,254.00,279.787500,0.907832,normal_range
2023-04-03,NQ,13261.75,12748.538414,12409.074048,bull_trend,124.75,276.987500,0.450381,small_range
2023-04-04,NQ,13231.25,12794.510946,12441.316242,bull_trend,180.50,274.062500,0.658609,small_range
2023-04-05,NQ,13072.50,12820.986094,12466.068546,bull_trend,241.25,278.812500,0.865277,normal_range
2023-04-06,NQ,13163.50,12853.606466,12493.418799,bull_trend,237.75,271.900000,0.874402,normal_range
2023-04-07,NQ,13184.25,12885.096327,12520.510219,bull_trend,70.25,259.712500,0.270491,small_range
2023-04-10,NQ,13166.00,12911.849057,12545.823544,bull_trend,235.75,250.425000,0.941400,normal_range
2023-04-11,NQ,13081.25,12927.982481,12566.820660,bull_trend,155.25,236.875000,0.655409,small_range
2023-04-12,NQ,12957.50,12930.793673,12582.141418,bull_trend,304.00,236.537500,1.285208,large_range
2023-04-13,NQ,13180.50,12954.575228,12605.606461,bull_trend,302.50,230.575000,1.311938,large_range
2023-04-14,NQ,13199.50,12977.901397,12628.896403,bull_trend,197.00,228.337500,0.862758,normal_range
2023-04-17,NQ,13181.00,12997.244121,12650.547525,bull_trend,141.25,224.162500,0.630123,small_range
2023-04-18,NQ,13187.00,13015.316109,12671.584877,bull_trend,160.75,221.112500,0.727005,small_range
2023-04-19,NQ,13168.25,13029.881242,12691.061940,bull_trend,161.75,209.000000,0.773923,small_range
2023-04-20,NQ,13091.00,13035.702076,12706.745786,bull_trend,178.25,201.075000,0.886485,normal_range
2023-04-21,NQ,13076.00,13039.539973,12721.226343,bull_trend,139.50,198.212500,0.703790,small_range
2023-04-24,NQ,13049.50,13040.488547,12734.099820,bull_trend,166.75,195.600000,0.852505,normal_range
2023-04-25,NQ,12918.75,13028.894400,12741.341004,range,259.50,198.612500,1.306564,large_range
2023-04-26,NQ,12960.50,13022.380648,12749.935474,range,148.50,193.437500,0.767690,small_range
2023-04-27,NQ,13260.75,13045.082491,12769.967416,bull_trend,397.00,204.275000,1.943459,large_range
2023-04-28,NQ,13325.75,13071.812730,12791.762812,bull_trend,167.00,199.925000,0.835313,normal_range
2023-05-01,NQ,13289.00,13092.497232,12811.262309,bull_trend,111.50,197.800000,0.563701,small_range
2023-05-02,NQ,13169.25,13099.807019,12825.301042,bull_trend,224.50,200.000000,1.122500,normal_range
2023-05-03,NQ,13089.00,13098.777779,12835.642178,range,234.00,199.637500,1.172124,normal_range
2023-05-04,NQ,13046.50,13093.798943,12843.911112,range,171.25,196.312500,0.872334,normal_range
2023-05-05,NQ,13310.50,13114.437139,12862.208715,bull_trend,303.25,208.425000,1.454960,large_range
2023-05-08,NQ,13336.25,13135.562173,12880.798570,bull_trend,113.50,202.312500,0.561013,small_range
2023-05-09,NQ,13261.25,13147.532443,12895.718234,bull_trend,96.50,199.375000,0.484013,small_range
2023-05-10,NQ,13408.75,13172.410305,12915.837126,bull_trend,244.00,196.375000,1.242521,large_range
2023-05-11,NQ,13447.00,13198.561705,12936.667043,bull_trend,108.75,186.687500,0.582524,small_range
2023-05-12,NQ,13370.50,13214.936780,12953.680100,bull_trend,183.75,186.025000,0.987770,normal_range
2023-05-15,NQ,13464.00,13238.657087,12973.692645,bull_trend,130.00,185.462500,0.700950,small_range
2023-05-16,NQ,13503.25,13263.856412,12994.459600,bull_trend,128.25,183.837500,0.697627,small_range
2023-05-17,NQ,13640.75,13299.751040,13019.804322,bull_trend,194.75,185.487500,1.049936,normal_range
2023-05-18,NQ,13912.50,13358.108083,13054.811996,bull_trend,284.75,190.812500,1.492303,large_range
2023-05-19,NQ,13841.00,13404.097790,13085.642898,bull_trend,146.00,191.137500,0.763848,small_range
2023-05-22,NQ,13915.50,13452.802762,13118.186313,bull_trend,152.50,190.425000,0.800840,normal_range
2023-05-23,NQ,13732.75,13479.464404,13142.286850,bull_trend,269.25,190.912500,1.410332,large_range
2023-05-24,NQ,13842.25,13514.015413,13169.736385,bull_trend,279.25,197.450000,1.414282,large_range
2023-05-25,NQ,13981.50,13558.537755,13201.570253,bull_trend,228.25,189.012500,1.207592,large_range
2023-05-26,NQ,14367.25,13635.557968,13247.283184,bull_trend,444.50,202.887500,2.190869,large_range
2023-05-29,NQ,14404.75,13708.814352,13292.674040,bull_trend,92.25,201.937500,0.456825,small_range
2023-05-30,NQ,14402.75,13774.903462,13336.206430,bull_trend,233.25,202.375000,1.152563,normal_range
2023-05-31,NQ,14288.75,13823.841227,13373.561080,bull_trend,177.75,199.562500,0.890698,normal_range
2023-06-01,NQ,14496.75,13887.927777,13417.607704,bull_trend,280.00,205.000000,1.365854,large_range
2023-06-02,NQ,14587.75,13954.577513,13463.495637,bull_trend,159.50,197.350000,0.808209,normal_range
2023-06-05,NQ,14582.25,14014.355845,13507.368358,bull_trend,182.00,200.775000,0.906487,normal_range
2023-06-06,NQ,14594.50,14069.607669,13550.000971,bull_trend,119.25,201.912500,0.590602,small_range
2023-06-07,NQ,14316.00,14093.073605,13580.040149,bull_trend,369.50,208.187500,1.774842,large_range
2023-06-08,NQ,14521.25,14133.852310,13616.950339,bull_trend,270.00,216.250000,1.248555,large_range
2023-06-09,NQ,14566.25,14175.033042,13654.177777,bull_trend,227.25,218.425000,1.040403,normal_range
2023-06-12,NQ,14826.00,14237.029895,13700.131589,bull_trend,272.75,225.562500,1.209199,large_range
2023-06-13,NQ,14923.00,14302.360381,13748.087213,bull_trend,188.25,228.562500,0.823626,normal_range
2023-06-14,NQ,15233.50,14391.040345,13806.338695,bull_trend,337.25,235.687500,1.430920,large_range
2023-06-15,NQ,15367.75,14484.060312,13867.570511,bull_trend,375.00,240.200000,1.561199,large_range
2023-06-16,NQ,15300.75,14561.840282,13923.773628,bull_trend,217.00,243.750000,0.890256,normal_range
2023-06-19,NQ,15239.25,14626.355494,13975.360937,bull_trend,92.00,240.725000,0.382179,small_range
2023-06-20,NQ,15244.25,14685.202589,14025.121292,bull_trend,184.25,236.475000,0.779152,small_range
2023-06-21,NQ,15038.00,14718.802343,14064.842026,bull_trend,271.00,236.062500,1.148001,normal_range
2023-06-22,NQ,15233.25,14767.797358,14110.661946,bull_trend,274.00,238.350000,1.149570,normal_range
2023-06-23,NQ,15053.25,14794.983324,14147.626184,bull_trend,250.75,228.662500,1.096594,normal_range
2023-06-26,NQ,14872.75,14802.389674,14176.062412,bull_trend,299.00,238.987500,1.251111,large_range
2023-06-27,NQ,15088.50,14829.638276,14211.844278,bull_trend,277.00,241.175000,1.148544,normal_range
2023-06-28,NQ,15156.50,14860.767964,14248.889601,bull_trend,197.75,242.175000,0.816558,normal_range
2023-06-29,NQ,15108.25,14884.337682,14282.590008,bull_trend,174.25,236.887500,0.735581,small_range
2023-06-30,NQ,15316.50,14925.495998,14323.135498,bull_trend,277.75,242.800000,1.143946,normal_range
2023-07-03,NQ,15357.00,14966.591617,14363.679204,bull_trend,84.00,237.900000,0.353090,small_range
2023-07-04,NQ,15344.50,15002.582892,14402.142765,bull_trend,34.25,233.650000,0.146587,small_range
2023-07-05,NQ,15354.50,15036.098807,14439.490107,bull_trend,176.75,224.012500,0.789018,small_range
2023-07-06,NQ,15222.25,15053.827492,14470.186574,bull_trend,254.50,223.237500,1.140041,normal_range
2023-07-07,NQ,15192.50,15067.034397,14498.512590,bull_trend,187.50,221.250000,0.847458,normal_range
2023-07-10,NQ,15193.00,15079.031121,14525.747391,bull_trend,155.00,215.362500,0.719717,small_range
2023-07-11,NQ,15262.50,15096.504348,14554.639650,bull_trend,169.25,214.412500,0.789366,small_range
2023-07-12,NQ,15458.25,15130.956315,14590.075350,bull_trend,253.25,210.212500,1.204733,large_range
2023-07-13,NQ,15699.75,15185.127142,14633.592003,bull_trend,284.75,205.700000,1.384298,large_range
2023-07-14,NQ,15693.75,15233.567414,14675.166826,bull_trend,194.25,204.562500,0.949588,normal_range
2023-07-17,NQ,15826.25,15290.013375,14720.307343,bull_trend,221.25,211.025000,1.048454,normal_range
2023-07-18,NQ,15948.25,15352.702577,14768.461957,bull_trend,296.75,216.650000,1.369721,large_range
2023-07-19,NQ,15939.50,15408.588046,14814.385017,bull_trend,151.50,210.675000,0.719117,small_range
2023-07-20,NQ,15596.25,15426.460613,14845.046389,bull_trend,378.75,216.600000,1.748615,large_range
2023-07-21,NQ,15555.00,15438.702459,14872.887707,bull_trend,197.00,213.912500,0.920937,normal_range
2023-07-24,NQ,15569.00,15451.111749,14900.186229,bull_trend,135.00,205.712500,0.656256,small_range
2023-07-25,NQ,15727.00,15477.386821,14932.610298,bull_trend,187.00,201.212500,0.929366,normal_range
2023-07-26,NQ,15625.00,15491.445219,14959.762835,bull_trend,224.25,202.537500,1.107202,normal_range
2023-07-27,NQ,15584.25,15500.283769,14984.252528,bull_trend,392.75,213.462500,1.839902,large_range
2023-07-28,NQ,15846.00,15533.209125,15018.046547,bull_trend,349.75,217.062500,1.611287,large_range
2023-07-31,NQ,15869.00,15565.189208,15051.417270,bull_trend,125.75,219.150000,0.573808,small_range
2023-08-01,NQ,15808.50,15588.361664,15081.106789,bull_trend,161.00,225.487500,0.714009,small_range
2023-08-02,NQ,15451.00,15575.279601,15095.612405,range,375.75,236.375000,1.589635,large_range
2023-08-03,NQ,15447.50,15563.110115,15109.411919,range,212.25,234.262500,0.906035,normal_range
2023-08-04,NQ,15362.75,15544.028199,15119.346746,range,273.75,238.575000,1.147438,normal_range
2023-08-07,NQ,15490.50,15538.930276,15133.901775,range,161.25,238.887500,0.675004,small_range
2023-08-08,NQ,15351.00,15521.032154,15142.415431,range,279.75,244.412500,1.144581,normal_range
2023-08-09,NQ,15203.75,15490.814806,15144.820708,range,286.00,246.050000,1.162365,normal_range
2023-08-10,NQ,15217.75,15464.808634,15147.680680,range,306.25,247.125000,1.239251,large_range
2023-08-11,NQ,15103.75,15430.422098,15145.957909,range,229.50,248.887500,0.922103,normal_range
2023-08-14,NQ,15280.00,15416.096184,15151.214461,range,261.25,250.887500,1.041303,normal_range
2023-08-15,NQ,15110.00,15386.944166,15149.598208,range,260.25,249.062500,1.044918,normal_range
2023-08-16,NQ,14937.00,15344.092341,15141.261023,range,244.50,253.712500,0.963689,normal_range
2023-08-17,NQ,14743.50,15286.893070,15125.662552,range,280.00,248.087500,1.128634,normal_range
2023-08-18,NQ,14744.00,15235.188968,15110.695393,range,193.50,247.912500,0.780517,small_range
2023-08-21,NQ,14972.00,15210.123352,15105.256358,range,293.25,255.825000,1.146291,normal_range
2023-08-22,NQ,14963.25,15186.611604,15099.687481,range,186.25,255.787500,0.728143,small_range
2023-08-23,NQ,15355.75,15202.720023,15109.729148,bull_trend,399.50,264.550000,1.510112,large_range
2023-08-24,NQ,14832.50,15167.460973,15098.857417,range,601.00,274.962500,2.185753,large_range
2023-08-25,NQ,14972.25,15148.869452,15093.892420,range,297.00,272.325000,1.090609,normal_range
2023-08-28,NQ,15098.00,15144.024742,15094.053502,range,153.00,273.750000,0.558904,small_range
2023-08-29,NQ,15426.25,15170.903338,15107.080816,bull_trend,380.75,284.737500,1.337197,large_range
2023-08-30,NQ,15513.00,15203.483973,15122.999215,bull_trend,161.25,273.075000,0.590497,small_range
2023-08-31,NQ,15536.50,15235.199785,15139.214932,bull_trend,146.75,269.800000,0.543921,small_range
2023-09-01,NQ,15511.25,15261.490281,15153.804543,bull_trend,207.25,266.475000,0.777747,small_range
2023-09-04,NQ,15523.75,15286.467398,15168.312208,bull_trend,78.25,262.325000,0.298294,small_range
2023-09-05,NQ,15517.50,15308.470503,15182.005846,bull_trend,168.50,256.762500,0.656248,small_range
2023-09-06,NQ,15386.75,15315.925693,15190.035029,bull_trend,222.50,253.587500,0.877409,normal_range
2023-09-07,NQ,15286.25,15313.099436,15193.808165,range,238.25,250.187500,0.952286,normal_range
2023-09-08,NQ,15313.00,15313.089966,15198.482355,range,167.75,247.100000,0.678875,small_range
2023-09-11,NQ,15471.25,15328.152827,15209.179125,bull_trend,199.50,244.012500,0.817581,normal_range
2023-09-12,NQ,15309.00,15326.328748,15213.093669,range,192.00,240.600000,0.798005,small_range
2023-09-13,NQ,15377.50,15331.202200,15219.540976,bull_trend,211.50,238.950000,0.885122,normal_range
2023-09-14,NQ,15677.25,15364.159134,15237.490350,bull_trend,346.50,242.275000,1.430193,large_range
2023-09-15,NQ,15383.00,15365.953502,15243.196611,bull_trend,363.00,250.750000,1.447657,large_range
2023-09-18,NQ,15425.25,15371.600787,15250.335959,bull_trend,130.50,242.612500,0.537895,small_range
2023-09-19,NQ,15383.00,15372.686427,15255.538471,bull_trend,193.75,242.987500,0.797366,small_range
2023-09-20,NQ,15133.75,15349.930577,15250.762452,range,309.25,238.475000,1.296782,large_range
2023-09-21,NQ,14849.75,15302.294331,15235.036474,range,308.00,223.825000,1.376075,large_range
2023-09-22,NQ,14876.25,15261.718681,15220.966416,range,191.25,218.537500,0.875136,normal_range
2023-09-25,NQ,14951.00,15232.126425,15210.379498,range,173.50,219.500000,0.790433,small_range
2023-09-26,NQ,14725.25,15183.852480,15191.354811,bear_trend,282.75,214.700000,1.316954,large_range
2023-09-27,NQ,14766.50,15144.104625,15174.693838,bear_trend,235.50,218.412500,1.078235,normal_range
2023-09-28,NQ,14876.50,15118.618470,15162.999962,bear_trend,289.50,225.550000,1.283529,large_range
2023-09-29,NQ,14891.50,15096.988140,15152.352905,bear_trend,249.75,227.675000,1.096958,normal_range
2023-10-02,NQ,14992.50,15087.036888,15146.084164,bear_trend,220.00,234.762500,0.937117,normal_range
2023-10-03,NQ,14714.50,15051.557185,15129.159294,bear_trend,379.50,245.312500,1.547006,large_range
2023-10-04,NQ,14902.50,15037.361262,15120.270695,bear_trend,367.00,252.537500,1.453250,large_range
2023-10-05,NQ,14860.75,15020.541142,15110.093413,bear_trend,242.50,252.750000,0.959446,normal_range
2023-10-06,NQ,15139.50,15031.870557,15111.246612,range,500.25,269.375000,1.857077,large_range
2023-10-09,NQ,15195.00,15047.406694,15114.531059,range,263.25,272.562500,0.965834,normal_range
2023-10-10,NQ,15282.00,15069.748914,15121.098468,range,211.75,273.550000,0.774082,small_range
2023-10-11,NQ,15410.75,15102.225208,15132.457352,range,163.75,271.162500,0.603881,small_range
2023-10-12,NQ,15324.00,15123.346617,15139.968828,range,252.50,266.462500,0.947601,normal_range
2023-10-13,NQ,15107.50,15121.837415,15138.695541,bear_trend,304.50,263.537500,1.155433,normal_range
2023-10-16,NQ,15304.75,15139.257661,15145.207480,range,253.75,269.700000,0.940860,normal_range
2023-10-17,NQ,15242.50,15149.090265,15149.022873,bull_trend,259.00,272.962500,0.948848,normal_range
2023-10-18,NQ,15061.25,15140.724525,15145.580800,bear_trend,259.00,270.662500,0.956911,normal_range
2023-10-19,NQ,14850.50,15113.084094,15134.009004,bear_trend,298.75,270.200000,1.105662,normal_range
2023-10-20,NQ,14649.00,15068.885609,15114.989043,bear_trend,242.50,272.762500,0.889052,normal_range
2023-10-23,NQ,14749.00,15038.420313,15100.636531,bear_trend,339.50,281.062500,1.207916,large_range
2023-10-24,NQ,14830.75,15018.642188,15090.052746,bear_trend,242.75,278.962500,0.870189,normal_range
2023-10-25,NQ,14467.75,14966.176265,15065.648717,bear_trend,411.00,287.737500,1.428385,large_range
2023-10-26,NQ,14209.50,14894.111859,15032.074257,bear_trend,318.75,289.637500,1.100514,normal_range
2023-10-27,NQ,14270.00,14834.672635,15002.188992,bear_trend,198.00,287.062500,0.689745,small_range
2023-10-30,NQ,14412.75,14794.489526,14979.073737,bear_trend,173.50,286.387500,0.605823,small_range
2023-10-31,NQ,14452.00,14761.871476,14958.404179,bear_trend,192.50,277.037500,0.694852,small_range
2023-11-01,NQ,14761.25,14761.812288,14950.672643,bear_trend,351.25,276.250000,1.271493,large_range
2023-11-02,NQ,14970.50,14781.687308,14951.450186,range,257.25,276.987500,0.928742,normal_range
2023-11-03,NQ,15186.25,14820.217088,14960.658022,range,303.00,267.125000,1.134300,normal_range
2023-11-06,NQ,15222.50,14858.529747,14970.926335,range,119.50,259.937500,0.459726,small_range
2023-11-07,NQ,15376.00,14907.812628,14986.811577,range,236.25,261.162500,0.904609,normal_range
2023-11-08,NQ,15359.50,14950.830473,15001.426809,range,130.75,259.512500,0.503829,small_range
2023-11-09,NQ,15255.50,14979.846618,15011.390463,range,217.00,257.737500,0.841942,normal_range
2023-11-10,NQ,15583.00,15037.289798,15033.806524,bull_trend,405.50,262.787500,1.543072,large_range
2023-11-13,NQ,15557.25,15086.809817,15054.333719,bull_trend,136.00,256.900000,0.529389,small_range
2023-11-14,NQ,15893.00,15163.589834,15087.222593,bull_trend,366.75,262.287500,1.398275,large_range
2023-11-15,NQ,15845.25,15228.509850,15116.949158,bull_trend,217.25,259.987500,0.835617,normal_range
2023-11-16,NQ,15898.75,15292.342245,15147.608014,bull_trend,110.00,250.550000,0.439034,small_range
2023-11-17,NQ,15874.25,15347.762031,15176.103778,bull_trend,115.00,244.175000,0.470974,small_range
2023-11-20,NQ,16089.50,15418.403743,15211.923238,bull_trend,279.50,241.175000,1.158910,normal_range
2023-11-21,NQ,15968.50,15470.793862,15241.592915,bull_trend,210.50,239.562500,0.878685,normal_range
2023-11-22,NQ,16045.50,15525.527780,15273.118683,bull_trend,230.75,230.550000,1.000867,normal_range
2023-11-23,NQ,16062.50,15576.667992,15304.074813,bull_trend,52.00,216.775000,0.239880,small_range
2023-11-24,NQ,16011.00,15618.032945,15331.797369,bull_trend,95.25,211.625000,0.450089,small_range
2023-11-27,NQ,16004.75,15654.863141,15358.187669,bull_trend,150.50,208.825000,0.720699,small_range
2023-11-28,NQ,16051.50,15692.638080,15385.376388,bull_trend,126.25,205.512500,0.614318,small_range
2023-11-29,NQ,16041.25,15725.839215,15411.096921,bull_trend,195.00,197.700000,0.986343,normal_range
2023-11-30,NQ,15957.00,15747.854528,15432.504885,bull_trend,242.50,196.962500,1.231199,large_range
2023-12-01,NQ,16030.25,15774.749335,15455.945870,bull_trend,186.00,191.112500,0.973249,normal_range
2023-12-04,NQ,15857.50,15782.630350,15471.693091,bull_trend,304.75,200.587500,1.519287,large_range
2023-12-05,NQ,15899.75,15793.784603,15488.479636,bull_trend,199.75,198.762500,1.004968,normal_range
2023-12-06,NQ,15814.50,15795.757498,15501.264749,bull_trend,235.75,204.012500,1.155566,normal_range
2023-12-07,NQ,16018.00,15816.923450,15521.528876,bull_trend,275.00,206.912500,1.329064,large_range
2023-12-08,NQ,16094.00,15843.311693,15543.978724,bull_trend,230.50,198.162500,1.163187,normal_range
2023-12-11,NQ,16243.25,15881.401056,15571.401127,bull_trend,202.50,201.487500,1.005025,normal_range
2023-12-12,NQ,16386.00,15929.458098,15603.346181,bull_trend,204.25,193.362500,1.056306,normal_range
2023-12-13,NQ,16550.25,15988.581136,15640.479664,bull_trend,227.50,193.875000,1.173436,normal_range
2023-12-14,NQ,16743.00,16060.430552,15683.715756,bull_trend,322.25,205.050000,1.571568,large_range
2023-12-15,NQ,16815.00,16132.294309,15728.079844,bull_trend,155.00,207.050000,0.748611,small_range
2023-12-18,NQ,16921.75,16207.480565,15774.890438,bull_trend,171.75,201.662500,0.851670,normal_range
2023-12-19,NQ,17026.00,16285.434797,15823.953558,bull_trend,118.75,197.075000,0.602562,small_range
2023-12-20,NQ,16794.75,16333.941007,15862.024007,bull_trend,315.00,201.287500,1.564926,large_range
2023-12-21,NQ,16949.50,16392.565673,15904.670124,bull_trend,180.00,207.687500,0.866687,normal_range
2023-12-22,NQ,16962.50,16446.845133,15946.153649,bull_trend,150.00,210.425000,0.712843,small_range
2023-12-26,NQ,17090.00,16508.097977,15991.010368,bull_trend,146.75,210.337500,0.697688,small_range
2023-12-27,NQ,17130.00,16567.326741,16035.676628,bull_trend,77.50,207.900000,0.372775,small_range
2023-12-28,NQ,17089.50,16617.057528,16077.003035,bull_trend,87.50,202.525000,0.432045,small_range
2023-12-29,NQ,17003.75,16653.885382,16113.346053,bull_trend,192.75,200.037500,0.963569,normal_range
2024-01-02,NQ,16731.75,16661.301060,16137.597189,bull_trend,416.00,211.537500,1.966554,large_range
2024-01-03,NQ,16542.75,16650.010483,16153.485534,range,215.25,206.850000,1.040609,normal_range
2024-01-04,NQ,16450.75,16631.033294,16165.142964,range,151.25,204.425000,0.739880,small_range
2024-01-05,NQ,16465.00,16615.220599,16176.902064,range,243.00,204.787500,1.186596,normal_range
2024-01-08,NQ,16788.25,16631.699590,16200.876492,bull_trend,433.00,212.687500,2.035851,large_range
2024-01-09,NQ,16829.50,16650.537724,16225.528395,bull_trend,210.75,211.700000,0.995513,normal_range
2024-01-10,NQ,16957.00,16679.724608,16254.213556,bull_trend,181.50,210.650000,0.861619,normal_range
2024-01-11,NQ,16958.25,16706.250836,16281.822828,bull_trend,304.00,215.637500,1.409773,large_range
2024-01-12,NQ,16955.25,16729.965042,16308.231737,bull_trend,176.00,213.062500,0.826049,normal_range
2024-01-15,NQ,16970.00,16752.825514,16334.183433,bull_trend,88.00,200.787500,0.438274,small_range
2024-01-16,NQ,16978.00,16774.270703,16359.431142,bull_trend,222.00,204.137500,1.087502,normal_range
2024-01-17,NQ,16860.25,16782.459207,16379.071097,bull_trend,292.75,210.187500,1.392804,large_range
2024-01-18,NQ,17117.25,16814.344045,16408.019289,bull_trend,291.50,218.825000,1.332115,large_range
2024-01-19,NQ,17462.75,16876.096993,16449.381278,bull_trend,364.00,221.275000,1.645012,large_range
2024-01-22,NQ,17455.50,16931.278232,16488.836914,bull_trend,151.00,219.825000,0.686910,small_range
2024-01-23,NQ,17552.50,16990.442210,16530.549192,bull_trend,148.75,219.762500,0.676867,small_range
2024-01-24,NQ,17630.25,17051.376285,16573.674714,bull_trend,241.25,224.387500,1.075149,normal_range
2024-01-25,NQ,17579.50,17101.673782,16613.118843,bull_trend,210.00,231.012500,0.909042,normal_range
2024-01-26,NQ,17504.75,17140.061993,16648.084771,bull_trend,166.00,234.937500,0.706571,small_range
2024-01-29,NQ,17700.25,17193.413232,16689.346152,bull_trend,258.75,238.237500,1.086101,normal_range
2024-01-30,NQ,17470.25,17219.778638,16719.969832,bull_trend,268.75,230.875000,1.164050,normal_range
2024-01-31,NQ,17265.25,17224.109244,16741.353368,bull_trend,262.50,233.237500,1.125462,normal_range
2024-02-01,NQ,17628.00,17262.575030,16776.123824,bull_trend,384.00,244.875000,1.568147,large_range
2024-02-02,NQ,17687.00,17302.996456,16811.844459,bull_trend,310.00,248.225000,1.248867,large_range
2024-02-05,NQ,17702.50,17341.044413,16846.772127,bull_trend,191.25,236.137500,0.809909,normal_range
2024-02-06,NQ,17650.25,17370.492564,16878.281063,bull_trend,208.25,236.012500,0.882369,normal_range
2024-02-07,NQ,17856.25,17416.755177,16916.632786,bull_trend,245.75,239.225000,1.027276,normal_range
2024-02-08,NQ,17860.25,17458.992779,16953.637383,bull_trend,104.25,229.237500,0.454769,small_range
2024-02-09,NQ,18038.25,17514.160133,16996.171211,bull_trend,218.75,231.375000,0.945435,normal_range
2024-02-12,NQ,17929.50,17553.716311,17032.772340,bull_trend,210.25,237.487500,0.885310,normal_range
2024-02-13,NQ,17699.75,17567.624281,17058.928327,bull_trend,421.25,247.450000,1.702364,large_range
2024-02-14,NQ,17873.50,17596.755302,17090.872314,bull_trend,217.75,243.700000,0.893517,normal_range
2024-02-15,NQ,17955.00,17630.873845,17124.759674,bull_trend,187.75,238.512500,0.787170,small_range
2024-02-16,NQ,17721.50,17639.504907,17148.161256,bull_trend,311.00,235.862500,1.318565,large_range
2024-02-19,NQ,17788.75,17653.718726,17173.282383,bull_trend,81.25,232.612500,0.349293,small_range
2024-02-20,NQ,17582.50,17646.935990,17189.330132,range,340.50,242.200000,1.405863,large_range
2024-02-21,NQ,17710.00,17652.942086,17209.748559,bull_trend,350.25,247.650000,1.414294,large_range
2024-02-22,NQ,18023.50,17688.233316,17241.660380,bull_trend,411.00,257.700000,1.594878,large_range
2024-02-23,NQ,17960.75,17714.187286,17269.859973,bull_trend,198.75,259.337500,0.766376,small_range
2024-02-26,NQ,17949.00,17736.550402,17296.492915,bull_trend,137.50,253.275000,0.542888,small_range
2024-02-27,NQ,18012.25,17762.807506,17324.561820,bull_trend,131.50,246.412500,0.533658,small_range
2024-02-28,NQ,17860.50,17772.111553,17345.579004,bull_trend,173.50,241.962500,0.717053,small_range
2024-02-29,NQ,18070.75,17800.553310,17374.017082,bull_trend,283.50,236.937500,1.196518,normal_range
2024-03-01,NQ,18321.00,17850.119661,17411.153667,bull_trend,343.25,238.600000,1.438600,large_range
2024-03-04,NQ,18244.25,17887.655884,17443.824112,bull_trend,143.50,236.212500,0.607504,small_range
2024-03-05,NQ,17983.25,17896.760086,17464.978068,bull_trend,419.50,246.775000,1.699929,large_range
2024-03-06,NQ,18040.25,17910.425792,17487.537752,bull_trend,231.75,246.075000,0.941786,normal_range
2024-03-07,NQ,18254.00,17943.147145,17517.595095,bull_trend,444.25,263.075000,1.688682,large_range
2024-03-08,NQ,18056.00,17953.895036,17538.709013,bull_trend,424.00,273.337500,1.551196,large_range
2024-03-11,NQ,17999.25,17958.214556,17556.769443,bull_trend,177.75,271.712500,0.654184,small_range
2024-03-12,NQ,18222.75,17983.408408,17582.886328,bull_trend,311.75,266.237500,1.170947,normal_range
2024-03-13,NQ,18104.00,17994.893322,17603.322158,bull_trend,223.25,266.512500,0.837672,normal_range
2024-03-14,NQ,18266.25,18020.736815,17629.319329,bull_trend,339.25,274.087500,1.237743,large_range
2024-03-15,NQ,18063.50,18024.809499,17646.346022,bull_trend,316.50,274.362500,1.153583,normal_range
2024-03-18,NQ,18227.75,18044.137166,17669.146178,bull_trend,318.75,286.000000,1.114510,normal_range
2024-03-19,NQ,18273.00,18065.933626,17692.826720,bull_trend,236.00,280.775000,0.840531,normal_range
2024-03-20,NQ,18542.00,18111.273281,17726.127633,bull_trend,317.50,279.137500,1.137432,normal_range
2024-03-21,NQ,18579.75,18155.890111,17759.603020,bull_trend,182.25,267.700000,0.680799,small_range
2024-03-22,NQ,18563.75,18194.733910,17791.138195,bull_trend,134.00,264.462500,0.506688,small_range
2024-03-25,NQ,18533.50,18226.997347,17820.250423,bull_trend,186.50,266.912500,0.698731,small_range
2024-03-26,NQ,18480.00,18251.092838,17846.122955,bull_trend,179.75,269.325000,0.667409,small_range
2024-03-27,NQ,18505.50,18275.322092,17871.980879,bull_trend,193.25,270.312500,0.714913,small_range
2024-03-28,NQ,18465.00,18293.386654,17895.236530,bull_trend,91.25,260.700000,0.350019,small_range
2024-04-01,NQ,18497.75,18312.849830,17918.864510,bull_trend,197.50,253.412500,0.779362,small_range
2024-04-02,NQ,18344.50,18315.864132,17935.556097,bull_trend,309.50,261.712500,1.182595,normal_range
2024-04-03,NQ,18387.75,18322.710405,17953.289192,bull_trend,219.25,251.700000,0.871077,normal_range
2024-04-04,NQ,18072.50,18298.880843,17957.964125,range,512.75,265.750000,1.929445,large_range
2024-04-05,NQ,18311.00,18300.035048,17971.808669,bull_trend,356.75,261.375000,1.364897,large_range
2024-04-08,NQ,18311.50,18301.126948,17985.129898,bull_trend,138.50,247.100000,0.560502,small_range
2024-04-09,NQ,18384.75,18309.091049,18000.801275,bull_trend,246.50,250.537500,0.983885,normal_range
2024-04-10,NQ,18192.25,18297.963330,18008.309068,range,420.75,255.987500,1.643635,large_range
2024-04-11,NQ,18485.50,18315.823965,18027.022438,bull_trend,430.75,266.362500,1.617157,large_range
2024-04-12,NQ,18172.50,18302.174063,18032.727440,range,387.50,268.775000,1.441726,large_range
2024-04-15,NQ,17875.00,18261.490819,18026.542050,range,509.25,278.412500,1.829120,large_range
2024-04-16,NQ,17894.00,18226.491694,18021.344323,range,196.00,272.275000,0.719860,small_range
2024-04-17,NQ,17663.25,18172.849628,18007.301408,range,353.25,278.137500,1.270055,large_range
2024-04-18,NQ,17529.50,18111.578235,17988.564098,range,264.50,275.487500,0.960116,normal_range
2024-04-19,NQ,17179.25,18022.785069,17956.826290,range,440.00,288.375000,1.525791,large_range
2024-04-22,NQ,17345.00,17958.234110,17932.833102,range,299.50,296.650000,1.009607,normal_range
2024-04-23,NQ,17656.50,17929.497528,17921.996510,range,379.75,306.312500,1.239747,large_range
2024-04-24,NQ,17507.25,17889.283478,17905.731941,bear_trend,313.75,313.012500,1.002356,normal_range
2024-04-25,NQ,17816.50,17882.351718,17902.232649,bear_trend,519.25,329.312500,1.576770,large_range
2024-04-26,NQ,17836.75,17878.008697,17899.664702,bear_trend,233.25,336.412500,0.693345,small_range
2024-04-29,NQ,17912.00,17881.245964,17900.148440,range,157.75,334.425000,0.471705,small_range
2024-04-30,NQ,17508.50,17845.746349,17884.789677,bear_trend,446.75,341.287500,1.309014,large_range
2024-05-01,NQ,17474.75,17810.413363,17868.709690,bear_trend,394.00,350.025000,1.125634,normal_range
2024-05-02,NQ,17743.00,17803.993043,17863.779898,bear_trend,369.00,342.837500,1.076312,normal_range
2024-05-03,NQ,18025.50,17825.088944,17870.121863,range,330.75,341.537500,0.968415,normal_range
2024-05-06,NQ,18185.50,17859.413806,17882.489633,range,217.50,345.487500,0.629545,small_range
2024-05-07,NQ,18197.75,17891.636301,17894.852785,range,115.25,338.925000,0.340046,small_range
2024-05-08,NQ,18160.75,17917.266177,17905.280126,bull_trend,169.75,326.375000,0.520107,small_range
2024-05-09,NQ,18220.75,17946.169398,17917.651494,bull_trend,136.50,311.662500,0.437974,small_range
2024-05-10,NQ,18239.25,17974.081836,17930.263200,bull_trend,159.50,300.262500,0.531202,small_range
2024-05-13,NQ,18286.00,18003.788328,17944.213663,bull_trend,107.50,280.175000,0.383689,small_range
2024-05-14,NQ,18410.50,18042.522773,17962.499402,bull_trend,267.50,283.750000,0.942731,normal_range
2024-05-15,NQ,18694.50,18104.615842,17991.205307,bull_trend,314.00,281.787500,1.114315,normal_range
2024-05-16,NQ,18638.25,18155.438143,18016.579609,bull_trend,127.50,274.937500,0.463742,small_range
2024-05-17,NQ,18633.75,18200.991653,18040.782369,bull_trend,141.75,260.025000,0.545140,small_range
2024-05-20,NQ,18745.25,18252.825781,18068.408551,bull_trend,161.50,253.125000,0.638025,small_range
2024-05-21,NQ,18798.75,18304.818564,18097.049392,bull_trend,130.75,240.675000,0.543264,small_range
2024-05-22,NQ,18816.25,18353.526320,18125.253338,bull_trend,206.75,235.325000,0.878572,normal_range
2024-05-23,NQ,18686.50,18385.238099,18147.263011,bull_trend,401.75,229.450000,1.750926,large_range
2024-05-24,NQ,18870.75,18431.477328,18175.635049,bull_trend,246.00,230.087500,1.069158,normal_range
2024-05-27,NQ,18950.75,18480.931868,18206.031714,bull_trend,122.50,228.325000,0.536516,small_range
2024-05-28,NQ,18950.50,18525.652642,18235.226549,bull_trend,161.00,214.037500,0.752205,small_range
2024-05-29,NQ,18746.75,18546.709534,18255.286292,bull_trend,209.75,204.862500,1.023857,normal_range
2024-05-30,NQ,18596.00,18551.403864,18268.647614,bull_trend,240.75,198.450000,1.213152,large_range
2024-05-31,NQ,18570.75,18553.246353,18280.494766,bull_trend,427.00,203.262500,2.100732,large_range
2024-06-03,NQ,18662.25,18563.627653,18295.465560,bull_trend,319.75,208.375000,1.534493,large_range
2024-06-04,NQ,18706.50,18577.234543,18311.584557,bull_trend,242.00,214.712500,1.127089,normal_range
2024-06-05,NQ,19087.25,18625.807444,18342.002810,bull_trend,394.25,225.937500,1.744952,large_range
2024-06-06,NQ,19069.00,18668.016258,18370.512504,bull_trend,107.25,224.475000,0.477781,small_range
2024-06-07,NQ,19030.25,18702.514710,18396.384563,bull_trend,215.00,227.250000,0.946095,normal_range
2024-06-10,NQ,19107.75,18741.108547,18424.281246,bull_trend,155.50,229.650000,0.677117,small_range
2024-06-11,NQ,19247.50,18789.336305,18456.564335,bull_trend,263.00,229.425000,1.146344,normal_range
2024-06-12,NQ,19610.25,18867.518561,18501.806910,bull_trend,378.75,232.662500,1.627894,large_range
2024-06-13,NQ,19607.75,18938.016794,18545.177227,bull_trend,191.00,235.837500,0.809880,normal_range
2024-06-14,NQ,19957.00,19035.062813,18600.542826,bull_trend,366.50,247.075000,1.483355,large_range
2024-06-17,NQ,20187.00,19144.771117,18662.756833,bull_trend,367.25,257.362500,1.426976,large_range
2024-06-18,NQ,20210.00,19246.221487,18723.433035,bull_trend,143.50,258.000000,0.556202,small_range
2024-06-19,NQ,20231.00,19340.009916,18782.553309,bull_trend,48.50,250.087500,0.193932,small_range
2024-06-20,NQ,20053.50,19407.961353,18832.394355,bull_trend,412.75,250.637500,1.646801,large_range
2024-06-21,NQ,20009.75,19465.274557,18878.565165,bull_trend,171.75,246.925000,0.695555,small_range
2024-06-24,NQ,19752.50,19492.629361,18912.837119,bull_trend,302.25,255.912500,1.181068,normal_range
2024-06-25,NQ,19970.50,19538.140851,18954.314095,bull_trend,255.25,260.625000,0.979376,normal_range
2024-06-26,NQ,19953.75,19577.722675,18993.507660,bull_trend,169.50,258.575000,0.655516,small_range
2024-06-27,NQ,20067.50,19624.368134,19035.625007,bull_trend,242.50,258.662500,0.937515,normal_range
2024-06-28,NQ,19966.50,19656.952121,19072.129908,bull_trend,367.00,255.662500,1.435486,large_range
2024-07-01,NQ,20042.50,19693.670967,19110.183637,bull_trend,262.25,252.787500,1.037433,normal_range
2024-07-02,NQ,20240.00,19745.702303,19154.490161,bull_trend,349.25,258.150000,1.352896,large_range
2024-07-03,NQ,20419.50,19809.873513,19204.098390,bull_trend,230.25,249.950000,0.921184,normal_range
2024-07-04,NQ,20381.25,19864.290321,19250.261199,bull_trend,50.75,247.125000,0.205362,small_range
2024-07-05,NQ,20591.50,19933.548386,19302.858799,bull_trend,278.50,250.300000,1.112665,normal_range
2024-07-08,NQ,20684.50,20005.067587,19357.040806,bull_trend,108.75,247.962500,0.438574,small_range
2024-07-09,NQ,20687.75,20070.084960,19409.225481,bull_trend,156.00,242.612500,0.643001,small_range
2024-07-10,NQ,20896.50,20148.791154,19467.549972,bull_trend,232.25,235.287500,0.987090,normal_range
2024-07-11,NQ,20432.75,20175.834854,19505.400953,bull_trend,606.50,256.062500,2.368562,large_range
2024-07-12,NQ,20539.75,20210.493439,19545.963661,bull_trend,406.00,258.037500,1.573415,large_range
2024-07-15,NQ,20625.25,20249.994064,19588.288615,bull_trend,290.75,254.212500,1.143728,normal_range
2024-07-16,NQ,20588.50,20282.232724,19627.512591,bull_trend,220.00,258.037500,0.852589,normal_range
2024-07-17,NQ,20016.75,20256.948655,19642.776803,range,632.00,287.212500,2.200461,large_range
2024-07-18,NQ,19934.75,20226.263069,19654.226733,range,403.75,286.762500,1.407960,large_range
2024-07-19,NQ,19701.50,20176.285634,19656.080586,range,325.75,294.462500,1.106253,normal_range
2024-07-22,NQ,19980.75,20157.663193,19668.812720,range,326.00,296.512500,1.099448,normal_range
2024-07-23,NQ,19946.25,20137.528603,19679.692613,range,216.50,294.575000,0.734957,small_range
2024-07-24,NQ,19269.50,20054.859212,19663.606629,range,714.25,324.975000,2.197861,large_range
2024-07-25,NQ,18994.75,19953.896430,19637.376957,range,507.25,338.212500,1.499797,large_range
2024-07-26,NQ,19175.75,19879.787246,19619.273939,range,302.75,335.012500,0.903698,normal_range
2024-07-29,NQ,19222.50,19817.188461,19603.714177,range,264.00,335.100000,0.787825,small_range
2024-07-30,NQ,18861.25,19726.146703,19574.597934,range,594.75,347.375000,1.712127,large_range
2024-07-31,NQ,19581.75,19712.394636,19574.878408,range,786.25,375.200000,2.095549,large_range
2024-08-01,NQ,18967.75,19641.476099,19551.069450,range,863.00,415.812500,2.075455,large_range
2024-08-02,NQ,18513.25,19534.025994,19510.370648,range,594.00,431.587500,1.376314,large_range
2024-08-05,NQ,18146.75,19401.904471,19456.895329,bear_trend,1039.00,484.262500,2.145531,large_range
2024-08-06,NQ,18099.00,19277.818331,19403.644532,bear_trend,517.25,502.325000,1.029712,normal_range
2024-08-07,NQ,17854.50,19142.264204,19342.893766,bear_trend,722.25,526.825000,1.370949,large_range
2024-08-08,NQ,18558.00,19086.619994,19312.113618,bear_trend,851.75,539.087500,1.579985,large_range
2024-08-09,NQ,18602.50,19040.513328,19284.285633,bear_trend,291.50,533.362500,0.546533,small_range
2024-08-12,NQ,18626.25,19001.059678,19258.480314,bear_trend,250.25,531.337500,0.470981,small_range
2024-08-13,NQ,19099.25,19010.411137,19252.235988,range,494.00,545.150000,0.906173,normal_range
2024-08-14,NQ,19147.00,19023.419600,19248.109087,range,278.00,527.450000,0.527064,small_range
2024-08-15,NQ,19568.25,19075.308210,19260.663632,range,502.75,532.400000,0.944309,normal_range
2024-08-16,NQ,19604.00,19125.659809,19274.127803,range,235.50,527.887500,0.446118,small_range
2024-08-19,NQ,19853.50,19194.977922,19296.848282,range,346.50,528.050000,0.656188,small_range
2024-08-20,NQ,19804.75,19253.051453,19316.765996,range,188.00,526.625000,0.356990,small_range
2024-08-21,NQ,19917.75,19316.356077,19340.333996,range,210.25,498.262500,0.421966,small_range
2024-08-22,NQ,19612.25,19344.536451,19350.997369,range,483.25,497.062500,0.972212,normal_range
2024-08-23,NQ,19776.75,19385.699646,19367.693551,bull_trend,312.50,497.537500,0.628093,small_range
2024-08-26,NQ,19549.00,19401.252060,19374.803608,bull_trend,340.75,501.375000,0.679631,small_range
2024-08-27,NQ,19636.00,19423.609007,19385.046603,bull_trend,252.75,484.275000,0.521914,small_range
2024-08-28,NQ,19310.25,19412.812911,19382.113403,range,463.75,468.125000,0.990654,normal_range
2024-08-29,NQ,19445.50,19415.925967,19384.599152,bull_trend,553.25,452.637500,1.222281,large_range
2024-08-30,NQ,19594.50,19432.933018,19392.830558,bull_trend,262.25,436.050000,0.601422,small_range
2024-09-02,NQ,19647.00,19453.320350,19402.797987,bull_trend,159.25,385.900000,0.412672,small_range
2024-09-03,NQ,18989.75,19409.170792,19386.600027,range,772.00,398.637500,1.936597,large_range
2024-09-04,NQ,18964.50,19366.821193,19370.047084,bear_trend,289.00,376.975000,0.766629,small_range
2024-09-05,NQ,18924.75,19324.719175,19352.584454,bear_trend,323.25,350.550000,0.922122,normal_range
2024-09-06,NQ,18377.50,19234.507825,19314.345848,bear_trend,632.50,367.600000,1.720620,large_range
2024-09-09,NQ,18722.75,19185.768984,19291.146011,bear_trend,348.50,372.937500,0.934473,normal_range
2024-09-10,NQ,18835.00,19152.362414,19273.257932,bear_trend,296.25,362.937500,0.816256,normal_range
2024-09-11,NQ,19248.00,19161.470756,19272.267425,range,746.50,386.362500,1.932123,large_range
2024-09-12,NQ,19413.50,19185.473541,19277.805957,range,298.50,376.150000,0.793566,small_range
2024-09-13,NQ,19503.50,19215.761775,19286.656704,range,179.00,373.325000,0.479475,small_range
2024-09-16,NQ,19650.25,19257.141606,19300.915264,range,255.00,370.025000,0.689143,small_range
2024-09-17,NQ,19686.25,19298.009072,19316.026430,range,275.75,374.412500,0.736487,small_range
2024-09-18,NQ,19632.75,19329.889161,19328.446963,bull_trend,342.00,381.000000,0.897638,normal_range
2024-09-19,NQ,20062.75,19399.685431,19357.243160,bull_trend,566.25,385.350000,1.469443,large_range
2024-09-20,NQ,20015.50,19458.334438,19383.057154,bull_trend,224.00,380.925000,0.588042,small_range
2024-09-23,NQ,20063.25,19515.945444,19409.731383,bull_trend,208.75,374.325000,0.557670,small_range
2024-09-24,NQ,20185.25,19579.688735,19440.143878,bull_trend,261.75,374.775000,0.698419,small_range
2024-09-25,NQ,20242.00,19642.765998,19471.589216,bull_trend,206.75,361.925000,0.571251,small_range
2024-09-26,NQ,20345.75,19709.716855,19505.870031,bull_trend,350.00,351.762500,0.994990,normal_range
2024-09-27,NQ,20193.00,19755.743821,19532.816304,bull_trend,222.75,349.787500,0.636815,small_range
2024-09-30,NQ,20233.25,19801.220600,19560.284292,bull_trend,231.00,353.375000,0.653696,small_range
2024-10-01,NQ,19962.25,19816.556734,19576.047654,bull_trend,513.75,340.462500,1.508977,large_range
2024-10-02,NQ,20056.25,19839.384664,19594.879118,bull_trend,256.75,338.850000,0.757710,small_range
2024-10-03,NQ,19958.25,19850.705172,19609.128957,bull_trend,261.75,335.775000,0.779540,small_range
2024-10-04,NQ,20202.25,19884.185632,19632.388605,bull_trend,322.25,320.262500,1.006206,normal_range
2024-10-07,NQ,20017.00,19896.834619,19647.471405,bull_trend,319.25,318.375000,1.002748,normal_range
2024-10-08,NQ,20286.25,19933.921798,19672.521546,bull_trend,427.00,324.912500,1.314200,large_range
2024-10-09,NQ,20449.25,19983.000675,19702.981485,bull_trend,286.75,301.925000,0.949739,normal_range
2024-10-10,NQ,20433.00,20025.857753,19731.609663,bull_trend,206.75,297.337500,0.695338,small_range
2024-10-11,NQ,20413.25,20062.752253,19758.340656,bull_trend,179.50,297.362500,0.603640,small_range
2024-10-14,NQ,20638.50,20117.585372,19792.856709,bull_trend,296.75,298.175000,0.995221,normal_range
2024-10-15,NQ,20333.25,20138.124860,19814.048603,bull_trend,405.25,304.650000,1.330215,large_range
2024-10-16,NQ,20328.00,20156.208207,19834.203559,bull_trend,192.25,297.162500,0.646952,small_range
2024-10-17,NQ,20383.50,20177.855044,19855.744596,bull_trend,318.00,284.550000,1.117554,normal_range
2024-10-18,NQ,20484.25,20207.035516,19880.391867,bull_trend,209.00,283.800000,0.736434,small_range
2024-10-21,NQ,20538.75,20238.627372,19906.209833,bull_trend,210.75,283.900000,0.742339,small_range
2024-10-22,NQ,20519.00,20265.329527,19930.240820,bull_trend,242.00,282.912500,0.855388,normal_range
2024-10-23,NQ,20274.50,20266.202905,19943.741180,bull_trend,463.50,295.750000,1.567202,large_range
2024-10-24,NQ,20391.00,20278.088343,19961.280742,bull_trend,166.75,286.587500,0.581847,small_range
2024-10-25,NQ,20476.00,20296.937072,19981.465810,bull_trend,343.25,292.612500,1.173053,normal_range
2024-10-28,NQ,20507.25,20316.966875,20002.084798,bull_trend,190.50,291.087500,0.654442,small_range
2024-10-29,NQ,20708.25,20354.231934,20029.777551,bull_trend,328.00,281.800000,1.163946,normal_range
2024-10-30,NQ,20507.00,20368.781274,20048.492157,bull_trend,316.00,284.762500,1.109697,normal_range
2024-10-31,NQ,20043.00,20337.754486,20048.276778,range,487.25,296.600000,1.642785,large_range
2024-11-01,NQ,20170.25,20321.801678,20053.060042,range,271.00,294.037500,0.921651,normal_range
2024-11-04,NQ,20114.50,20302.058661,20055.469452,range,235.50,289.850000,0.812489,normal_range
2024-11-05,NQ,20362.75,20307.838788,20067.519670,bull_trend,343.75,285.687500,1.203238,large_range
2024-11-06,NQ,20922.50,20366.377951,20101.048310,bull_trend,611.75,301.937500,2.026082,large_range
2024-11-07,NQ,21225.25,20448.175289,20145.134651,bull_trend,391.50,311.175000,1.258134,large_range
2024-11-08,NQ,21226.75,20522.325262,20187.550939,bull_trend,143.25,309.362500,0.463049,small_range
2024-11-11,NQ,21210.25,20587.841904,20227.656785,bull_trend,242.50,306.650000,0.790804,small_range
2024-11-12,NQ,21178.00,20644.047437,20264.925146,bull_trend,197.00,296.237500,0.665007,small_range
2024-11-13,NQ,21166.00,20693.757204,20300.261415,bull_trend,212.00,297.225000,0.713264,small_range
2024-11-14,NQ,20981.75,20721.185090,20326.986457,bull_trend,239.75,293.312500,0.817388,normal_range
2024-11-15,NQ,20503.25,20700.429367,20333.898753,range,576.25,311.687500,1.848807,large_range
2024-11-18,NQ,20630.50,20693.769427,20345.530175,range,248.25,313.562500,0.791708,small_range
2024-11-19,NQ,20754.50,20699.553291,20361.568207,bull_trend,410.00,321.962500,1.273440,large_range
2024-11-20,NQ,20738.75,20703.286311,20376.359650,bull_trend,366.25,317.100000,1.154998,normal_range
2024-11-21,NQ,20793.75,20711.901901,20392.727899,bull_trend,391.50,328.337500,1.192371,normal_range
2024-11-22,NQ,20878.75,20727.792196,20411.787589,bull_trend,186.75,320.512500,0.582661,small_range
2024-11-25,NQ,20899.50,20744.145320,20430.913566,bull_trend,300.75,325.525000,0.923892,normal_range
2024-11-26,NQ,20998.75,20768.393385,20453.181661,bull_trend,269.75,322.612500,0.836142,normal_range
2024-11-27,NQ,20806.50,20772.022586,20467.037283,bull_trend,344.00,324.012500,1.061687,normal_range
2024-11-28,NQ,20890.00,20783.258530,20483.624056,bull_trend,102.25,304.237500,0.336086,small_range
2024-11-29,NQ,20991.25,20803.067242,20503.530956,bull_trend,212.00,301.287500,0.703647,small_range
2024-12-02,NQ,21211.00,20841.917981,20531.274840,bull_trend,319.75,305.500000,1.046645,normal_range
2024-12-03,NQ,21324.25,20887.854363,20562.371905,bull_trend,194.75,298.050000,0.653414,small_range
2024-12-04,NQ,21517.00,20947.772995,20599.808301,bull_trend,242.75,279.600000,0.868205,normal_range
2024-12-05,NQ,21453.25,20995.913663,20633.276603,bull_trend,129.75,266.512500,0.486844,small_range
2024-12-06,NQ,21634.00,21056.683790,20672.520657,bull_trend,244.50,271.575000,0.900304,normal_range
2024-12-09,NQ,21473.25,21096.356762,20703.921808,bull_trend,270.25,272.962500,0.990063,normal_range
2024-12-10,NQ,21434.75,21128.584690,20732.581737,bull_trend,254.00,275.812500,0.920915,normal_range
2024-12-11,NQ,21755.75,21188.314719,20772.705983,bull_trend,414.25,285.925000,1.448807,large_range
2024-12-12,NQ,21630.25,21230.403794,20806.335160,bull_trend,168.25,282.350000,0.595892,small_range
2024-12-13,NQ,21760.50,21280.889147,20843.753389,bull_trend,241.50,267.412500,0.903099,normal_range
2024-12-16,NQ,22407.75,21388.209228,20905.086589,bull_trend,399.50,289.475000,1.380085,large_range
2024-12-17,NQ,22304.75,21475.498825,20959.975351,bull_trend,181.50,278.050000,0.652760,small_range
2024-12-18,NQ,21459.50,21473.975128,20979.564553,range,1076.75,313.575000,3.433788,large_range
2024-12-19,NQ,21408.25,21467.715592,20996.375747,range,352.00,311.600000,1.129653,normal_range
2024-12-20,NQ,21552.50,21475.790297,21018.184541,bull_trend,805.75,342.550000,2.352211,large_range
2024-12-23,NQ,21737.25,21500.691221,21046.383186,bull_trend,300.00,342.512500,0.875880,normal_range
2024-12-24,NQ,22046.50,21552.673010,21085.603453,bull_trend,340.75,346.062500,0.984649,normal_range
2024-12-26,NQ,21984.25,21593.775580,21120.844494,bull_trend,241.00,340.912500,0.706926,small_range
2024-12-27,NQ,21719.75,21605.773144,21144.330985,bull_trend,509.25,361.225000,1.409786,large_range
2024-12-30,NQ,21388.25,21585.056654,21153.896436,range,489.75,375.112500,1.305608,large_range
2024-12-31,NQ,21234.25,21551.646497,21157.047557,range,342.75,376.262500,0.910933,normal_range
2025-01-02,NQ,21182.50,21516.489687,21158.045692,range,506.75,391.862500,1.293183,large_range
2025-01-03,NQ,21493.00,21514.252574,21171.181155,range,415.25,400.487500,1.036861,normal_range
2025-01-06,NQ,21780.50,21539.609472,21195.076011,bull_trend,418.50,414.925000,1.008616,normal_range
2025-01-07,NQ,21375.50,21523.979998,21202.151462,range,526.50,429.025000,1.227201,large_range
2025-01-08,NQ,21325.50,21505.077141,21206.988660,range,282.00,429.612500,0.656405,small_range
2025-01-09,NQ,21301.50,21485.688842,21210.694987,range,129.25,423.375000,0.305285,small_range
2025-01-10,NQ,20997.75,21439.218476,21202.344203,range,497.75,427.550000,1.164191,normal_range
2025-01-13,NQ,20992.25,21396.650050,21194.105214,range,343.00,436.287500,0.786179,small_range
2025-01-14,NQ,20977.50,21356.730998,21185.610892,range,370.25,440.912500,0.839736,normal_range
2025-01-15,NQ,21376.75,21358.637569,21193.106544,bull_trend,543.75,433.625000,1.253964,large_range
2025-01-16,NQ,21214.25,21344.886372,21193.935699,range,395.00,444.300000,0.889039,normal_range
2025-01-17,NQ,21589.00,21368.135289,21209.428416,bull_trend,473.25,414.125000,1.142771,normal_range
2025-01-20,NQ,21683.00,21398.122404,21227.999851,bull_trend,252.25,409.137500,0.616541,small_range
2025-01-21,NQ,21772.50,21433.777414,21249.352798,bull_trend,405.75,389.137500,1.042691,normal_range
2025-01-22,NQ,21985.00,21486.274803,21278.201708,bull_trend,325.25,390.400000,0.833120,normal_range
2025-01-23,NQ,22021.75,21537.272441,21307.360465,bull_trend,195.00,383.112500,0.508989,small_range
2025-01-24,NQ,21907.75,21572.556018,21330.905152,bull_trend,234.25,382.775000,0.611978,small_range
2025-01-27,NQ,21304.50,21547.026873,21329.869656,range,1007.25,414.512500,2.429963,large_range
2025-01-28,NQ,21558.50,21548.119552,21338.835552,bull_trend,466.50,413.350000,1.128584,normal_range
2025-01-29,NQ,21572.25,21550.417690,21347.989060,bull_trend,330.00,412.712500,0.799588,small_range
2025-01-30,NQ,21608.75,21555.973148,21358.214979,bull_trend,329.25,403.837500,0.815303,normal_range
2025-01-31,NQ,21571.00,21557.404277,21366.559490,bull_trend,432.25,404.687500,1.068108,normal_range
2025-02-03,NQ,21553.25,21557.008631,21373.880686,range,636.75,415.600000,1.532122,large_range
2025-02-04,NQ,21583.50,21559.531619,21382.101051,bull_trend,451.50,411.850000,1.096273,normal_range
2025-02-05,NQ,21770.50,21579.623846,21397.332383,bull_trend,365.25,416.012500,0.877978,normal_range
2025-02-06,NQ,21845.25,21604.921575,21414.897779,bull_trend,176.50,418.375000,0.421870,small_range
2025-02-07,NQ,21575.25,21602.095710,21421.186102,range,415.25,414.250000,1.002414,normal_range
2025-02-10,NQ,21837.00,21624.467547,21437.492529,bull_trend,476.00,420.900000,1.130910,normal_range
2025-02-11,NQ,21792.50,21640.470638,21451.414391,bull_trend,202.00,412.487500,0.489712,small_range
2025-02-12,NQ,21861.75,21661.544863,21467.505983,bull_trend,351.75,402.887500,0.873073,normal_range
2025-02-13,NQ,22075.00,21700.921543,21491.329278,bull_trend,371.00,401.687500,0.923604,normal_range
2025-02-14,NQ,22203.50,21748.786158,21519.257542,bull_trend,182.50,387.150000,0.471394,small_range
2025-02-17,NQ,22235.25,21795.116048,21547.335677,bull_trend,89.25,379.000000,0.235488,small_range
2025-02-18,NQ,22224.25,21835.985948,21573.881337,bull_trend,217.00,369.562500,0.587181,small_range
2025-02-19,NQ,22222.25,21872.773000,21599.307559,bull_trend,181.75,362.387500,0.501535,small_range
2025-02-20,NQ,22135.75,21897.818429,21620.344518,bull_trend,284.50,366.862500,0.775495,small_range
2025-02-21,NQ,21660.00,21875.169055,21621.899634,range,592.75,384.787500,1.540461,large_range
2025-02-24,NQ,21427.25,21832.510097,21614.266315,range,405.50,347.862500,1.165690,normal_range
2025-02-25,NQ,21196.00,21771.890088,21597.863715,range,463.75,347.725000,1.333669,large_range
2025-02-26,NQ,21272.75,21724.352937,21585.114157,range,354.25,348.937500,1.015225,normal_range
2025-02-27,NQ,20633.25,21620.438371,21547.786151,range,803.25,372.637500,2.155580,large_range
2025-02-28,NQ,20909.00,21552.682336,21522.735714,range,483.75,375.212500,1.289269,large_range
2025-03-03,NQ,20530.75,21455.355447,21483.834313,bear_trend,804.25,383.587500,2.096653,large_range
2025-03-04,NQ,20537.00,21367.893023,21446.703556,bear_trend,657.25,393.875000,1.668677,large_range
2025-03-05,NQ,20611.75,21295.879402,21413.960279,bear_trend,510.00,401.112500,1.271464,large_range
2025-03-06,NQ,20173.50,21188.986126,21365.314778,bear_trend,644.50,424.512500,1.518212,large_range
2025-03-07,NQ,20207.25,21095.487447,21319.900473,bear_trend,520.75,429.787500,1.211645,large_range
2025-03-10,NQ,19472.00,20940.869595,21247.433788,bear_trend,884.25,452.737500,1.953119,large_range
2025-03-11,NQ,19401.25,20794.239157,21175.034424,bear_trend,547.50,470.012500,1.164863,normal_range
2025-03-12,NQ,19572.75,20677.906857,21112.199740,bear_trend,401.75,472.512500,0.850242,normal_range
2025-03-13,NQ,19293.00,20546.010965,21040.858574,bear_trend,524.00,480.162500,1.091297,normal_range
2025-03-14,NQ,19871.00,20481.724207,20994.981767,bear_trend,652.75,503.862500,1.295492,large_range
2025-03-17,NQ,20037.25,20439.393330,20957.423659,bear_trend,410.75,519.937500,0.789999,small_range
2025-03-18,NQ,19704.00,20369.355870,20908.269790,bear_trend,462.25,532.200000,0.868564,normal_range
2025-03-19,NQ,19945.00,20328.941025,20870.494504,bear_trend,483.00,547.262500,0.882575,normal_range
2025-03-20,NQ,19894.25,20287.541880,20832.210406,bear_trend,369.75,551.525000,0.670414,small_range
2025-03-21,NQ,19970.75,20257.371225,20798.427645,bear_trend,375.25,540.650000,0.694072,small_range
2025-03-24,NQ,20357.25,20266.883489,20781.126561,range,359.00,542.312500,0.661980,small_range
2025-03-25,NQ,20517.25,20290.727919,20770.778460,range,231.75,530.712500,0.436677,small_range
2025-03-26,NQ,20090.50,20271.658593,20744.100874,bear_trend,491.75,537.587500,0.914735,normal_range
2025-03-27,NQ,19997.25,20245.524441,20714.812604,bear_trend,262.25,510.537500,0.513674,small_range
2025-03-28,NQ,19361.00,20161.284018,20661.721914,bear_trend,654.25,519.062500,1.260446,large_range
2025-03-31,NQ,19413.00,20090.018874,20612.752427,bear_trend,513.00,504.500000,1.016848,normal_range
2025-04-01,NQ,19598.00,20043.159933,20572.958214,bear_trend,382.75,490.775000,0.779889,small_range
2025-04-02,NQ,19152.25,19958.311368,20517.244166,bear_trend,967.50,513.650000,1.883578,large_range
2025-04-03,NQ,18648.50,19833.567428,20443.960081,bear_trend,563.00,509.575000,1.104842,normal_range
2025-04-04,NQ,17483.25,19609.727673,20327.853804,bear_trend,1325.50,549.812500,2.410822,large_range
2025-04-07,NQ,17628.75,19421.063133,20222.006596,bear_trend,1901.50,598.137500,3.179035,large_range
2025-04-08,NQ,17232.00,19212.580930,20104.751435,bear_trend,1383.75,639.950000,2.162278,large_range
2025-04-09,NQ,19353.50,19226.001794,20075.290595,range,2651.75,752.450000,3.524154,large_range
2025-04-10,NQ,18501.50,19157.001623,20013.573316,bear_trend,1464.50,799.475000,1.831827,large_range
2025-04-11,NQ,18820.50,19124.953849,19966.786127,bear_trend,806.50,806.975000,0.999411,normal_range
2025-04-14,NQ,18902.50,19103.767768,19925.049417,bear_trend,518.50,812.362500,0.638262,small_range
2025-04-15,NQ,18938.00,19087.980362,19886.341596,bear_trend,335.75,806.037500,0.416544,small_range
2025-04-16,NQ,18369.25,19019.529851,19826.847808,bear_trend,745.00,822.975000,0.905252,normal_range
2025-04-17,NQ,18427.75,18963.169865,19771.981227,bear_trend,391.25,824.050000,0.474789,small_range
2025-04-21,NQ,17914.00,18863.248926,19699.119219,bear_trend,683.50,841.675000,0.812071,normal_range
2025-04-22,NQ,18359.00,18815.225219,19646.565524,bear_trend,650.25,852.250000,0.762980,small_range
2025-04-23,NQ,18850.00,18818.537103,19615.327660,range,541.75,880.987500,0.614935,small_range
2025-04-24,NQ,19347.50,18868.914521,19604.824615,range,823.25,897.562500,0.917206,normal_range
2025-04-25,NQ,19554.75,18934.232186,19602.860904,range,372.75,903.087500,0.412751,small_range
2025-04-28,NQ,19483.75,18986.567216,19598.189888,range,365.75,888.662500,0.411574,small_range
2025-04-29,NQ,19614.25,19046.346529,19598.819697,range,310.50,878.537500,0.353428,small_range
2025-04-30,NQ,19848.50,19122.742097,19608.611081,range,776.25,898.212500,0.864216,normal_range
2025-05-01,NQ,19799.00,19187.147612,19616.077313,range,368.50,868.262500,0.424411,small_range
2025-05-02,NQ,20204.50,19284.038316,19639.152713,range,527.25,866.475000,0.608500,small_range
2025-05-05,NQ,20042.25,19356.248952,19654.960449,range,235.75,812.125000,0.290288,small_range
2025-05-06,NQ,19846.75,19402.963338,19662.481608,range,297.75,732.212500,0.406644,small_range
2025-05-07,NQ,19957.50,19455.776353,19674.050957,range,455.00,685.775000,0.663483,small_range
2025-05-08,NQ,20156.25,19522.488129,19692.960723,range,426.50,574.512500,0.742369,small_range
2025-05-09,NQ,20146.50,19581.917831,19710.746577,range,230.75,512.825000,0.449959,small_range
2025-05-12,NQ,20957.00,19712.878038,19759.619261,range,619.25,514.975000,1.202486,large_range
2025-05-13,NQ,21254.75,19859.722986,19818.251839,bull_trend,528.50,515.475000,1.025268,normal_range
2025-05-14,NQ,21399.75,20006.392226,19880.271374,bull_trend,181.25,507.750000,0.356967,small_range
2025-05-15,NQ,21396.50,20138.783442,19939.731320,bull_trend,337.75,483.550000,0.698480,small_range
2025-05-16,NQ,21400.25,20258.923115,19997.006563,bull_trend,191.75,473.575000,0.404899,small_range
2025-05-19,NQ,21517.00,20378.739961,20056.614149,bull_trend,432.00,458.787500,0.941612,normal_range
2025-05-20,NQ,21420.00,20477.907584,20110.080260,bull_trend,264.25,439.487500,0.601269,small_range
2025-05-21,NQ,21145.50,20541.487814,20150.684956,bull_trend,485.75,423.450000,1.147125,normal_range
2025-05-22,NQ,21214.50,20605.584212,20192.403193,bull_trend,297.50,397.162500,0.749064,small_range
2025-05-23,NQ,20953.25,20638.695240,20222.240323,bull_trend,509.00,403.975000,1.259979,large_range
2025-05-26,NQ,21283.50,20700.105217,20263.858349,bull_trend,353.50,403.412500,0.876274,normal_range
2025-05-27,NQ,21477.00,20774.095196,20311.432532,bull_trend,347.00,405.237500,0.856288,normal_range
2025-05-28,NQ,21525.00,20845.609939,20359.023413,bull_trend,246.25,378.737500,0.650186,small_range
2025-05-29,NQ,21385.00,20896.980421,20399.257789,bull_trend,557.75,388.200000,1.436759,large_range
2025-05-30,NQ,21369.00,20941.934667,20437.286895,bull_trend,362.00,379.937500,0.952788,normal_range
2025-06-02,NQ,21554.50,21000.274223,20481.099174,bull_trend,413.25,388.675000,1.063228,normal_range
2025-06-03,NQ,21688.00,21065.771916,20528.428618,bull_trend,360.50,391.537500,0.920729,normal_range
2025-06-04,NQ,21748.00,21130.746019,20576.254947,bull_trend,162.00,376.887500,0.429836,small_range
2025-06-05,NQ,21515.00,21167.341636,20613.068478,bull_trend,431.50,377.137500,1.144145,normal_range
2025-06-06,NQ,21809.50,21228.499576,20659.987361,bull_trend,402.50,385.725000,1.043490,normal_range
2025-06-09,NQ,21822.25,21285.047235,20705.566288,bull_trend,174.75,351.987500,0.496466,small_range
2025-06-10,NQ,21951.00,21348.471308,20754.406826,bull_trend,260.25,338.575000,0.768663,small_range
2025-06-11,NQ,21883.25,21399.402612,20798.675186,bull_trend,315.25,345.275000,0.913040,normal_range
2025-06-12,NQ,21909.00,21447.935696,20842.217335,bull_trend,264.00,341.587500,0.772862,small_range
2025-06-13,NQ,21866.50,21487.798963,20882.385283,bull_trend,603.75,362.187500,1.666954,large_range
2025-06-16,NQ,22162.75,21552.080015,20932.595664,bull_trend,496.00,365.387500,1.357463,large_range
2025-06-17,NQ,21952.00,21590.167632,20972.572305,bull_trend,267.75,365.562500,0.732433,small_range
2025-06-18,NQ,21961.75,21625.556429,21011.363587,bull_trend,235.50,353.050000,0.667044,small_range
2025-06-19,NQ,21703.00,21632.932007,21038.486583,bull_trend,320.50,354.200000,0.904856,normal_range
2025-06-20,NQ,21874.00,21655.890864,21071.251815,bull_trend,384.75,350.125000,1.098893,normal_range
2025-06-23,NQ,22072.25,21695.544115,21110.506646,bull_trend,526.25,358.712500,1.467052,large_range
2025-06-24,NQ,22407.75,21763.373247,21161.378935,bull_trend,382.50,360.487500,1.061063,normal_range
2025-06-25,NQ,22472.50,21830.909128,21212.795447,bull_trend,163.75,356.362500,0.459504,small_range
2025-06-26,NQ,22672.50,21911.060640,21270.038763,bull_trend,256.25,341.287500,0.750833,small_range
2025-06-27,NQ,22740.25,21990.031055,21327.694105,bull_trend,225.50,334.462500,0.674216,small_range
2025-06-30,NQ,22866.75,22073.528097,21388.049239,bull_trend,183.25,323.525000,0.566417,small_range
2025-07-01,NQ,22691.75,22132.406374,21439.174759,bull_trend,320.25,321.512500,0.996073,normal_range
2025-07-02,NQ,22852.75,22201.010529,21494.609082,bull_trend,276.75,327.250000,0.845684,normal_range
2025-07-03,NQ,23059.00,22282.723812,21555.957745,bull_trend,275.50,319.450000,0.862420,normal_range
2025-07-04,NQ,22906.75,22342.154877,21608.929991,bull_trend,180.50,308.350000,0.585374,small_range
2025-07-07,NQ,22839.00,22389.473460,21657.168030,bull_trend,248.75,312.050000,0.797148,small_range
2025-07-08,NQ,22903.25,22438.404559,21706.033990,bull_trend,164.25,307.250000,0.534581,small_range
2025-07-09,NQ,23043.50,22496.032697,21758.483637,bull_trend,268.50,304.912500,0.880580,normal_range
2025-07-10,NQ,23010.00,22544.981964,21807.562710,bull_trend,188.75,301.150000,0.626764,small_range
2025-07-11,NQ,22938.00,22582.412253,21851.893584,bull_trend,217.25,281.825000,0.770868,small_range
2025-07-14,NQ,23036.25,22625.634895,21898.338934,bull_trend,263.50,270.200000,0.975204,normal_range
2025-07-15,NQ,23017.75,22662.979191,21942.237407,bull_trend,226.75,268.150000,0.845609,normal_range
2025-07-16,NQ,23063.25,22701.100220,21986.198685,bull_trend,264.50,269.600000,0.981083,normal_range
2025-07-17,NQ,23265.50,22754.852580,22036.367364,bull_trend,262.75,266.712500,0.985143,normal_range
2025-07-18,NQ,23228.50,22799.961858,22083.117664,bull_trend,151.25,252.900000,0.598062,small_range
2025-07-21,NQ,23347.00,22852.060729,22132.681677,bull_trend,221.00,237.637500,0.929988,normal_range
2025-07-22,NQ,23199.00,22885.102564,22174.498082,bull_trend,259.00,231.462500,1.118972,normal_range
2025-07-23,NQ,23411.25,22935.211844,22222.998157,bull_trend,271.25,236.837500,1.145300,normal_range
2025-07-24,NQ,23395.00,22979.001192,22268.959014,bull_trend,126.25,230.337500,0.548109,small_range
2025-07-25,NQ,23447.75,23023.643936,22315.186111,bull_trend,145.25,226.325000,0.641776,small_range
2025-07-28,NQ,23509.25,23069.892132,22362.012146,bull_trend,148.50,224.025000,0.662872,small_range
2025-07-29,NQ,23452.00,23106.283358,22404.756768,bull_trend,231.25,219.575000,1.053171,normal_range
2025-07-30,NQ,23661.75,23159.184943,22454.050620,bull_trend,332.50,222.362500,1.495306,large_range
2025-07-31,NQ,23329.50,23175.405424,22488.381968,bull_trend,554.50,236.312500,2.346469,large_range
2025-08-01,NQ,22870.00,23146.319194,22503.347381,range,572.50,255.912500,2.237093,large_range
2025-08-04,NQ,23350.75,23165.788794,22536.578856,bull_trend,530.75,270.012500,1.965650,large_range
2025-08-05,NQ,23092.00,23158.761290,22558.360078,range,319.75,277.787500,1.151060,normal_range
2025-08-06,NQ,23413.25,23182.998310,22591.885173,bull_trend,399.75,284.350000,1.405838,large_range
2025-08-07,NQ,23521.75,23215.260376,22628.350460,bull_trend,342.00,292.012500,1.171183,normal_range
2025-08-08,NQ,23765.50,23267.664149,22672.944560,bull_trend,264.75,294.387500,0.899325,normal_range
2025-08-11,NQ,23629.50,23302.124707,22710.456538,bull_trend,217.00,292.062500,0.742992,small_range
2025-08-12,NQ,23949.50,23363.779496,22759.046477,bull_trend,357.50,298.600000,1.197254,normal_range
2025-08-13,NQ,23927.75,23417.490973,22804.877988,bull_trend,182.50,294.500000,0.619694,small_range
2025-08-14,NQ,23891.50,23462.634690,22847.490616,bull_trend,214.50,292.087500,0.734369,small_range
2025-08-15,NQ,23796.75,23494.455196,22884.716474,bull_trend,228.50,295.950000,0.772090,small_range
2025-08-18,NQ,23788.00,23522.411844,22920.139358,bull_trend,162.75,293.037500,0.555390,small_range
2025-08-19,NQ,23473.50,23517.753573,22941.839775,range,412.00,300.687500,1.370193,large_range
2025-08-20,NQ,23319.00,23498.824661,22956.630372,range,450.50,309.650000,1.454868,large_range
2025-08-21,NQ,23221.75,23472.436598,22967.027220,range,250.25,315.850000,0.792306,small_range
2025-08-22,NQ,23582.75,23482.942636,22991.173212,bull_trend,573.25,337.250000,1.699778,large_range
2025-08-25,NQ,23502.25,23484.781433,23011.215439,bull_trend,173.00,338.475000,0.511116,small_range
2025-08-26,NQ,23607.50,23496.468916,23034.599147,bull_trend,239.50,338.887500,0.706724,small_range
2025-08-27,NQ,23542.00,23500.805209,23054.497219,bull_trend,254.25,334.975000,0.759012,small_range
2025-08-28,NQ,23762.00,23525.680904,23082.242427,bull_trend,316.25,323.062500,0.978913,normal_range
2025-08-29,NQ,23454.50,23518.901770,23096.840763,range,364.50,312.662500,1.165794,normal_range
2025-09-01,NQ,23502.25,23517.315887,23112.739164,range,182.00,295.225000,0.616479,small_range
2025-09-02,NQ,23379.50,23504.190565,23123.200373,range,484.25,303.450000,1.595815,large_range
2025-09-03,NQ,23455.75,23499.577177,23136.241535,range,227.00,294.812500,0.769981,small_range
2025-09-04,NQ,23684.00,23517.141256,23157.722259,bull_trend,298.75,292.650000,1.020844,normal_range
2025-09-05,NQ,23673.25,23532.008755,23177.939034,bull_trend,397.00,299.262500,1.326595,large_range
2025-09-08,NQ,23798.50,23557.388874,23202.274758,bull_trend,237.75,300.300000,0.791708,small_range
2025-09-09,NQ,23889.75,23589.042314,23229.234571,bull_trend,195.25,292.187500,0.668235,small_range
2025-09-10,NQ,23858.00,23614.657332,23253.892039,bull_trend,259.25,296.025000,0.875771,normal_range
2025-09-11,NQ,24006.75,23651.999491,23283.415881,bull_trend,208.00,295.700000,0.703416,small_range
2025-09-12,NQ,24115.25,23696.118587,23316.036826,bull_trend,190.00,293.775000,0.646753,small_range
2025-09-15,NQ,24538.00,23776.297769,23363.956951,bull_trend,239.00,307.712500,0.776699,small_range
2025-09-16,NQ,24530.25,23848.102744,23409.693933,bull_trend,148.00,294.512500,0.502525,small_range
2025-09-17,NQ,24502.00,23910.378673,23452.529465,bull_trend,311.00,287.537500,1.081598,normal_range
2025-09-18,NQ,24713.75,23986.890228,23501.989094,bull_trend,320.75,291.062500,1.101997,normal_range
2025-09-19,NQ,24861.00,24070.138777,23555.283639,bull_trend,233.00,274.050000,0.850210,normal_range
2025-09-22,NQ,24996.25,24158.339846,23611.792124,bull_trend,278.50,279.325000,0.997046,normal_range
2025-09-23,NQ,24833.75,24222.664623,23659.712041,bull_trend,245.50,279.625000,0.877962,normal_range
2025-09-24,NQ,24747.50,24272.648944,23702.370392,bull_trend,286.50,281.237500,1.018712,normal_range
2025-09-25,NQ,24635.50,24307.206188,23738.963710,bull_trend,371.00,283.975000,1.306453,large_range
2025-09-26,NQ,24726.50,24347.138932,23777.690623,bull_trend,227.50,277.125000,0.820929,normal_range
2025-09-29,NQ,24811.25,24391.339986,23818.222364,bull_trend,253.75,280.712500,0.903950,normal_range
2025-09-30,NQ,24838.25,24433.902844,23858.223447,bull_trend,191.50,266.075000,0.719722,small_range
2025-10-01,NQ,25009.25,24488.697812,23903.361744,bull_trend,403.50,274.900000,1.467806,large_range
2025-10-02,NQ,25105.00,24547.393258,23950.484813,bull_trend,186.25,269.275000,0.691672,small_range
2025-10-03,NQ,24982.00,24588.784376,23990.936388,bull_trend,273.25,263.087500,1.038628,normal_range
2025-10-06,NQ,25184.00,24645.471579,24037.723197,bull_trend,257.75,264.737500,0.973606,normal_range
2025-10-07,NQ,25054.75,24684.450476,24077.606601,bull_trend,290.25,269.487500,1.077044,normal_range
2025-10-08,NQ,25354.00,24748.217097,24127.661244,bull_trend,338.50,273.450000,1.237886,large_range
2025-10-09,NQ,25287.25,24799.553564,24173.135313,bull_trend,233.25,274.712500,0.849069,normal_range
2025-10-10,NQ,24188.00,24741.310368,24173.718242,range,1229.50,326.687500,3.763535,large_range
2025-10-13,NQ,24904.50,24756.852237,24202.376350,bull_trend,423.00,343.462500,1.231575,large_range
2025-10-14,NQ,24756.25,24756.794881,24224.096885,range,623.25,367.225000,1.697188,large_range
2025-10-15,NQ,24941.25,24774.362036,24252.220537,bull_trend,451.75,374.262500,1.207041,large_range
2025-10-16,NQ,24794.25,24776.256127,24273.476594,bull_trend,536.00,385.025000,1.392117,large_range
2025-10-17,NQ,25033.50,24800.755544,24303.281434,bull_trend,645.75,405.662500,1.591841,large_range
2025-10-20,NQ,25326.75,24850.850254,24343.417456,bull_trend,398.75,411.675000,0.968604,normal_range
2025-10-21,NQ,25265.25,24890.316896,24379.567752,bull_trend,164.75,407.637500,0.404158,small_range
2025-10-22,NQ,25040.00,24904.572430,24405.467055,bull_trend,533.50,419.987500,1.270276,large_range
2025-10-23,NQ,25278.00,24940.136961,24439.684034,bull_trend,359.00,419.387500,0.856010,normal_range
2025-10-24,NQ,25510.25,24994.433441,24481.667013,bull_trend,294.75,422.750000,0.697221,small_range
2025-10-27,NQ,26003.75,25090.558827,24541.356542,bull_trend,313.50,435.225000,0.720317,small_range
2025-10-28,NQ,26172.50,25193.600844,24605.322952,bull_trend,288.50,440.075000,0.655570,small_range
2025-10-29,NQ,26221.00,25291.448382,24668.682836,bull_trend,330.50,436.425000,0.757289,small_range
2025-10-30,NQ,26149.25,25373.143774,24726.744293,bull_trend,546.00,454.412500,1.201551,large_range
2025-10-31,NQ,25983.00,25431.225320,24776.009223,bull_trend,385.25,460.012500,0.837477,normal_range
2025-11-03,NQ,26109.50,25495.822908,24828.302979,bull_trend,253.25,460.625000,0.549796,small_range
2025-11-04,NQ,25577.00,25503.554060,24857.663647,bull_trend,581.75,475.450000,1.223578,large_range
2025-11-05,NQ,25525.50,25505.644149,24883.853308,bull_trend,63.00,461.812500,0.136419,small_range
